"event_id","company_group_id","department","department_record_id","pan","gstin","event_type","event_date","event_status","remarks"
"EVT-00001","CG-0002","Shops and Establishments","SHOPS-0002-1","ACHNT1002F","29ACHNT1002F1Z2","closure_application","2026-04-27","submitted","Synthetic closure application event for prototype lookup."
"EVT-00002","CG-0003","Shops and Establishments","SHOPS-0003-1","ADIOU1003G","29ADIOU1003G1Z3","license_cancelled","2026-04-24","completed","Synthetic license cancelled event for prototype lookup."
"EVT-00003","CG-0004","Shops and Establishments","SHOPS-0004-1","AEJPV1004H","29AEJPV1004H1Z4","renewal","2026-04-21","completed","Synthetic renewal event for prototype lookup."
"EVT-00004","CG-0005","Shops and Establishments","SHOPS-0005-1","AFKQW1005I","29AFKQW1005I1Z5","compliance_filing","2026-04-18","completed","Synthetic compliance filing event for prototype lookup."
"EVT-00005","CG-0006","Shops and Establishments","SHOPS-0006-1","AGLRX1006J","29AGLRX1006J1Z6","inspection","2026-04-15","completed","Synthetic inspection event for prototype lookup."
"EVT-00006","CG-0007","Shops and Establishments","SHOPS-0007-1","AHMSY1007K","29AHMSY1007K1Z7","electricity_usage","2026-04-12","completed","Synthetic electricity usage event for prototype lookup."
"EVT-00007","CG-0008","Shops and Establishments","SHOPS-0008-1","AINTZ1008L","29AINTZ1008L1Z8","water_usage","2026-04-09","completed","Synthetic water usage event for prototype lookup."
"EVT-00008","CG-0009","Shops and Establishments","SHOPS-0009-1","AJOUA1009M","29AJOUA1009M1Z9","license_cancelled","2026-04-06","completed","Synthetic license cancelled event for prototype lookup."
"EVT-00009","CG-0010","Labour","LABOUR-0010-3","AKPVB1010N","29AKPVB1010N1Z0","license_update","2026-04-03","completed","Synthetic license update event for prototype lookup."
"EVT-00010","CG-0012","Shops and Establishments","SHOPS-0012-1","AMRXD1012P","29AMRXD1012P1Z2","closure_application","2026-03-31","submitted","Synthetic closure application event for prototype lookup."
"EVT-00011","CG-0013","Labour","LABOUR-0013-3","ANSYE1013Q","29ANSYE1013Q1Z3","license_cancelled","2026-03-28","completed","Synthetic license cancelled event for prototype lookup."
"EVT-00012","CG-0015","Factories","FACTORIES-0015-2","APUAG1015S","29APUAG1015S1Z5","electricity_usage","2026-03-25","completed","Synthetic electricity usage event for prototype lookup."
"EVT-00013","CG-0016","Labour","LABOUR-0016-3","AQVBH1016T","","compliance_filing","2026-03-22","completed","Synthetic compliance filing event for prototype lookup."
"EVT-00014","CG-0018","Factories","FACTORIES-0018-2","ASXDJ1018V","29ASXDJ1018V1Z8","pollution_consent","2026-03-19","completed","Synthetic pollution consent event for prototype lookup."
"EVT-00015","CG-0020","Shops and Establishments","SHOPS-0020-1","AUZFL1020X","29AUZFL1020X1Z0","electricity_usage","2026-03-16","completed","Synthetic electricity usage event for prototype lookup."
"EVT-00016","CG-0021","Factories","FACTORIES-0021-2","AVAGM1021Y","29AVAGM1021Y1Z1","closure_application","2026-03-13","submitted","Synthetic closure application event for prototype lookup."
"EVT-00017","CG-0023","Shops and Establishments","SHOPS-0023-1","AXCIO1023A","29AXCIO1023A1Z3","pollution_consent","2026-03-10","completed","Synthetic pollution consent event for prototype lookup."
"EVT-00018","CG-0024","Labour","LABOUR-0024-3","AYDJP1024B","","license_update","2026-03-07","completed","Synthetic license update event for prototype lookup."
"EVT-00019","CG-0026","Shops and Establishments","SHOPS-0026-1","BAFLR1026D","29BAFLR1026D1Z6","closure_application","2026-03-04","submitted","Synthetic closure application event for prototype lookup."
"EVT-00020","CG-0027","Labour","LABOUR-0027-3","BBGMS1027E","29BBGMS1027E1Z7","license_cancelled","2026-03-01","completed","Synthetic license cancelled event for prototype lookup."
"EVT-00021","CG-0029","Factories","FACTORIES-0029-2","BDIOU1029G","29BDIOU1029G1Z9","electricity_usage","2026-02-26","completed","Synthetic electricity usage event for prototype lookup."
"EVT-00022","CG-0030","KSPCB","KSPCB-0030-4","","29BEJPV1030H1Z0","renewal","2026-02-23","completed","Synthetic renewal event for prototype lookup."
"EVT-00023","CG-0032","Factories","FACTORIES-0032-2","BGLRX1032J","29BGLRX1032J1Z2","pollution_consent","2026-02-20","completed","Synthetic pollution consent event for prototype lookup."
"EVT-00024","CG-0034","Shops and Establishments","SHOPS-0034-1","BINTZ1034L","29BINTZ1034L1Z4","license_cancelled","2026-02-17","completed","Synthetic license cancelled event for prototype lookup."
"EVT-00025","CG-0035","Labour","LABOUR-0035-3","BJOUA1035M","29BJOUA1035M1Z5","water_usage","2026-02-14","completed","Synthetic water usage event for prototype lookup."
"EVT-00026","CG-0037","Shops and Establishments","SHOPS-0037-1","BLQWC1037O","29BLQWC1037O1Z7","pollution_consent","2026-02-11","completed","Synthetic pollution consent event for prototype lookup."
"EVT-00027","CG-0038","Labour","LABOUR-0038-3","BMRXD1038P","29BMRXD1038P1Z8","license_update","2026-02-08","completed","Synthetic license update event for prototype lookup."
"EVT-00028","CG-0040","Factories","FACTORIES-0040-2","BOTZF1040R","29BOTZF1040R1Z0","compliance_filing","2026-02-05","completed","Synthetic compliance filing event for prototype lookup."
"EVT-00029","CG-0041","Labour","LABOUR-0041-3","BPUAG1041S","29BPUAG1041S1Z1","license_cancelled","2026-02-02","completed","Synthetic license cancelled event for prototype lookup."
"EVT-00030","CG-0043","Factories","FACTORIES-0043-2","BRWCI1043U","29BRWCI1043U1Z3","electricity_usage","2026-01-30","completed","Synthetic electricity usage event for prototype lookup."
"EVT-00031","CG-0045","Shops and Establishments","SHOPS-0045-1","BTYEK1045W","29BTYEK1045W1Z5","compliance_filing","2026-01-27","completed","Synthetic compliance filing event for prototype lookup."
"EVT-00032","CG-0046","Factories","FACTORIES-0046-2","BUZFL1046X","29BUZFL1046X1Z6","pollution_consent","2026-01-24","completed","Synthetic pollution consent event for prototype lookup."
"EVT-00033","CG-0048","Shops and Establishments","SHOPS-0048-1","BWBHN1048Z","29BWBHN1048Z1Z8","electricity_usage","2026-01-21","completed","Synthetic electricity usage event for prototype lookup."
"EVT-00034","CG-0049","BESCOM","BESCOM-0049-3","BXCIO1049A","29BXCIO1049A1Z9","water_usage","2026-01-18","completed","Synthetic water usage event for prototype lookup."
"EVT-00035","CG-0051","Shops and Establishments","SHOPS-0051-1","BZEKQ1051C","29BZEKQ1051C1Z1","pollution_consent","2026-01-15","completed","Synthetic pollution consent event for prototype lookup."
"EVT-00036","CG-0052","Labour","LABOUR-0052-3","CAFLR1052D","29CAFLR1052D1Z2","license_cancelled","2026-01-12","completed","Synthetic license cancelled event for prototype lookup."
"EVT-00037","CG-0054","Factories","FACTORIES-0054-2","CCHNT1054F","29CCHNT1054F1Z4","compliance_filing","2026-01-09","completed","Synthetic compliance filing event for prototype lookup."
"EVT-00038","CG-0055","BWSSB","BWSSB-0055-4","CDIOU1055G","29CDIOU1055G1Z5","closure_application","2026-01-06","submitted","Synthetic closure application event for prototype lookup."
"EVT-00039","CG-0057","Factories","FACTORIES-0057-2","CFKQW1057I","29CFKQW1057I1Z7","electricity_usage","2026-01-03","completed","Synthetic electricity usage event for prototype lookup."
"EVT-00040","CG-0059","Shops and Establishments","SHOPS-0059-1","CHMSY1059K","29CHMSY1059K1Z9","license_cancelled","2025-12-31","completed","Synthetic license cancelled event for prototype lookup."
"EVT-00041","CG-0060","Labour","LABOUR-0060-3","CINTZ1060L","29CINTZ1060L1Z0","inspection","2025-12-28","completed","Synthetic inspection event for prototype lookup."
"EVT-00042","CG-0062","Shops and Establishments","SHOPS-0062-1","CKPVB1062N","29CKPVB1062N1Z2","electricity_usage","2025-12-25","completed","Synthetic electricity usage event for prototype lookup."
"EVT-00043","CG-0063","BESCOM","BESCOM-0063-3","CLQWC1063O","29CLQWC1063O1Z3","water_usage","2025-12-22","completed","Synthetic water usage event for prototype lookup."
"EVT-00044","CG-0065","Factories","FACTORIES-0065-2","CNSYE1065Q","29CNSYE1065Q1Z5","license_cancelled","2025-12-19","completed","Synthetic license cancelled event for prototype lookup."
"EVT-00045","CG-0066","BWSSB","BWSSB-0066-3","","29COTZF1066R1Z6","pollution_consent","2025-12-16","completed","Synthetic pollution consent event for prototype lookup."
"EVT-00046","CG-0068","Factories","FACTORIES-0068-2","CQVBH1068T","29CQVBH1068T1Z8","compliance_filing","2025-12-13","completed","Synthetic compliance filing event for prototype lookup."
"EVT-00047","CG-0070","Shops and Establishments","SHOPS-0070-1","CSXDJ1070V","29CSXDJ1070V1Z0","license_cancelled","2025-12-10","completed","Synthetic license cancelled event for prototype lookup."
"EVT-00048","CG-0071","Factories","FACTORIES-0071-2","CTYEK1071W","29CTYEK1071W1Z1","electricity_usage","2025-12-07","completed","Synthetic electricity usage event for prototype lookup."
"EVT-00049","CG-0073","Shops and Establishments","SHOPS-0073-1","CVAGM1073Y","29CVAGM1073Y1Z3","compliance_filing","2025-12-04","completed","Synthetic compliance filing event for prototype lookup."
"EVT-00050","CG-0074","Labour","LABOUR-0074-3","CWBHN1074Z","29CWBHN1074Z1Z4","inspection","2025-12-01","completed","Synthetic inspection event for prototype lookup."
"EVT-00051","CG-0076","Shops and Establishments","SHOPS-0076-1","CYDJP1076B","29CYDJP1076B1Z6","electricity_usage","2025-11-28","completed","Synthetic electricity usage event for prototype lookup."
"EVT-00052","CG-0077","BWSSB","BWSSB-0077-3","CZEKQ1077C","29CZEKQ1077C1Z7","license_cancelled","2025-11-25","completed","Synthetic license cancelled event for prototype lookup."
"EVT-00053","CG-0079","Factories","FACTORIES-0079-2","DBGMS1079E","29DBGMS1079E1Z9","license_cancelled","2025-11-22","completed","Synthetic license cancelled event for prototype lookup."
"EVT-00054","CG-0080","KSPCB","KSPCB-0080-4","DCHNT1080F","29DCHNT1080F1Z0","pollution_consent","2025-11-19","completed","Synthetic pollution consent event for prototype lookup."
"EVT-00055","CG-0082","Factories","FACTORIES-0082-2","DEJPV1082H","29DEJPV1082H1Z2","compliance_filing","2025-11-16","completed","Synthetic compliance filing event for prototype lookup."
"EVT-00056","CG-0084","Shops and Establishments","SHOPS-0084-1","DGLRX1084J","29DGLRX1084J1Z4","license_cancelled","2025-11-13","completed","Synthetic license cancelled event for prototype lookup."
"EVT-00057","CG-0085","Labour","LABOUR-0085-3","DHMSY1085K","29DHMSY1085K1Z5","renewal","2025-11-10","completed","Synthetic renewal event for prototype lookup."
"EVT-00058","CG-0087","Shops and Establishments","SHOPS-0087-1","DJOUA1087M","29DJOUA1087M1Z7","compliance_filing","2025-11-07","completed","Synthetic compliance filing event for prototype lookup."
"EVT-00059","CG-0088","BWSSB","BWSSB-0088-3","DKPVB1088N","29DKPVB1088N1Z8","compliance_filing","2025-11-04","completed","Synthetic compliance filing event for prototype lookup."
"EVT-00060","CG-0090","Factories","FACTORIES-0090-2","DMRXD1090P","29DMRXD1090P1Z0","license_update","2025-11-01","completed","Synthetic license update event for prototype lookup."
"EVT-00061","CG-0091","BESCOM","BESCOM-0091-3","","","water_usage","2025-10-29","completed","Synthetic water usage event for prototype lookup."
"EVT-00062","CG-0093","Factories","FACTORIES-0093-2","DPUAG1093S","29DPUAG1093S1Z3","license_cancelled","2025-10-26","completed","Synthetic license cancelled event for prototype lookup."
"EVT-00063","CG-0095","Shops and Establishments","SHOPS-0095-1","BADPAN095","29DRWCI1095U1Z5","license_update","2025-10-23","completed","Synthetic license update event for prototype lookup."
"EVT-00064","CG-0096","Factories","FACTORIES-0096-2","DSXDJ1096V","29DSXDJ1096V1Z6","compliance_filing","2025-10-20","completed","Synthetic compliance filing event for prototype lookup."
"EVT-00065","CG-0098","Shops and Establishments","SHOPS-0098-1","BADPAN098","29DUZFL1098X1Z8","license_cancelled","2025-10-17","completed","Synthetic license cancelled event for prototype lookup."
"EVT-00066","CG-0099","BWSSB","BWSSB-0099-3","DVAGM1099Y","29DVAGM1099Y1Z9","license_cancelled","2025-10-14","completed","Synthetic license cancelled event for prototype lookup."
"EVT-00067","CG-0101","Shops and Establishments","SHOPS-0101-1","BADPAN101","29DXCIO1101A1Z1","compliance_filing","2025-10-11","completed","Synthetic compliance filing event for prototype lookup."
"EVT-00068","CG-0102","Labour","LABOUR-0102-3","DYDJP1102B","29DYDJP1102B1Z2","license_cancelled","2025-10-08","completed","Synthetic license cancelled event for prototype lookup."
"EVT-00069","CG-0104","Factories","FACTORIES-0104-2","EAFLR1104D","29EAFLR1104D1Z4","license_update","2025-10-05","completed","Synthetic license update event for prototype lookup."
"EVT-00070","CG-0105","BESCOM","BESCOM-0105-4","EBGMS1105E","29EBGMS1105E1Z5","water_usage","2025-10-02","completed","Synthetic water usage event for prototype lookup."
"EVT-00071","CG-0107","Factories","FACTORIES-0107-2","EDIOU1107G","29EDIOU1107G1Z7","license_cancelled","2025-09-29","completed","Synthetic license cancelled event for prototype lookup."
"EVT-00072","CG-0109","Shops and Establishments","SHOPS-0109-1","EFKQW1109I","29BADGSTIN109XX","license_cancelled","2025-09-26","completed","Synthetic license cancelled event for prototype lookup."
"EVT-00073","CG-0110","Labour","LABOUR-0110-3","EGLRX1110J","29EGLRX1110J1Z0","closure_application","2025-09-23","submitted","Synthetic closure application event for prototype lookup."
"EVT-00074","CG-0112","Shops and Establishments","SHOPS-0112-1","EINTZ1112L","29BADGSTIN112XX","license_cancelled","2025-09-20","completed","Synthetic license cancelled event for prototype lookup."
"EVT-00075","CG-0113","Labour","LABOUR-0113-3","EJOUA1113M","29EJOUA1113M1Z3","renewal","2025-09-17","completed","Synthetic renewal event for prototype lookup."
"EVT-00076","CG-0115","Factories","FACTORIES-0115-2","ELQWC1115O","29ELQWC1115O1Z5","water_usage","2025-09-14","completed","Synthetic water usage event for prototype lookup."
"EVT-00077","CG-0116","Labour","LABOUR-0116-3","EMRXD1116P","29EMRXD1116P1Z6","inspection","2025-09-11","completed","Synthetic inspection event for prototype lookup."
"EVT-00078","CG-0118","Factories","FACTORIES-0118-2","EOTZF1118R","29EOTZF1118R1Z8","license_update","2025-09-08","completed","Synthetic license update event for prototype lookup."
"EVT-00079","CG-0120","Shops and Establishments","SHOPS-0120-1","EQVBH1120T","29EQVBH1120T1Z0","water_usage","2025-09-05","completed","Synthetic water usage event for prototype lookup."
"EVT-00080","AMB-002","BWSSB","BWSSB-9002","","","water_usage","2025-09-02","completed","Synthetic water usage event for prototype lookup."
"EVT-00081","AMB-007","BESCOM","BESCOM-9007","","","license_update","2025-08-30","completed","Synthetic license update event for prototype lookup."
"EVT-00082","AMB-012","BWSSB","BWSSB-9012","","","license_update","2025-08-27","completed","Synthetic license update event for prototype lookup."
"EVT-00083","AMB-017","BESCOM","BESCOM-9017","","","license_cancelled","2025-08-24","completed","Synthetic license cancelled event for prototype lookup."
"EVT-00084","AMB-022","BWSSB","BWSSB-9022","","","license_cancelled","2025-08-21","completed","Synthetic license cancelled event for prototype lookup."
"EVT-00085","AMB-027","BESCOM","BESCOM-9027","","","compliance_filing","2025-08-18","completed","Synthetic compliance filing event for prototype lookup."
"EVT-00086","AMB-032","BWSSB","BWSSB-9032","","","compliance_filing","2025-08-15","completed","Synthetic compliance filing event for prototype lookup."
"EVT-00087","CG-0001","Shops and Establishments","SHOPS-0001-1","ABGMS1001E","29ABGMS1001E1Z1","electricity_usage","2025-08-12","completed","Synthetic electricity usage event for prototype lookup."
"EVT-00088","CG-0002","Shops and Establishments","SHOPS-0002-1","ACHNT1002F","29ACHNT1002F1Z2","water_usage","2025-08-09","completed","Synthetic water usage event for prototype lookup."
"EVT-00089","CG-0003","Shops and Establishments","SHOPS-0003-1","ADIOU1003G","29ADIOU1003G1Z3","pollution_consent","2025-08-06","completed","Synthetic pollution consent event for prototype lookup."
"EVT-00090","CG-0004","Shops and Establishments","SHOPS-0004-1","AEJPV1004H","29AEJPV1004H1Z4","license_update","2025-08-03","completed","Synthetic license update event for prototype lookup."
"EVT-00091","CG-0005","Shops and Establishments","SHOPS-0005-1","AFKQW1005I","29AFKQW1005I1Z5","closure_application","2025-07-31","submitted","Synthetic closure application event for prototype lookup."
"EVT-00092","CG-0006","Shops and Establishments","SHOPS-0006-1","AGLRX1006J","29AGLRX1006J1Z6","license_cancelled","2025-07-28","completed","Synthetic license cancelled event for prototype lookup."
"EVT-00093","CG-0007","Shops and Establishments","SHOPS-0007-1","AHMSY1007K","29AHMSY1007K1Z7","renewal","2025-07-25","completed","Synthetic renewal event for prototype lookup."
"EVT-00094","CG-0008","Shops and Establishments","SHOPS-0008-1","AINTZ1008L","29AINTZ1008L1Z8","compliance_filing","2025-07-22","completed","Synthetic compliance filing event for prototype lookup."
"EVT-00095","CG-0009","Shops and Establishments","SHOPS-0009-1","AJOUA1009M","29AJOUA1009M1Z9","inspection","2025-07-19","completed","Synthetic inspection event for prototype lookup."
"EVT-00096","CG-0010","Labour","LABOUR-0010-3","AKPVB1010N","29AKPVB1010N1Z0","electricity_usage","2025-07-16","completed","Synthetic electricity usage event for prototype lookup."
"EVT-00097","CG-0012","Shops and Establishments","SHOPS-0012-1","AMRXD1012P","29AMRXD1012P1Z2","water_usage","2025-07-13","completed","Synthetic water usage event for prototype lookup."
"EVT-00098","CG-0013","Labour","LABOUR-0013-3","ANSYE1013Q","29ANSYE1013Q1Z3","pollution_consent","2025-07-10","completed","Synthetic pollution consent event for prototype lookup."
"EVT-00099","CG-0015","Factories","FACTORIES-0015-2","APUAG1015S","29APUAG1015S1Z5","renewal","2025-07-07","completed","Synthetic renewal event for prototype lookup."
"EVT-00100","CG-0016","Labour","LABOUR-0016-3","AQVBH1016T","","closure_application","2025-07-04","submitted","Synthetic closure application event for prototype lookup."
"EVT-00101","CG-0018","Factories","FACTORIES-0018-2","ASXDJ1018V","29ASXDJ1018V1Z8","inspection","2025-07-01","completed","Synthetic inspection event for prototype lookup."
"EVT-00102","CG-0020","Shops and Establishments","SHOPS-0020-1","AUZFL1020X","29AUZFL1020X1Z0","renewal","2025-06-28","completed","Synthetic renewal event for prototype lookup."
"EVT-00103","CG-0021","Factories","FACTORIES-0021-2","AVAGM1021Y","29AVAGM1021Y1Z1","water_usage","2025-06-25","completed","Synthetic water usage event for prototype lookup."
"EVT-00104","CG-0023","Shops and Establishments","SHOPS-0023-1","AXCIO1023A","29AXCIO1023A1Z3","inspection","2025-06-22","completed","Synthetic inspection event for prototype lookup."
"EVT-00105","CG-0024","Labour","LABOUR-0024-3","AYDJP1024B","","electricity_usage","2025-06-19","completed","Synthetic electricity usage event for prototype lookup."
"EVT-00106","CG-0026","Shops and Establishments","SHOPS-0026-1","BAFLR1026D","29BAFLR1026D1Z6","water_usage","2025-06-16","completed","Synthetic water usage event for prototype lookup."
"EVT-00107","CG-0027","Labour","LABOUR-0027-3","BBGMS1027E","29BBGMS1027E1Z7","pollution_consent","2025-06-13","completed","Synthetic pollution consent event for prototype lookup."
"EVT-00108","CG-0029","Factories","FACTORIES-0029-2","BDIOU1029G","29BDIOU1029G1Z9","renewal","2025-06-10","completed","Synthetic renewal event for prototype lookup."
"EVT-00109","CG-0030","KSPCB","KSPCB-0030-4","","29BEJPV1030H1Z0","license_update","2025-06-07","completed","Synthetic license update event for prototype lookup."
"EVT-00110","CG-0032","Factories","FACTORIES-0032-2","BGLRX1032J","29BGLRX1032J1Z2","inspection","2025-06-04","completed","Synthetic inspection event for prototype lookup."
"EVT-00111","CG-0034","Shops and Establishments","SHOPS-0034-1","BINTZ1034L","29BINTZ1034L1Z4","renewal","2025-06-01","completed","Synthetic renewal event for prototype lookup."
"EVT-00112","CG-0035","Labour","LABOUR-0035-3","BJOUA1035M","29BJOUA1035M1Z5","compliance_filing","2025-05-29","completed","Synthetic compliance filing event for prototype lookup."
"EVT-00113","CG-0037","Shops and Establishments","SHOPS-0037-1","BLQWC1037O","29BLQWC1037O1Z7","inspection","2025-05-26","completed","Synthetic inspection event for prototype lookup."
"EVT-00114","CG-0038","Labour","LABOUR-0038-3","BMRXD1038P","29BMRXD1038P1Z8","electricity_usage","2025-05-23","completed","Synthetic electricity usage event for prototype lookup."
"EVT-00115","CG-0040","Factories","FACTORIES-0040-2","BOTZF1040R","29BOTZF1040R1Z0","closure_application","2025-05-20","submitted","Synthetic closure application event for prototype lookup."
"EVT-00116","CG-0041","Labour","LABOUR-0041-3","BPUAG1041S","29BPUAG1041S1Z1","pollution_consent","2025-05-17","completed","Synthetic pollution consent event for prototype lookup."
"EVT-00117","CG-0043","Factories","FACTORIES-0043-2","BRWCI1043U","29BRWCI1043U1Z3","renewal","2025-05-14","completed","Synthetic renewal event for prototype lookup."
"EVT-00118","CG-0045","Shops and Establishments","SHOPS-0045-1","BTYEK1045W","29BTYEK1045W1Z5","closure_application","2025-05-11","submitted","Synthetic closure application event for prototype lookup."
"EVT-00119","CG-0046","Factories","FACTORIES-0046-2","BUZFL1046X","29BUZFL1046X1Z6","inspection","2025-05-08","completed","Synthetic inspection event for prototype lookup."
"EVT-00120","CG-0048","Shops and Establishments","SHOPS-0048-1","BWBHN1048Z","29BWBHN1048Z1Z8","renewal","2025-05-05","completed","Synthetic renewal event for prototype lookup."
"EVT-00121","CG-0049","BESCOM","BESCOM-0049-3","BXCIO1049A","29BXCIO1049A1Z9","compliance_filing","2025-05-02","completed","Synthetic compliance filing event for prototype lookup."
"EVT-00122","CG-0051","Shops and Establishments","SHOPS-0051-1","BZEKQ1051C","29BZEKQ1051C1Z1","inspection","2025-04-29","completed","Synthetic inspection event for prototype lookup."
"EVT-00123","CG-0052","Labour","LABOUR-0052-3","CAFLR1052D","29CAFLR1052D1Z2","electricity_usage","2025-04-26","completed","Synthetic electricity usage event for prototype lookup."
"EVT-00124","CG-0054","Factories","FACTORIES-0054-2","CCHNT1054F","29CCHNT1054F1Z4","closure_application","2025-04-23","submitted","Synthetic closure application event for prototype lookup."
"EVT-00125","CG-0055","BWSSB","BWSSB-0055-4","CDIOU1055G","29CDIOU1055G1Z5","water_usage","2025-04-20","completed","Synthetic water usage event for prototype lookup."
"EVT-00126","CG-0057","Factories","FACTORIES-0057-2","CFKQW1057I","29CFKQW1057I1Z7","renewal","2025-04-17","completed","Synthetic renewal event for prototype lookup."
"EVT-00127","CG-0059","Shops and Establishments","SHOPS-0059-1","CHMSY1059K","29CHMSY1059K1Z9","closure_application","2025-04-14","submitted","Synthetic closure application event for prototype lookup."
"EVT-00128","CG-0060","Labour","LABOUR-0060-3","CINTZ1060L","29CINTZ1060L1Z0","license_cancelled","2025-04-11","completed","Synthetic license cancelled event for prototype lookup."
"EVT-00129","CG-0062","Shops and Establishments","SHOPS-0062-1","CKPVB1062N","29CKPVB1062N1Z2","renewal","2025-04-08","completed","Synthetic renewal event for prototype lookup."
"EVT-00130","CG-0063","BESCOM","BESCOM-0063-3","CLQWC1063O","29CLQWC1063O1Z3","compliance_filing","2025-04-05","completed","Synthetic compliance filing event for prototype lookup."
"EVT-00131","CG-0065","Factories","FACTORIES-0065-2","CNSYE1065Q","29CNSYE1065Q1Z5","pollution_consent","2025-04-02","completed","Synthetic pollution consent event for prototype lookup."
"EVT-00132","CG-0066","BWSSB","BWSSB-0066-3","","29COTZF1066R1Z6","inspection","2025-03-30","completed","Synthetic inspection event for prototype lookup."
"EVT-00133","CG-0068","Factories","FACTORIES-0068-2","CQVBH1068T","29CQVBH1068T1Z8","closure_application","2025-03-27","submitted","Synthetic closure application event for prototype lookup."
"EVT-00134","CG-0070","Shops and Establishments","SHOPS-0070-1","CSXDJ1070V","29CSXDJ1070V1Z0","pollution_consent","2025-03-24","completed","Synthetic pollution consent event for prototype lookup."
"EVT-00135","CG-0071","Factories","FACTORIES-0071-2","CTYEK1071W","29CTYEK1071W1Z1","renewal","2025-03-21","completed","Synthetic renewal event for prototype lookup."
"EVT-00136","CG-0073","Shops and Establishments","SHOPS-0073-1","CVAGM1073Y","29CVAGM1073Y1Z3","closure_application","2025-03-18","submitted","Synthetic closure application event for prototype lookup."
"EVT-00137","CG-0074","Labour","LABOUR-0074-3","CWBHN1074Z","29CWBHN1074Z1Z4","license_cancelled","2025-03-15","completed","Synthetic license cancelled event for prototype lookup."
"EVT-00138","CG-0076","Shops and Establishments","SHOPS-0076-1","CYDJP1076B","29CYDJP1076B1Z6","renewal","2025-03-12","completed","Synthetic renewal event for prototype lookup."
"EVT-00139","CG-0077","BWSSB","BWSSB-0077-3","CZEKQ1077C","29CZEKQ1077C1Z7","renewal","2025-03-09","completed","Synthetic renewal event for prototype lookup."
"EVT-00140","CG-0079","Factories","FACTORIES-0079-2","DBGMS1079E","29DBGMS1079E1Z9","pollution_consent","2025-03-06","completed","Synthetic pollution consent event for prototype lookup."
"EVT-00141","CG-0080","KSPCB","KSPCB-0080-4","DCHNT1080F","29DCHNT1080F1Z0","inspection","2025-03-03","completed","Synthetic inspection event for prototype lookup."
"EVT-00142","CG-0082","Factories","FACTORIES-0082-2","DEJPV1082H","29DEJPV1082H1Z2","closure_application","2025-02-28","submitted","Synthetic closure application event for prototype lookup."
"EVT-00143","CG-0084","Shops and Establishments","SHOPS-0084-1","DGLRX1084J","29DGLRX1084J1Z4","pollution_consent","2025-02-25","completed","Synthetic pollution consent event for prototype lookup."
"EVT-00144","CG-0085","Labour","LABOUR-0085-3","DHMSY1085K","29DHMSY1085K1Z5","license_update","2025-02-22","completed","Synthetic license update event for prototype lookup."
"EVT-00145","CG-0087","Shops and Establishments","SHOPS-0087-1","DJOUA1087M","29DJOUA1087M1Z7","closure_application","2025-02-19","submitted","Synthetic closure application event for prototype lookup."
"EVT-00146","CG-0088","BWSSB","BWSSB-0088-3","DKPVB1088N","29DKPVB1088N1Z8","closure_application","2025-02-16","submitted","Synthetic closure application event for prototype lookup."
"EVT-00147","CG-0090","Factories","FACTORIES-0090-2","DMRXD1090P","29DMRXD1090P1Z0","electricity_usage","2025-02-13","completed","Synthetic electricity usage event for prototype lookup."
"EVT-00148","CG-0091","BESCOM","BESCOM-0091-3","","","compliance_filing","2025-02-10","completed","Synthetic compliance filing event for prototype lookup."
"EVT-00149","CG-0093","Factories","FACTORIES-0093-2","DPUAG1093S","29DPUAG1093S1Z3","pollution_consent","2025-02-07","completed","Synthetic pollution consent event for prototype lookup."
"EVT-00150","CG-0095","Shops and Establishments","SHOPS-0095-1","BADPAN095","29DRWCI1095U1Z5","electricity_usage","2025-02-04","completed","Synthetic electricity usage event for prototype lookup."
"EVT-00151","CG-0096","Factories","FACTORIES-0096-2","DSXDJ1096V","29DSXDJ1096V1Z6","closure_application","2025-02-01","submitted","Synthetic closure application event for prototype lookup."
"EVT-00152","CG-0098","Shops and Establishments","SHOPS-0098-1","BADPAN098","29DUZFL1098X1Z8","pollution_consent","2025-01-29","completed","Synthetic pollution consent event for prototype lookup."
"EVT-00153","CG-0099","BWSSB","BWSSB-0099-3","DVAGM1099Y","29DVAGM1099Y1Z9","pollution_consent","2025-01-26","completed","Synthetic pollution consent event for prototype lookup."
"EVT-00154","CG-0101","Shops and Establishments","SHOPS-0101-1","BADPAN101","29DXCIO1101A1Z1","closure_application","2025-01-23","submitted","Synthetic closure application event for prototype lookup."
"EVT-00155","CG-0102","Labour","LABOUR-0102-3","DYDJP1102B","29DYDJP1102B1Z2","license_cancelled","2025-01-20","completed","Synthetic license cancelled event for prototype lookup."
"EVT-00156","CG-0104","Factories","FACTORIES-0104-2","EAFLR1104D","29EAFLR1104D1Z4","electricity_usage","2025-01-17","completed","Synthetic electricity usage event for prototype lookup."
"EVT-00157","CG-0105","BESCOM","BESCOM-0105-4","EBGMS1105E","29EBGMS1105E1Z5","compliance_filing","2025-01-14","completed","Synthetic compliance filing event for prototype lookup."
"EVT-00158","CG-0107","Factories","FACTORIES-0107-2","EDIOU1107G","29EDIOU1107G1Z7","pollution_consent","2025-01-11","completed","Synthetic pollution consent event for prototype lookup."
"EVT-00159","CG-0109","Shops and Establishments","SHOPS-0109-1","EFKQW1109I","29BADGSTIN109XX","electricity_usage","2025-01-08","completed","Synthetic electricity usage event for prototype lookup."
"EVT-00160","CG-0110","Labour","LABOUR-0110-3","EGLRX1110J","29EGLRX1110J1Z0","water_usage","2025-01-05","completed","Synthetic water usage event for prototype lookup."
"EVT-00161","CG-0112","Shops and Establishments","SHOPS-0112-1","EINTZ1112L","29BADGSTIN112XX","pollution_consent","2025-01-02","completed","Synthetic pollution consent event for prototype lookup."
"EVT-00162","CG-0113","Labour","LABOUR-0113-3","EJOUA1113M","29EJOUA1113M1Z3","license_update","2024-12-30","completed","Synthetic license update event for prototype lookup."
"EVT-00163","CG-0115","Factories","FACTORIES-0115-2","ELQWC1115O","29ELQWC1115O1Z5","compliance_filing","2024-12-27","completed","Synthetic compliance filing event for prototype lookup."
"EVT-00164","CG-0116","Labour","LABOUR-0116-3","EMRXD1116P","29EMRXD1116P1Z6","license_cancelled","2024-12-24","completed","Synthetic license cancelled event for prototype lookup."
"EVT-00165","CG-0118","Factories","FACTORIES-0118-2","EOTZF1118R","29EOTZF1118R1Z8","electricity_usage","2024-12-21","completed","Synthetic electricity usage event for prototype lookup."
"EVT-00166","CG-0120","Shops and Establishments","SHOPS-0120-1","EQVBH1120T","29EQVBH1120T1Z0","compliance_filing","2024-12-18","completed","Synthetic compliance filing event for prototype lookup."
"EVT-00167","AMB-002","BWSSB","BWSSB-9002","","","compliance_filing","2024-12-15","completed","Synthetic compliance filing event for prototype lookup."
"EVT-00168","AMB-007","BESCOM","BESCOM-9007","","","electricity_usage","2024-12-12","completed","Synthetic electricity usage event for prototype lookup."
"EVT-00169","AMB-012","BWSSB","BWSSB-9012","","","electricity_usage","2024-12-09","completed","Synthetic electricity usage event for prototype lookup."
"EVT-00170","AMB-017","BESCOM","BESCOM-9017","","","pollution_consent","2024-12-06","completed","Synthetic pollution consent event for prototype lookup."
"EVT-00171","AMB-022","BWSSB","BWSSB-9022","","","pollution_consent","2024-12-03","completed","Synthetic pollution consent event for prototype lookup."
"EVT-00172","AMB-027","BESCOM","BESCOM-9027","","","closure_application","2024-11-30","submitted","Synthetic closure application event for prototype lookup."
"EVT-00173","AMB-032","BWSSB","BWSSB-9032","","","closure_application","2024-11-27","submitted","Synthetic closure application event for prototype lookup."
"EVT-00174","CG-0001","Shops and Establishments","SHOPS-0001-1","ABGMS1001E","29ABGMS1001E1Z1","renewal","2024-11-24","completed","Synthetic renewal event for prototype lookup."
"EVT-00175","CG-0002","Shops and Establishments","SHOPS-0002-1","ACHNT1002F","29ACHNT1002F1Z2","compliance_filing","2024-11-21","completed","Synthetic compliance filing event for prototype lookup."
"EVT-00176","CG-0003","Shops and Establishments","SHOPS-0003-1","ADIOU1003G","29ADIOU1003G1Z3","inspection","2024-11-18","completed","Synthetic inspection event for prototype lookup."
"EVT-00177","CG-0004","Shops and Establishments","SHOPS-0004-1","AEJPV1004H","29AEJPV1004H1Z4","electricity_usage","2024-11-15","completed","Synthetic electricity usage event for prototype lookup."
"EVT-00178","CG-0005","Shops and Establishments","SHOPS-0005-1","AFKQW1005I","29AFKQW1005I1Z5","water_usage","2024-11-12","completed","Synthetic water usage event for prototype lookup."
"EVT-00179","CG-0006","Shops and Establishments","SHOPS-0006-1","AGLRX1006J","29AGLRX1006J1Z6","pollution_consent","2024-11-09","completed","Synthetic pollution consent event for prototype lookup."
"EVT-00180","CG-0007","Shops and Establishments","SHOPS-0007-1","AHMSY1007K","29AHMSY1007K1Z7","license_update","2024-11-06","completed","Synthetic license update event for prototype lookup."
"EVT-00181","CG-0008","Shops and Establishments","SHOPS-0008-1","AINTZ1008L","29AINTZ1008L1Z8","closure_application","2024-11-03","submitted","Synthetic closure application event for prototype lookup."
"EVT-00182","CG-0009","Shops and Establishments","SHOPS-0009-1","AJOUA1009M","29AJOUA1009M1Z9","license_cancelled","2024-10-31","completed","Synthetic license cancelled event for prototype lookup."
"EVT-00183","CG-0010","Labour","LABOUR-0010-3","AKPVB1010N","29AKPVB1010N1Z0","renewal","2024-10-28","completed","Synthetic renewal event for prototype lookup."
"EVT-00184","CG-0012","Shops and Establishments","SHOPS-0012-1","AMRXD1012P","29AMRXD1012P1Z2","compliance_filing","2024-10-25","completed","Synthetic compliance filing event for prototype lookup."
"EVT-00185","CG-0013","Labour","LABOUR-0013-3","ANSYE1013Q","29ANSYE1013Q1Z3","inspection","2024-10-22","completed","Synthetic inspection event for prototype lookup."
"EVT-00186","CG-0015","Factories","FACTORIES-0015-2","APUAG1015S","29APUAG1015S1Z5","license_update","2024-10-19","completed","Synthetic license update event for prototype lookup."
"EVT-00187","CG-0016","Labour","LABOUR-0016-3","AQVBH1016T","","water_usage","2024-10-16","completed","Synthetic water usage event for prototype lookup."
"EVT-00188","CG-0018","Factories","FACTORIES-0018-2","ASXDJ1018V","29ASXDJ1018V1Z8","license_cancelled","2024-10-13","completed","Synthetic license cancelled event for prototype lookup."
"EVT-00189","CG-0020","Shops and Establishments","SHOPS-0020-1","AUZFL1020X","29AUZFL1020X1Z0","license_update","2024-10-10","completed","Synthetic license update event for prototype lookup."
"EVT-00190","CG-0021","Factories","FACTORIES-0021-2","AVAGM1021Y","29AVAGM1021Y1Z1","compliance_filing","2024-10-07","completed","Synthetic compliance filing event for prototype lookup."
"EVT-00191","CG-0023","Shops and Establishments","SHOPS-0023-1","AXCIO1023A","29AXCIO1023A1Z3","license_cancelled","2024-10-04","completed","Synthetic license cancelled event for prototype lookup."
"EVT-00192","CG-0024","Labour","LABOUR-0024-3","AYDJP1024B","","renewal","2024-10-01","completed","Synthetic renewal event for prototype lookup."
"EVT-00193","CG-0026","Shops and Establishments","SHOPS-0026-1","BAFLR1026D","29BAFLR1026D1Z6","compliance_filing","2024-09-28","completed","Synthetic compliance filing event for prototype lookup."
"EVT-00194","CG-0027","Labour","LABOUR-0027-3","BBGMS1027E","29BBGMS1027E1Z7","inspection","2024-09-25","completed","Synthetic inspection event for prototype lookup."
"EVT-00195","CG-0029","Factories","FACTORIES-0029-2","BDIOU1029G","29BDIOU1029G1Z9","license_update","2024-09-22","completed","Synthetic license update event for prototype lookup."
"EVT-00196","CG-0030","KSPCB","KSPCB-0030-4","","29BEJPV1030H1Z0","electricity_usage","2024-09-19","completed","Synthetic electricity usage event for prototype lookup."
"EVT-00197","CG-0032","Factories","FACTORIES-0032-2","BGLRX1032J","29BGLRX1032J1Z2","license_cancelled","2024-09-16","completed","Synthetic license cancelled event for prototype lookup."
"EVT-00198","CG-0034","Shops and Establishments","SHOPS-0034-1","BINTZ1034L","29BINTZ1034L1Z4","license_update","2024-09-13","completed","Synthetic license update event for prototype lookup."
"EVT-00199","CG-0035","Labour","LABOUR-0035-3","BJOUA1035M","29BJOUA1035M1Z5","closure_application","2024-09-10","submitted","Synthetic closure application event for prototype lookup."
"EVT-00200","CG-0037","Shops and Establishments","SHOPS-0037-1","BLQWC1037O","29BLQWC1037O1Z7","license_cancelled","2024-09-07","completed","Synthetic license cancelled event for prototype lookup."
"EVT-00201","CG-0038","Labour","LABOUR-0038-3","BMRXD1038P","29BMRXD1038P1Z8","renewal","2024-09-04","completed","Synthetic renewal event for prototype lookup."
"EVT-00202","CG-0040","Factories","FACTORIES-0040-2","BOTZF1040R","29BOTZF1040R1Z0","water_usage","2024-09-01","completed","Synthetic water usage event for prototype lookup."
"EVT-00203","CG-0041","Labour","LABOUR-0041-3","BPUAG1041S","29BPUAG1041S1Z1","inspection","2024-08-29","completed","Synthetic inspection event for prototype lookup."
"EVT-00204","CG-0043","Factories","FACTORIES-0043-2","BRWCI1043U","29BRWCI1043U1Z3","license_cancelled","2024-08-26","completed","Synthetic license cancelled event for prototype lookup."
"EVT-00205","CG-0045","Shops and Establishments","SHOPS-0045-1","BTYEK1045W","29BTYEK1045W1Z5","water_usage","2024-08-23","completed","Synthetic water usage event for prototype lookup."
"EVT-00206","CG-0046","Factories","FACTORIES-0046-2","BUZFL1046X","29BUZFL1046X1Z6","license_cancelled","2024-08-20","completed","Synthetic license cancelled event for prototype lookup."
"EVT-00207","CG-0048","Shops and Establishments","SHOPS-0048-1","BWBHN1048Z","29BWBHN1048Z1Z8","license_update","2024-08-17","completed","Synthetic license update event for prototype lookup."
"EVT-00208","CG-0049","BESCOM","BESCOM-0049-3","BXCIO1049A","29BXCIO1049A1Z9","closure_application","2024-08-14","submitted","Synthetic closure application event for prototype lookup."
"EVT-00209","CG-0051","Shops and Establishments","SHOPS-0051-1","BZEKQ1051C","29BZEKQ1051C1Z1","license_cancelled","2024-08-11","completed","Synthetic license cancelled event for prototype lookup."
"EVT-00210","CG-0052","Labour","LABOUR-0052-3","CAFLR1052D","29CAFLR1052D1Z2","renewal","2024-08-08","completed","Synthetic renewal event for prototype lookup."
"EVT-00211","CG-0054","Factories","FACTORIES-0054-2","CCHNT1054F","29CCHNT1054F1Z4","water_usage","2024-08-05","completed","Synthetic water usage event for prototype lookup."
"EVT-00212","CG-0055","BWSSB","BWSSB-0055-4","CDIOU1055G","29CDIOU1055G1Z5","compliance_filing","2024-08-02","completed","Synthetic compliance filing event for prototype lookup."
"EVT-00213","CG-0057","Factories","FACTORIES-0057-2","CFKQW1057I","29CFKQW1057I1Z7","license_update","2024-07-30","completed","Synthetic license update event for prototype lookup."
"EVT-00214","CG-0059","Shops and Establishments","SHOPS-0059-1","CHMSY1059K","29CHMSY1059K1Z9","water_usage","2024-07-27","completed","Synthetic water usage event for prototype lookup."
"EVT-00215","CG-0060","Labour","LABOUR-0060-3","CINTZ1060L","29CINTZ1060L1Z0","pollution_consent","2024-07-24","completed","Synthetic pollution consent event for prototype lookup."
"EVT-00216","CG-0062","Shops and Establishments","SHOPS-0062-1","CKPVB1062N","29CKPVB1062N1Z2","license_update","2024-07-21","completed","Synthetic license update event for prototype lookup."
"EVT-00217","CG-0063","BESCOM","BESCOM-0063-3","CLQWC1063O","29CLQWC1063O1Z3","closure_application","2024-07-18","submitted","Synthetic closure application event for prototype lookup."
"EVT-00218","CG-0065","Factories","FACTORIES-0065-2","CNSYE1065Q","29CNSYE1065Q1Z5","inspection","2024-07-15","completed","Synthetic inspection event for prototype lookup."
"EVT-00219","CG-0066","BWSSB","BWSSB-0066-3","","29COTZF1066R1Z6","license_cancelled","2024-07-12","completed","Synthetic license cancelled event for prototype lookup."
"EVT-00220","CG-0068","Factories","FACTORIES-0068-2","CQVBH1068T","29CQVBH1068T1Z8","license_cancelled","2024-07-09","completed","Synthetic license cancelled event for prototype lookup."
"EVT-00221","CG-0070","Shops and Establishments","SHOPS-0070-1","CSXDJ1070V","29CSXDJ1070V1Z0","inspection","2024-07-06","completed","Synthetic inspection event for prototype lookup."
"EVT-00222","CG-0071","Factories","FACTORIES-0071-2","CTYEK1071W","29CTYEK1071W1Z1","license_update","2024-07-03","completed","Synthetic license update event for prototype lookup."
"EVT-00223","CG-0073","Shops and Establishments","SHOPS-0073-1","CVAGM1073Y","29CVAGM1073Y1Z3","water_usage","2024-06-30","completed","Synthetic water usage event for prototype lookup."
"EVT-00224","CG-0074","Labour","LABOUR-0074-3","CWBHN1074Z","29CWBHN1074Z1Z4","pollution_consent","2024-06-27","completed","Synthetic pollution consent event for prototype lookup."
"EVT-00225","CG-0076","Shops and Establishments","SHOPS-0076-1","CYDJP1076B","29CYDJP1076B1Z6","license_update","2024-06-24","completed","Synthetic license update event for prototype lookup."
"EVT-00226","CG-0077","BWSSB","BWSSB-0077-3","CZEKQ1077C","29CZEKQ1077C1Z7","license_update","2024-06-21","completed","Synthetic license update event for prototype lookup."
"EVT-00227","CG-0079","Factories","FACTORIES-0079-2","DBGMS1079E","29DBGMS1079E1Z9","inspection","2024-06-18","completed","Synthetic inspection event for prototype lookup."
"EVT-00228","CG-0080","KSPCB","KSPCB-0080-4","DCHNT1080F","29DCHNT1080F1Z0","license_cancelled","2024-06-15","completed","Synthetic license cancelled event for prototype lookup."
"EVT-00229","CG-0082","Factories","FACTORIES-0082-2","DEJPV1082H","29DEJPV1082H1Z2","water_usage","2024-06-12","completed","Synthetic water usage event for prototype lookup."
"EVT-00230","CG-0084","Shops and Establishments","SHOPS-0084-1","DGLRX1084J","29DGLRX1084J1Z4","inspection","2024-06-09","completed","Synthetic inspection event for prototype lookup."
"EVT-00231","CG-0085","Labour","LABOUR-0085-3","DHMSY1085K","29DHMSY1085K1Z5","electricity_usage","2024-06-06","completed","Synthetic electricity usage event for prototype lookup."
"EVT-00232","CG-0087","Shops and Establishments","SHOPS-0087-1","DJOUA1087M","29DJOUA1087M1Z7","water_usage","2024-06-03","completed","Synthetic water usage event for prototype lookup."
"EVT-00233","CG-0088","BWSSB","BWSSB-0088-3","DKPVB1088N","29DKPVB1088N1Z8","water_usage","2024-05-31","completed","Synthetic water usage event for prototype lookup."
"EVT-00234","CG-0090","Factories","FACTORIES-0090-2","DMRXD1090P","29DMRXD1090P1Z0","renewal","2024-05-28","completed","Synthetic renewal event for prototype lookup."
"EVT-00235","CG-0091","BESCOM","BESCOM-0091-3","","","closure_application","2024-05-25","submitted","Synthetic closure application event for prototype lookup."
"EVT-00236","CG-0093","Factories","FACTORIES-0093-2","DPUAG1093S","29DPUAG1093S1Z3","license_cancelled","2024-05-22","completed","Synthetic license cancelled event for prototype lookup."
"EVT-00237","CG-0095","Shops and Establishments","SHOPS-0095-1","BADPAN095","29DRWCI1095U1Z5","renewal","2024-05-19","completed","Synthetic renewal event for prototype lookup."
"EVT-00238","CG-0096","Factories","FACTORIES-0096-2","DSXDJ1096V","29DSXDJ1096V1Z6","water_usage","2024-05-16","completed","Synthetic water usage event for prototype lookup."
"EVT-00239","CG-0098","Shops and Establishments","SHOPS-0098-1","BADPAN098","29DUZFL1098X1Z8","inspection","2024-05-13","completed","Synthetic inspection event for prototype lookup."
"EVT-00240","CG-0099","BWSSB","BWSSB-0099-3","DVAGM1099Y","29DVAGM1099Y1Z9","inspection","2024-05-10","completed","Synthetic inspection event for prototype lookup."
"EVT-00241","CG-0101","Shops and Establishments","SHOPS-0101-1","BADPAN101","29DXCIO1101A1Z1","water_usage","2024-05-07","completed","Synthetic water usage event for prototype lookup."
"EVT-00242","CG-0102","Labour","LABOUR-0102-3","DYDJP1102B","29DYDJP1102B1Z2","pollution_consent","2024-05-04","completed","Synthetic pollution consent event for prototype lookup."
"EVT-00243","CG-0104","Factories","FACTORIES-0104-2","EAFLR1104D","29EAFLR1104D1Z4","renewal","2024-05-01","completed","Synthetic renewal event for prototype lookup."
"EVT-00244","CG-0105","BESCOM","BESCOM-0105-4","EBGMS1105E","29EBGMS1105E1Z5","closure_application","2024-04-28","submitted","Synthetic closure application event for prototype lookup."
"EVT-00245","CG-0107","Factories","FACTORIES-0107-2","EDIOU1107G","29EDIOU1107G1Z7","inspection","2024-04-25","completed","Synthetic inspection event for prototype lookup."
"EVT-00246","CG-0109","Shops and Establishments","SHOPS-0109-1","EFKQW1109I","29BADGSTIN109XX","renewal","2024-04-22","completed","Synthetic renewal event for prototype lookup."
"EVT-00247","CG-0110","Labour","LABOUR-0110-3","EGLRX1110J","29EGLRX1110J1Z0","compliance_filing","2024-04-19","completed","Synthetic compliance filing event for prototype lookup."
"EVT-00248","CG-0112","Shops and Establishments","SHOPS-0112-1","EINTZ1112L","29BADGSTIN112XX","inspection","2024-04-16","completed","Synthetic inspection event for prototype lookup."
"EVT-00249","CG-0113","Labour","LABOUR-0113-3","EJOUA1113M","29EJOUA1113M1Z3","electricity_usage","2024-04-13","completed","Synthetic electricity usage event for prototype lookup."
"EVT-00250","CG-0115","Factories","FACTORIES-0115-2","ELQWC1115O","29ELQWC1115O1Z5","closure_application","2024-04-10","submitted","Synthetic closure application event for prototype lookup."
"EVT-00251","CG-0116","Labour","LABOUR-0116-3","EMRXD1116P","29EMRXD1116P1Z6","pollution_consent","2024-04-07","completed","Synthetic pollution consent event for prototype lookup."
"EVT-00252","CG-0118","Factories","FACTORIES-0118-2","EOTZF1118R","29EOTZF1118R1Z8","license_cancelled","2024-04-04","completed","Synthetic license cancelled event for prototype lookup."
"EVT-00253","CG-0120","Shops and Establishments","SHOPS-0120-1","EQVBH1120T","29EQVBH1120T1Z0","closure_application","2024-04-01","submitted","Synthetic closure application event for prototype lookup."
"EVT-00254","AMB-002","BWSSB","BWSSB-9002","","","closure_application","2024-03-29","submitted","Synthetic closure application event for prototype lookup."
"EVT-00255","AMB-007","BESCOM","BESCOM-9007","","","renewal","2024-03-26","completed","Synthetic renewal event for prototype lookup."
"EVT-00256","AMB-012","BWSSB","BWSSB-9012","","","renewal","2024-03-23","completed","Synthetic renewal event for prototype lookup."
"EVT-00257","AMB-017","BESCOM","BESCOM-9017","","","inspection","2024-03-20","completed","Synthetic inspection event for prototype lookup."
"EVT-00258","AMB-022","BWSSB","BWSSB-9022","","","inspection","2024-03-17","completed","Synthetic inspection event for prototype lookup."
"EVT-00259","AMB-027","BESCOM","BESCOM-9027","","","water_usage","2024-03-14","completed","Synthetic water usage event for prototype lookup."
"EVT-00260","AMB-032","BWSSB","BWSSB-9032","","","water_usage","2024-03-11","completed","Synthetic water usage event for prototype lookup."
"EVT-00261","CG-0001","Shops and Establishments","SHOPS-0001-1","ABGMS1001E","29ABGMS1001E1Z1","license_update","2024-03-08","completed","Synthetic license update event for prototype lookup."
"EVT-00262","CG-0002","Shops and Establishments","SHOPS-0002-1","ACHNT1002F","29ACHNT1002F1Z2","closure_application","2024-03-05","submitted","Synthetic closure application event for prototype lookup."
"EVT-00263","CG-0003","Shops and Establishments","SHOPS-0003-1","ADIOU1003G","29ADIOU1003G1Z3","license_cancelled","2024-03-02","completed","Synthetic license cancelled event for prototype lookup."
"EVT-00264","CG-0004","Shops and Establishments","SHOPS-0004-1","AEJPV1004H","29AEJPV1004H1Z4","license_cancelled","2024-02-28","completed","Synthetic license cancelled event for prototype lookup."
"EVT-00265","CG-0005","Shops and Establishments","SHOPS-0005-1","AFKQW1005I","29AFKQW1005I1Z5","compliance_filing","2024-02-25","completed","Synthetic compliance filing event for prototype lookup."
"EVT-00266","CG-0006","Shops and Establishments","SHOPS-0006-1","AGLRX1006J","29AGLRX1006J1Z6","inspection","2024-02-22","completed","Synthetic inspection event for prototype lookup."
"EVT-00267","CG-0007","Shops and Establishments","SHOPS-0007-1","AHMSY1007K","29AHMSY1007K1Z7","electricity_usage","2024-02-19","completed","Synthetic electricity usage event for prototype lookup."
"EVT-00268","CG-0008","Shops and Establishments","SHOPS-0008-1","AINTZ1008L","29AINTZ1008L1Z8","water_usage","2024-02-16","completed","Synthetic water usage event for prototype lookup."
"EVT-00269","CG-0009","Shops and Establishments","SHOPS-0009-1","AJOUA1009M","29AJOUA1009M1Z9","pollution_consent","2024-02-13","completed","Synthetic pollution consent event for prototype lookup."
"EVT-00270","CG-0010","Labour","LABOUR-0010-3","AKPVB1010N","29AKPVB1010N1Z0","license_update","2024-02-10","completed","Synthetic license update event for prototype lookup."
"EVT-00271","CG-0012","Shops and Establishments","SHOPS-0012-1","AMRXD1012P","29AMRXD1012P1Z2","closure_application","2024-02-07","submitted","Synthetic closure application event for prototype lookup."
"EVT-00272","CG-0013","Labour","LABOUR-0013-3","ANSYE1013Q","29ANSYE1013Q1Z3","license_cancelled","2024-02-04","completed","Synthetic license cancelled event for prototype lookup."
"EVT-00273","CG-0015","Factories","FACTORIES-0015-2","APUAG1015S","29APUAG1015S1Z5","electricity_usage","2024-02-01","completed","Synthetic electricity usage event for prototype lookup."
"EVT-00274","CG-0016","Labour","LABOUR-0016-3","AQVBH1016T","","compliance_filing","2024-01-29","completed","Synthetic compliance filing event for prototype lookup."
"EVT-00275","CG-0018","Factories","FACTORIES-0018-2","ASXDJ1018V","29ASXDJ1018V1Z8","pollution_consent","2024-01-26","completed","Synthetic pollution consent event for prototype lookup."
"EVT-00276","CG-0020","Shops and Establishments","SHOPS-0020-1","AUZFL1020X","29AUZFL1020X1Z0","electricity_usage","2024-01-23","completed","Synthetic electricity usage event for prototype lookup."
"EVT-00277","CG-0021","Factories","FACTORIES-0021-2","AVAGM1021Y","29AVAGM1021Y1Z1","closure_application","2024-01-20","submitted","Synthetic closure application event for prototype lookup."
"EVT-00278","CG-0023","Shops and Establishments","SHOPS-0023-1","AXCIO1023A","29AXCIO1023A1Z3","pollution_consent","2024-01-17","completed","Synthetic pollution consent event for prototype lookup."
"EVT-00279","CG-0024","Labour","LABOUR-0024-3","AYDJP1024B","","license_update","2024-01-14","completed","Synthetic license update event for prototype lookup."
"EVT-00280","CG-0026","Shops and Establishments","SHOPS-0026-1","BAFLR1026D","29BAFLR1026D1Z6","closure_application","2024-01-11","submitted","Synthetic closure application event for prototype lookup."
"EVT-00281","CG-0027","Labour","LABOUR-0027-3","BBGMS1027E","29BBGMS1027E1Z7","license_cancelled","2024-01-08","completed","Synthetic license cancelled event for prototype lookup."
"EVT-00282","CG-0029","Factories","FACTORIES-0029-2","BDIOU1029G","29BDIOU1029G1Z9","electricity_usage","2024-01-05","completed","Synthetic electricity usage event for prototype lookup."
"EVT-00283","CG-0030","KSPCB","KSPCB-0030-4","","29BEJPV1030H1Z0","renewal","2024-01-02","completed","Synthetic renewal event for prototype lookup."
"EVT-00284","CG-0032","Factories","FACTORIES-0032-2","BGLRX1032J","29BGLRX1032J1Z2","pollution_consent","2023-12-30","completed","Synthetic pollution consent event for prototype lookup."
"EVT-00285","CG-0034","Shops and Establishments","SHOPS-0034-1","BINTZ1034L","29BINTZ1034L1Z4","electricity_usage","2023-12-27","completed","Synthetic electricity usage event for prototype lookup."
"EVT-00286","CG-0035","Labour","LABOUR-0035-3","BJOUA1035M","29BJOUA1035M1Z5","water_usage","2023-12-24","completed","Synthetic water usage event for prototype lookup."
"EVT-00287","CG-0037","Shops and Establishments","SHOPS-0037-1","BLQWC1037O","29BLQWC1037O1Z7","pollution_consent","2023-12-21","completed","Synthetic pollution consent event for prototype lookup."
"EVT-00288","CG-0038","Labour","LABOUR-0038-3","BMRXD1038P","29BMRXD1038P1Z8","license_update","2023-12-18","completed","Synthetic license update event for prototype lookup."
"EVT-00289","CG-0040","Factories","FACTORIES-0040-2","BOTZF1040R","29BOTZF1040R1Z0","compliance_filing","2023-12-15","completed","Synthetic compliance filing event for prototype lookup."
"EVT-00290","CG-0041","Labour","LABOUR-0041-3","BPUAG1041S","29BPUAG1041S1Z1","license_cancelled","2023-12-12","completed","Synthetic license cancelled event for prototype lookup."
"EVT-00291","CG-0043","Factories","FACTORIES-0043-2","BRWCI1043U","29BRWCI1043U1Z3","electricity_usage","2023-12-09","completed","Synthetic electricity usage event for prototype lookup."
"EVT-00292","CG-0045","Shops and Establishments","SHOPS-0045-1","BTYEK1045W","29BTYEK1045W1Z5","compliance_filing","2023-12-06","completed","Synthetic compliance filing event for prototype lookup."
"EVT-00293","CG-0046","Factories","FACTORIES-0046-2","BUZFL1046X","29BUZFL1046X1Z6","pollution_consent","2023-12-03","completed","Synthetic pollution consent event for prototype lookup."
"EVT-00294","CG-0048","Shops and Establishments","SHOPS-0048-1","BWBHN1048Z","29BWBHN1048Z1Z8","electricity_usage","2023-11-30","completed","Synthetic electricity usage event for prototype lookup."
"EVT-00295","CG-0049","BESCOM","BESCOM-0049-3","BXCIO1049A","29BXCIO1049A1Z9","water_usage","2023-11-27","completed","Synthetic water usage event for prototype lookup."
"EVT-00296","CG-0051","Shops and Establishments","SHOPS-0051-1","BZEKQ1051C","29BZEKQ1051C1Z1","pollution_consent","2023-11-24","completed","Synthetic pollution consent event for prototype lookup."
"EVT-00297","CG-0052","Labour","LABOUR-0052-3","CAFLR1052D","29CAFLR1052D1Z2","license_update","2023-11-21","completed","Synthetic license update event for prototype lookup."
"EVT-00298","CG-0054","Factories","FACTORIES-0054-2","CCHNT1054F","29CCHNT1054F1Z4","compliance_filing","2023-11-18","completed","Synthetic compliance filing event for prototype lookup."
"EVT-00299","CG-0055","BWSSB","BWSSB-0055-4","CDIOU1055G","29CDIOU1055G1Z5","closure_application","2023-11-15","submitted","Synthetic closure application event for prototype lookup."
"EVT-00300","CG-0057","Factories","FACTORIES-0057-2","CFKQW1057I","29CFKQW1057I1Z7","electricity_usage","2026-04-30","completed","Synthetic electricity usage event for prototype lookup."
"EVT-00301","CG-0059","Shops and Establishments","SHOPS-0059-1","CHMSY1059K","29CHMSY1059K1Z9","compliance_filing","2026-04-27","completed","Synthetic compliance filing event for prototype lookup."
"EVT-00302","CG-0060","Labour","LABOUR-0060-3","CINTZ1060L","29CINTZ1060L1Z0","inspection","2026-04-24","completed","Synthetic inspection event for prototype lookup."
"EVT-00303","CG-0062","Shops and Establishments","SHOPS-0062-1","CKPVB1062N","29CKPVB1062N1Z2","electricity_usage","2026-04-21","completed","Synthetic electricity usage event for prototype lookup."
"EVT-00304","CG-0063","BESCOM","BESCOM-0063-3","CLQWC1063O","29CLQWC1063O1Z3","water_usage","2026-04-18","completed","Synthetic water usage event for prototype lookup."
"EVT-00305","CG-0065","Factories","FACTORIES-0065-2","CNSYE1065Q","29CNSYE1065Q1Z5","license_cancelled","2026-04-15","completed","Synthetic license cancelled event for prototype lookup."
"EVT-00306","CG-0066","BWSSB","BWSSB-0066-3","","29COTZF1066R1Z6","pollution_consent","2026-04-12","completed","Synthetic pollution consent event for prototype lookup."
"EVT-00307","CG-0068","Factories","FACTORIES-0068-2","CQVBH1068T","29CQVBH1068T1Z8","compliance_filing","2026-04-09","completed","Synthetic compliance filing event for prototype lookup."
"EVT-00308","CG-0070","Shops and Establishments","SHOPS-0070-1","CSXDJ1070V","29CSXDJ1070V1Z0","license_cancelled","2026-04-06","completed","Synthetic license cancelled event for prototype lookup."
"EVT-00309","CG-0071","Factories","FACTORIES-0071-2","CTYEK1071W","29CTYEK1071W1Z1","electricity_usage","2026-04-03","completed","Synthetic electricity usage event for prototype lookup."
"EVT-00310","CG-0073","Shops and Establishments","SHOPS-0073-1","CVAGM1073Y","29CVAGM1073Y1Z3","compliance_filing","2026-03-31","completed","Synthetic compliance filing event for prototype lookup."
"EVT-00311","CG-0074","Labour","LABOUR-0074-3","CWBHN1074Z","29CWBHN1074Z1Z4","inspection","2026-03-28","completed","Synthetic inspection event for prototype lookup."
"EVT-00312","CG-0076","Shops and Establishments","SHOPS-0076-1","CYDJP1076B","29CYDJP1076B1Z6","electricity_usage","2026-03-25","completed","Synthetic electricity usage event for prototype lookup."
"EVT-00313","CG-0077","BWSSB","BWSSB-0077-3","CZEKQ1077C","29CZEKQ1077C1Z7","electricity_usage","2026-03-22","completed","Synthetic electricity usage event for prototype lookup."
"EVT-00314","CG-0079","Factories","FACTORIES-0079-2","DBGMS1079E","29DBGMS1079E1Z9","license_cancelled","2026-03-19","completed","Synthetic license cancelled event for prototype lookup."
"EVT-00315","CG-0080","KSPCB","KSPCB-0080-4","DCHNT1080F","29DCHNT1080F1Z0","pollution_consent","2026-03-16","completed","Synthetic pollution consent event for prototype lookup."
"EVT-00316","CG-0082","Factories","FACTORIES-0082-2","DEJPV1082H","29DEJPV1082H1Z2","compliance_filing","2026-03-13","completed","Synthetic compliance filing event for prototype lookup."
"EVT-00317","CG-0084","Shops and Establishments","SHOPS-0084-1","DGLRX1084J","29DGLRX1084J1Z4","license_cancelled","2026-03-10","completed","Synthetic license cancelled event for prototype lookup."
"EVT-00318","CG-0085","Labour","LABOUR-0085-3","DHMSY1085K","29DHMSY1085K1Z5","renewal","2026-03-07","completed","Synthetic renewal event for prototype lookup."
"EVT-00319","CG-0087","Shops and Establishments","SHOPS-0087-1","DJOUA1087M","29DJOUA1087M1Z7","compliance_filing","2026-03-04","completed","Synthetic compliance filing event for prototype lookup."
"EVT-00320","CG-0088","BWSSB","BWSSB-0088-3","DKPVB1088N","29DKPVB1088N1Z8","compliance_filing","2026-03-01","completed","Synthetic compliance filing event for prototype lookup."
"EVT-00321","CG-0090","Factories","FACTORIES-0090-2","DMRXD1090P","29DMRXD1090P1Z0","license_update","2026-02-26","completed","Synthetic license update event for prototype lookup."
"EVT-00322","CG-0091","BESCOM","BESCOM-0091-3","","","water_usage","2026-02-23","completed","Synthetic water usage event for prototype lookup."
"EVT-00323","CG-0093","Factories","FACTORIES-0093-2","DPUAG1093S","29DPUAG1093S1Z3","license_cancelled","2026-02-20","completed","Synthetic license cancelled event for prototype lookup."
"EVT-00324","CG-0095","Shops and Establishments","SHOPS-0095-1","BADPAN095","29DRWCI1095U1Z5","license_update","2026-02-17","completed","Synthetic license update event for prototype lookup."
"EVT-00325","CG-0096","Factories","FACTORIES-0096-2","DSXDJ1096V","29DSXDJ1096V1Z6","compliance_filing","2026-02-14","completed","Synthetic compliance filing event for prototype lookup."
"EVT-00326","CG-0098","Shops and Establishments","SHOPS-0098-1","BADPAN098","29DUZFL1098X1Z8","license_cancelled","2026-02-11","completed","Synthetic license cancelled event for prototype lookup."
"EVT-00327","CG-0099","BWSSB","BWSSB-0099-3","DVAGM1099Y","29DVAGM1099Y1Z9","license_cancelled","2026-02-08","completed","Synthetic license cancelled event for prototype lookup."
"EVT-00328","CG-0101","Shops and Establishments","SHOPS-0101-1","BADPAN101","29DXCIO1101A1Z1","compliance_filing","2026-02-05","completed","Synthetic compliance filing event for prototype lookup."
"EVT-00329","CG-0102","Labour","LABOUR-0102-3","DYDJP1102B","29DYDJP1102B1Z2","inspection","2026-02-02","completed","Synthetic inspection event for prototype lookup."
"EVT-00330","CG-0104","Factories","FACTORIES-0104-2","EAFLR1104D","29EAFLR1104D1Z4","license_update","2026-01-30","completed","Synthetic license update event for prototype lookup."
"EVT-00331","CG-0105","BESCOM","BESCOM-0105-4","EBGMS1105E","29EBGMS1105E1Z5","water_usage","2026-01-27","completed","Synthetic water usage event for prototype lookup."
"EVT-00332","CG-0107","Factories","FACTORIES-0107-2","EDIOU1107G","29EDIOU1107G1Z7","license_cancelled","2026-01-24","completed","Synthetic license cancelled event for prototype lookup."
"EVT-00333","CG-0109","Shops and Establishments","SHOPS-0109-1","EFKQW1109I","29BADGSTIN109XX","license_update","2026-01-21","completed","Synthetic license update event for prototype lookup."
"EVT-00334","CG-0110","Labour","LABOUR-0110-3","EGLRX1110J","29EGLRX1110J1Z0","closure_application","2026-01-18","submitted","Synthetic closure application event for prototype lookup."
"EVT-00335","CG-0112","Shops and Establishments","SHOPS-0112-1","EINTZ1112L","29BADGSTIN112XX","license_cancelled","2026-01-15","completed","Synthetic license cancelled event for prototype lookup."
"EVT-00336","CG-0113","Labour","LABOUR-0113-3","EJOUA1113M","29EJOUA1113M1Z3","renewal","2026-01-12","completed","Synthetic renewal event for prototype lookup."
"EVT-00337","CG-0115","Factories","FACTORIES-0115-2","ELQWC1115O","29ELQWC1115O1Z5","water_usage","2026-01-09","completed","Synthetic water usage event for prototype lookup."
"EVT-00338","CG-0116","Labour","LABOUR-0116-3","EMRXD1116P","29EMRXD1116P1Z6","inspection","2026-01-06","completed","Synthetic inspection event for prototype lookup."
"EVT-00339","CG-0118","Factories","FACTORIES-0118-2","EOTZF1118R","29EOTZF1118R1Z8","license_update","2026-01-03","completed","Synthetic license update event for prototype lookup."
"EVT-00340","CG-0120","Shops and Establishments","SHOPS-0120-1","EQVBH1120T","29EQVBH1120T1Z0","water_usage","2025-12-31","completed","Synthetic water usage event for prototype lookup."
"EVT-00341","AMB-002","BWSSB","BWSSB-9002","","","water_usage","2025-12-28","completed","Synthetic water usage event for prototype lookup."
"EVT-00342","AMB-007","BESCOM","BESCOM-9007","","","license_update","2025-12-25","completed","Synthetic license update event for prototype lookup."
"EVT-00343","AMB-012","BWSSB","BWSSB-9012","","","license_update","2025-12-22","completed","Synthetic license update event for prototype lookup."
"EVT-00344","AMB-017","BESCOM","BESCOM-9017","","","license_cancelled","2025-12-19","completed","Synthetic license cancelled event for prototype lookup."
"EVT-00345","AMB-022","BWSSB","BWSSB-9022","","","license_cancelled","2025-12-16","completed","Synthetic license cancelled event for prototype lookup."
"EVT-00346","AMB-027","BESCOM","BESCOM-9027","","","compliance_filing","2025-12-13","completed","Synthetic compliance filing event for prototype lookup."
"EVT-00347","AMB-032","BWSSB","BWSSB-9032","","","compliance_filing","2025-12-10","completed","Synthetic compliance filing event for prototype lookup."
"EVT-00348","CG-0001","Shops and Establishments","SHOPS-0001-1","ABGMS1001E","29ABGMS1001E1Z1","electricity_usage","2025-12-07","completed","Synthetic electricity usage event for prototype lookup."
"EVT-00349","CG-0002","Shops and Establishments","SHOPS-0002-1","ACHNT1002F","29ACHNT1002F1Z2","water_usage","2025-12-04","completed","Synthetic water usage event for prototype lookup."
"EVT-00350","CG-0003","Shops and Establishments","SHOPS-0003-1","ADIOU1003G","29ADIOU1003G1Z3","pollution_consent","2025-12-01","completed","Synthetic pollution consent event for prototype lookup."
"EVT-00351","CG-0004","Shops and Establishments","SHOPS-0004-1","AEJPV1004H","29AEJPV1004H1Z4","license_update","2025-11-28","completed","Synthetic license update event for prototype lookup."
"EVT-00352","CG-0005","Shops and Establishments","SHOPS-0005-1","AFKQW1005I","29AFKQW1005I1Z5","closure_application","2025-11-25","submitted","Synthetic closure application event for prototype lookup."
"EVT-00353","CG-0006","Shops and Establishments","SHOPS-0006-1","AGLRX1006J","29AGLRX1006J1Z6","license_cancelled","2025-11-22","completed","Synthetic license cancelled event for prototype lookup."
"EVT-00354","CG-0007","Shops and Establishments","SHOPS-0007-1","AHMSY1007K","29AHMSY1007K1Z7","renewal","2025-11-19","completed","Synthetic renewal event for prototype lookup."
"EVT-00355","CG-0008","Shops and Establishments","SHOPS-0008-1","AINTZ1008L","29AINTZ1008L1Z8","compliance_filing","2025-11-16","completed","Synthetic compliance filing event for prototype lookup."
"EVT-00356","CG-0009","Shops and Establishments","SHOPS-0009-1","AJOUA1009M","29AJOUA1009M1Z9","license_cancelled","2025-11-13","completed","Synthetic license cancelled event for prototype lookup."
"EVT-00357","CG-0010","Labour","LABOUR-0010-3","AKPVB1010N","29AKPVB1010N1Z0","electricity_usage","2025-11-10","completed","Synthetic electricity usage event for prototype lookup."
"EVT-00358","CG-0012","Shops and Establishments","SHOPS-0012-1","AMRXD1012P","29AMRXD1012P1Z2","water_usage","2025-11-07","completed","Synthetic water usage event for prototype lookup."
"EVT-00359","CG-0013","Labour","LABOUR-0013-3","ANSYE1013Q","29ANSYE1013Q1Z3","pollution_consent","2025-11-04","completed","Synthetic pollution consent event for prototype lookup."
"EVT-00360","CG-0015","Factories","FACTORIES-0015-2","APUAG1015S","29APUAG1015S1Z5","renewal","2025-11-01","completed","Synthetic renewal event for prototype lookup."
"EVT-00361","CG-0016","Labour","LABOUR-0016-3","AQVBH1016T","","closure_application","2025-10-29","submitted","Synthetic closure application event for prototype lookup."
"EVT-00362","CG-0018","Factories","FACTORIES-0018-2","ASXDJ1018V","29ASXDJ1018V1Z8","inspection","2025-10-26","completed","Synthetic inspection event for prototype lookup."
"EVT-00363","CG-0020","Shops and Establishments","SHOPS-0020-1","AUZFL1020X","29AUZFL1020X1Z0","renewal","2025-10-23","completed","Synthetic renewal event for prototype lookup."
"EVT-00364","CG-0021","Factories","FACTORIES-0021-2","AVAGM1021Y","29AVAGM1021Y1Z1","water_usage","2025-10-20","completed","Synthetic water usage event for prototype lookup."
"EVT-00365","CG-0023","Shops and Establishments","SHOPS-0023-1","AXCIO1023A","29AXCIO1023A1Z3","inspection","2025-10-17","completed","Synthetic inspection event for prototype lookup."
"EVT-00366","CG-0024","Labour","LABOUR-0024-3","AYDJP1024B","","electricity_usage","2025-10-14","completed","Synthetic electricity usage event for prototype lookup."
"EVT-00367","CG-0026","Shops and Establishments","SHOPS-0026-1","BAFLR1026D","29BAFLR1026D1Z6","water_usage","2025-10-11","completed","Synthetic water usage event for prototype lookup."
"EVT-00368","CG-0027","Labour","LABOUR-0027-3","BBGMS1027E","29BBGMS1027E1Z7","license_cancelled","2025-10-08","completed","Synthetic license cancelled event for prototype lookup."
"EVT-00369","CG-0029","Factories","FACTORIES-0029-2","BDIOU1029G","29BDIOU1029G1Z9","renewal","2025-10-05","completed","Synthetic renewal event for prototype lookup."
"EVT-00370","CG-0030","KSPCB","KSPCB-0030-4","","29BEJPV1030H1Z0","license_update","2025-10-02","completed","Synthetic license update event for prototype lookup."
"EVT-00371","CG-0032","Factories","FACTORIES-0032-2","BGLRX1032J","29BGLRX1032J1Z2","inspection","2025-09-29","completed","Synthetic inspection event for prototype lookup."
"EVT-00372","CG-0034","Shops and Establishments","SHOPS-0034-1","BINTZ1034L","29BINTZ1034L1Z4","license_cancelled","2025-09-26","completed","Synthetic license cancelled event for prototype lookup."
"EVT-00373","CG-0035","Labour","LABOUR-0035-3","BJOUA1035M","29BJOUA1035M1Z5","compliance_filing","2025-09-23","completed","Synthetic compliance filing event for prototype lookup."
"EVT-00374","CG-0037","Shops and Establishments","SHOPS-0037-1","BLQWC1037O","29BLQWC1037O1Z7","inspection","2025-09-20","completed","Synthetic inspection event for prototype lookup."
"EVT-00375","CG-0038","Labour","LABOUR-0038-3","BMRXD1038P","29BMRXD1038P1Z8","electricity_usage","2025-09-17","completed","Synthetic electricity usage event for prototype lookup."
"EVT-00376","CG-0040","Factories","FACTORIES-0040-2","BOTZF1040R","29BOTZF1040R1Z0","closure_application","2025-09-14","submitted","Synthetic closure application event for prototype lookup."
"EVT-00377","CG-0041","Labour","LABOUR-0041-3","BPUAG1041S","29BPUAG1041S1Z1","pollution_consent","2025-09-11","completed","Synthetic pollution consent event for prototype lookup."
"EVT-00378","CG-0043","Factories","FACTORIES-0043-2","BRWCI1043U","29BRWCI1043U1Z3","renewal","2025-09-08","completed","Synthetic renewal event for prototype lookup."
"EVT-00379","CG-0045","Shops and Establishments","SHOPS-0045-1","BTYEK1045W","29BTYEK1045W1Z5","closure_application","2025-09-05","submitted","Synthetic closure application event for prototype lookup."
"EVT-00380","CG-0046","Factories","FACTORIES-0046-2","BUZFL1046X","29BUZFL1046X1Z6","inspection","2025-09-02","completed","Synthetic inspection event for prototype lookup."
"EVT-00381","CG-0048","Shops and Establishments","SHOPS-0048-1","BWBHN1048Z","29BWBHN1048Z1Z8","renewal","2025-08-30","completed","Synthetic renewal event for prototype lookup."
"EVT-00382","CG-0049","BESCOM","BESCOM-0049-3","BXCIO1049A","29BXCIO1049A1Z9","compliance_filing","2025-08-27","completed","Synthetic compliance filing event for prototype lookup."
"EVT-00383","CG-0051","Shops and Establishments","SHOPS-0051-1","BZEKQ1051C","29BZEKQ1051C1Z1","inspection","2025-08-24","completed","Synthetic inspection event for prototype lookup."
"EVT-00384","CG-0052","Labour","LABOUR-0052-3","CAFLR1052D","29CAFLR1052D1Z2","license_cancelled","2025-08-21","completed","Synthetic license cancelled event for prototype lookup."
"EVT-00385","CG-0054","Factories","FACTORIES-0054-2","CCHNT1054F","29CCHNT1054F1Z4","closure_application","2025-08-18","submitted","Synthetic closure application event for prototype lookup."
"EVT-00386","CG-0055","BWSSB","BWSSB-0055-4","CDIOU1055G","29CDIOU1055G1Z5","water_usage","2025-08-15","completed","Synthetic water usage event for prototype lookup."
"EVT-00387","CG-0057","Factories","FACTORIES-0057-2","CFKQW1057I","29CFKQW1057I1Z7","renewal","2025-08-12","completed","Synthetic renewal event for prototype lookup."
"EVT-00388","CG-0059","Shops and Establishments","SHOPS-0059-1","CHMSY1059K","29CHMSY1059K1Z9","license_cancelled","2025-08-09","completed","Synthetic license cancelled event for prototype lookup."
"EVT-00389","CG-0060","Labour","LABOUR-0060-3","CINTZ1060L","29CINTZ1060L1Z0","license_cancelled","2025-08-06","completed","Synthetic license cancelled event for prototype lookup."
"EVT-00390","CG-0062","Shops and Establishments","SHOPS-0062-1","CKPVB1062N","29CKPVB1062N1Z2","renewal","2025-08-03","completed","Synthetic renewal event for prototype lookup."
"EVT-00391","CG-0063","BESCOM","BESCOM-0063-3","CLQWC1063O","29CLQWC1063O1Z3","compliance_filing","2025-07-31","completed","Synthetic compliance filing event for prototype lookup."
"EVT-00392","CG-0065","Factories","FACTORIES-0065-2","CNSYE1065Q","29CNSYE1065Q1Z5","pollution_consent","2025-07-28","completed","Synthetic pollution consent event for prototype lookup."
"EVT-00393","CG-0066","BWSSB","BWSSB-0066-3","","29COTZF1066R1Z6","inspection","2025-07-25","completed","Synthetic inspection event for prototype lookup."
"EVT-00394","CG-0068","Factories","FACTORIES-0068-2","CQVBH1068T","29CQVBH1068T1Z8","closure_application","2025-07-22","submitted","Synthetic closure application event for prototype lookup."
"EVT-00395","CG-0070","Shops and Establishments","SHOPS-0070-1","CSXDJ1070V","29CSXDJ1070V1Z0","pollution_consent","2025-07-19","completed","Synthetic pollution consent event for prototype lookup."
"EVT-00396","CG-0071","Factories","FACTORIES-0071-2","CTYEK1071W","29CTYEK1071W1Z1","renewal","2025-07-16","completed","Synthetic renewal event for prototype lookup."
"EVT-00397","CG-0073","Shops and Establishments","SHOPS-0073-1","CVAGM1073Y","29CVAGM1073Y1Z3","closure_application","2025-07-13","submitted","Synthetic closure application event for prototype lookup."
"EVT-00398","CG-0074","Labour","LABOUR-0074-3","CWBHN1074Z","29CWBHN1074Z1Z4","license_cancelled","2025-07-10","completed","Synthetic license cancelled event for prototype lookup."
"EVT-00399","CG-0076","Shops and Establishments","SHOPS-0076-1","CYDJP1076B","29CYDJP1076B1Z6","renewal","2025-07-07","completed","Synthetic renewal event for prototype lookup."
"EVT-00400","CG-0077","BWSSB","BWSSB-0077-3","CZEKQ1077C","29CZEKQ1077C1Z7","license_cancelled","2025-07-04","completed","Synthetic license cancelled event for prototype lookup."
"EVT-00401","CG-0079","Factories","FACTORIES-0079-2","DBGMS1079E","29DBGMS1079E1Z9","pollution_consent","2025-07-01","completed","Synthetic pollution consent event for prototype lookup."
"EVT-00402","CG-0080","KSPCB","KSPCB-0080-4","DCHNT1080F","29DCHNT1080F1Z0","inspection","2025-06-28","completed","Synthetic inspection event for prototype lookup."
"EVT-00403","CG-0082","Factories","FACTORIES-0082-2","DEJPV1082H","29DEJPV1082H1Z2","closure_application","2025-06-25","submitted","Synthetic closure application event for prototype lookup."
"EVT-00404","CG-0084","Shops and Establishments","SHOPS-0084-1","DGLRX1084J","29DGLRX1084J1Z4","license_cancelled","2025-06-22","completed","Synthetic license cancelled event for prototype lookup."
"EVT-00405","CG-0085","Labour","LABOUR-0085-3","DHMSY1085K","29DHMSY1085K1Z5","license_update","2025-06-19","completed","Synthetic license update event for prototype lookup."
"EVT-00406","CG-0087","Shops and Establishments","SHOPS-0087-1","DJOUA1087M","29DJOUA1087M1Z7","closure_application","2025-06-16","submitted","Synthetic closure application event for prototype lookup."
"EVT-00407","CG-0088","BWSSB","BWSSB-0088-3","DKPVB1088N","29DKPVB1088N1Z8","closure_application","2025-06-13","submitted","Synthetic closure application event for prototype lookup."
"EVT-00408","CG-0090","Factories","FACTORIES-0090-2","DMRXD1090P","29DMRXD1090P1Z0","electricity_usage","2025-06-10","completed","Synthetic electricity usage event for prototype lookup."
"EVT-00409","CG-0091","BESCOM","BESCOM-0091-3","","","compliance_filing","2025-06-07","completed","Synthetic compliance filing event for prototype lookup."
"EVT-00410","CG-0093","Factories","FACTORIES-0093-2","DPUAG1093S","29DPUAG1093S1Z3","pollution_consent","2025-06-04","completed","Synthetic pollution consent event for prototype lookup."
"EVT-00411","CG-0095","Shops and Establishments","SHOPS-0095-1","BADPAN095","29DRWCI1095U1Z5","electricity_usage","2025-06-01","completed","Synthetic electricity usage event for prototype lookup."
"EVT-00412","CG-0096","Factories","FACTORIES-0096-2","DSXDJ1096V","29DSXDJ1096V1Z6","closure_application","2025-05-29","submitted","Synthetic closure application event for prototype lookup."
"EVT-00413","CG-0098","Shops and Establishments","SHOPS-0098-1","BADPAN098","29DUZFL1098X1Z8","pollution_consent","2025-05-26","completed","Synthetic pollution consent event for prototype lookup."
"EVT-00414","CG-0099","BWSSB","BWSSB-0099-3","DVAGM1099Y","29DVAGM1099Y1Z9","pollution_consent","2025-05-23","completed","Synthetic pollution consent event for prototype lookup."
"EVT-00415","CG-0101","Shops and Establishments","SHOPS-0101-1","BADPAN101","29DXCIO1101A1Z1","closure_application","2025-05-20","submitted","Synthetic closure application event for prototype lookup."
"EVT-00416","CG-0102","Labour","LABOUR-0102-3","DYDJP1102B","29DYDJP1102B1Z2","license_cancelled","2025-05-17","completed","Synthetic license cancelled event for prototype lookup."
"EVT-00417","CG-0104","Factories","FACTORIES-0104-2","EAFLR1104D","29EAFLR1104D1Z4","electricity_usage","2025-05-14","completed","Synthetic electricity usage event for prototype lookup."
"EVT-00418","CG-0105","BESCOM","BESCOM-0105-4","EBGMS1105E","29EBGMS1105E1Z5","compliance_filing","2025-05-11","completed","Synthetic compliance filing event for prototype lookup."
"EVT-00419","CG-0107","Factories","FACTORIES-0107-2","EDIOU1107G","29EDIOU1107G1Z7","pollution_consent","2025-05-08","completed","Synthetic pollution consent event for prototype lookup."
"EVT-00420","CG-0109","Shops and Establishments","SHOPS-0109-1","EFKQW1109I","29BADGSTIN109XX","license_cancelled","2025-05-05","completed","Synthetic license cancelled event for prototype lookup."
"EVT-00421","CG-0110","Labour","LABOUR-0110-3","EGLRX1110J","29EGLRX1110J1Z0","water_usage","2025-05-02","completed","Synthetic water usage event for prototype lookup."
"EVT-00422","CG-0112","Shops and Establishments","SHOPS-0112-1","EINTZ1112L","29BADGSTIN112XX","pollution_consent","2025-04-29","completed","Synthetic pollution consent event for prototype lookup."
"EVT-00423","CG-0113","Labour","LABOUR-0113-3","EJOUA1113M","29EJOUA1113M1Z3","license_update","2025-04-26","completed","Synthetic license update event for prototype lookup."
"EVT-00424","CG-0115","Factories","FACTORIES-0115-2","ELQWC1115O","29ELQWC1115O1Z5","compliance_filing","2025-04-23","completed","Synthetic compliance filing event for prototype lookup."
"EVT-00425","CG-0116","Labour","LABOUR-0116-3","EMRXD1116P","29EMRXD1116P1Z6","license_cancelled","2025-04-20","completed","Synthetic license cancelled event for prototype lookup."
"EVT-00426","CG-0118","Factories","FACTORIES-0118-2","EOTZF1118R","29EOTZF1118R1Z8","electricity_usage","2025-04-17","completed","Synthetic electricity usage event for prototype lookup."
"EVT-00427","CG-0120","Shops and Establishments","SHOPS-0120-1","EQVBH1120T","29EQVBH1120T1Z0","compliance_filing","2025-04-14","completed","Synthetic compliance filing event for prototype lookup."
"EVT-00428","AMB-002","BWSSB","BWSSB-9002","","","compliance_filing","2025-04-11","completed","Synthetic compliance filing event for prototype lookup."
"EVT-00429","AMB-007","BESCOM","BESCOM-9007","","","electricity_usage","2025-04-08","completed","Synthetic electricity usage event for prototype lookup."
"EVT-00430","AMB-012","BWSSB","BWSSB-9012","","","electricity_usage","2025-04-05","completed","Synthetic electricity usage event for prototype lookup."
"EVT-00431","AMB-017","BESCOM","BESCOM-9017","","","pollution_consent","2025-04-02","completed","Synthetic pollution consent event for prototype lookup."
"EVT-00432","AMB-022","BWSSB","BWSSB-9022","","","pollution_consent","2025-03-30","completed","Synthetic pollution consent event for prototype lookup."
"EVT-00433","AMB-027","BESCOM","BESCOM-9027","","","closure_application","2025-03-27","submitted","Synthetic closure application event for prototype lookup."
"EVT-00434","AMB-032","BWSSB","BWSSB-9032","","","closure_application","2025-03-24","submitted","Synthetic closure application event for prototype lookup."
"EVT-00435","CG-0001","Shops and Establishments","SHOPS-0001-1","ABGMS1001E","29ABGMS1001E1Z1","renewal","2025-03-21","completed","Synthetic renewal event for prototype lookup."
"EVT-00436","CG-0002","Shops and Establishments","SHOPS-0002-1","ACHNT1002F","29ACHNT1002F1Z2","compliance_filing","2025-03-18","completed","Synthetic compliance filing event for prototype lookup."
"EVT-00437","CG-0003","Shops and Establishments","SHOPS-0003-1","ADIOU1003G","29ADIOU1003G1Z3","inspection","2025-03-15","completed","Synthetic inspection event for prototype lookup."
"EVT-00438","CG-0004","Shops and Establishments","SHOPS-0004-1","AEJPV1004H","29AEJPV1004H1Z4","electricity_usage","2025-03-12","completed","Synthetic electricity usage event for prototype lookup."
"EVT-00439","CG-0005","Shops and Establishments","SHOPS-0005-1","AFKQW1005I","29AFKQW1005I1Z5","water_usage","2025-03-09","completed","Synthetic water usage event for prototype lookup."
"EVT-00440","CG-0006","Shops and Establishments","SHOPS-0006-1","AGLRX1006J","29AGLRX1006J1Z6","pollution_consent","2025-03-06","completed","Synthetic pollution consent event for prototype lookup."
"EVT-00441","CG-0007","Shops and Establishments","SHOPS-0007-1","AHMSY1007K","29AHMSY1007K1Z7","license_update","2025-03-03","completed","Synthetic license update event for prototype lookup."
"EVT-00442","CG-0008","Shops and Establishments","SHOPS-0008-1","AINTZ1008L","29AINTZ1008L1Z8","closure_application","2025-02-28","submitted","Synthetic closure application event for prototype lookup."
"EVT-00443","CG-0009","Shops and Establishments","SHOPS-0009-1","AJOUA1009M","29AJOUA1009M1Z9","license_cancelled","2025-02-25","completed","Synthetic license cancelled event for prototype lookup."
"EVT-00444","CG-0010","Labour","LABOUR-0010-3","AKPVB1010N","29AKPVB1010N1Z0","renewal","2025-02-22","completed","Synthetic renewal event for prototype lookup."
"EVT-00445","CG-0012","Shops and Establishments","SHOPS-0012-1","AMRXD1012P","29AMRXD1012P1Z2","compliance_filing","2025-02-19","completed","Synthetic compliance filing event for prototype lookup."
"EVT-00446","CG-0013","Labour","LABOUR-0013-3","ANSYE1013Q","29ANSYE1013Q1Z3","inspection","2025-02-16","completed","Synthetic inspection event for prototype lookup."
"EVT-00447","CG-0015","Factories","FACTORIES-0015-2","APUAG1015S","29APUAG1015S1Z5","license_update","2025-02-13","completed","Synthetic license update event for prototype lookup."
"EVT-00448","CG-0016","Labour","LABOUR-0016-3","AQVBH1016T","","water_usage","2025-02-10","completed","Synthetic water usage event for prototype lookup."
"EVT-00449","CG-0018","Factories","FACTORIES-0018-2","ASXDJ1018V","29ASXDJ1018V1Z8","license_cancelled","2025-02-07","completed","Synthetic license cancelled event for prototype lookup."
"EVT-00450","CG-0020","Shops and Establishments","SHOPS-0020-1","AUZFL1020X","29AUZFL1020X1Z0","license_update","2025-02-04","completed","Synthetic license update event for prototype lookup."
"EVT-00451","CG-0021","Factories","FACTORIES-0021-2","AVAGM1021Y","29AVAGM1021Y1Z1","compliance_filing","2025-02-01","completed","Synthetic compliance filing event for prototype lookup."
"EVT-00452","CG-0023","Shops and Establishments","SHOPS-0023-1","AXCIO1023A","29AXCIO1023A1Z3","license_cancelled","2025-01-29","completed","Synthetic license cancelled event for prototype lookup."
"EVT-00453","CG-0024","Labour","LABOUR-0024-3","AYDJP1024B","","renewal","2025-01-26","completed","Synthetic renewal event for prototype lookup."
"EVT-00454","CG-0026","Shops and Establishments","SHOPS-0026-1","BAFLR1026D","29BAFLR1026D1Z6","compliance_filing","2025-01-23","completed","Synthetic compliance filing event for prototype lookup."
"EVT-00455","CG-0027","Labour","LABOUR-0027-3","BBGMS1027E","29BBGMS1027E1Z7","inspection","2025-01-20","completed","Synthetic inspection event for prototype lookup."
"EVT-00456","CG-0029","Factories","FACTORIES-0029-2","BDIOU1029G","29BDIOU1029G1Z9","license_update","2025-01-17","completed","Synthetic license update event for prototype lookup."
"EVT-00457","CG-0030","KSPCB","KSPCB-0030-4","","29BEJPV1030H1Z0","electricity_usage","2025-01-14","completed","Synthetic electricity usage event for prototype lookup."
"EVT-00458","CG-0032","Factories","FACTORIES-0032-2","BGLRX1032J","29BGLRX1032J1Z2","license_cancelled","2025-01-11","completed","Synthetic license cancelled event for prototype lookup."
"EVT-00459","CG-0034","Shops and Establishments","SHOPS-0034-1","BINTZ1034L","29BINTZ1034L1Z4","license_update","2025-01-08","completed","Synthetic license update event for prototype lookup."
"EVT-00460","CG-0035","Labour","LABOUR-0035-3","BJOUA1035M","29BJOUA1035M1Z5","closure_application","2025-01-05","submitted","Synthetic closure application event for prototype lookup."
"EVT-00461","CG-0037","Shops and Establishments","SHOPS-0037-1","BLQWC1037O","29BLQWC1037O1Z7","license_cancelled","2025-01-02","completed","Synthetic license cancelled event for prototype lookup."
"EVT-00462","CG-0038","Labour","LABOUR-0038-3","BMRXD1038P","29BMRXD1038P1Z8","renewal","2024-12-30","completed","Synthetic renewal event for prototype lookup."
"EVT-00463","CG-0040","Factories","FACTORIES-0040-2","BOTZF1040R","29BOTZF1040R1Z0","water_usage","2024-12-27","completed","Synthetic water usage event for prototype lookup."
"EVT-00464","CG-0041","Labour","LABOUR-0041-3","BPUAG1041S","29BPUAG1041S1Z1","inspection","2024-12-24","completed","Synthetic inspection event for prototype lookup."
"EVT-00465","CG-0043","Factories","FACTORIES-0043-2","BRWCI1043U","29BRWCI1043U1Z3","license_update","2024-12-21","completed","Synthetic license update event for prototype lookup."
"EVT-00466","CG-0045","Shops and Establishments","SHOPS-0045-1","BTYEK1045W","29BTYEK1045W1Z5","water_usage","2024-12-18","completed","Synthetic water usage event for prototype lookup."
"EVT-00467","CG-0046","Factories","FACTORIES-0046-2","BUZFL1046X","29BUZFL1046X1Z6","license_cancelled","2024-12-15","completed","Synthetic license cancelled event for prototype lookup."
"EVT-00468","CG-0048","Shops and Establishments","SHOPS-0048-1","BWBHN1048Z","29BWBHN1048Z1Z8","license_update","2024-12-12","completed","Synthetic license update event for prototype lookup."
"EVT-00469","CG-0049","BESCOM","BESCOM-0049-3","BXCIO1049A","29BXCIO1049A1Z9","closure_application","2024-12-09","submitted","Synthetic closure application event for prototype lookup."
"EVT-00470","CG-0051","Shops and Establishments","SHOPS-0051-1","BZEKQ1051C","29BZEKQ1051C1Z1","license_cancelled","2024-12-06","completed","Synthetic license cancelled event for prototype lookup."
"EVT-00471","CG-0052","Labour","LABOUR-0052-3","CAFLR1052D","29CAFLR1052D1Z2","renewal","2024-12-03","completed","Synthetic renewal event for prototype lookup."
"EVT-00472","CG-0054","Factories","FACTORIES-0054-2","CCHNT1054F","29CCHNT1054F1Z4","water_usage","2024-11-30","completed","Synthetic water usage event for prototype lookup."
"EVT-00473","CG-0055","BWSSB","BWSSB-0055-4","CDIOU1055G","29CDIOU1055G1Z5","compliance_filing","2024-11-27","completed","Synthetic compliance filing event for prototype lookup."
"EVT-00474","CG-0057","Factories","FACTORIES-0057-2","CFKQW1057I","29CFKQW1057I1Z7","license_update","2024-11-24","completed","Synthetic license update event for prototype lookup."
"EVT-00475","CG-0059","Shops and Establishments","SHOPS-0059-1","CHMSY1059K","29CHMSY1059K1Z9","water_usage","2024-11-21","completed","Synthetic water usage event for prototype lookup."
"EVT-00476","CG-0060","Labour","LABOUR-0060-3","CINTZ1060L","29CINTZ1060L1Z0","pollution_consent","2024-11-18","completed","Synthetic pollution consent event for prototype lookup."
"EVT-00477","CG-0062","Shops and Establishments","SHOPS-0062-1","CKPVB1062N","29CKPVB1062N1Z2","license_update","2024-11-15","completed","Synthetic license update event for prototype lookup."
"EVT-00478","CG-0063","BESCOM","BESCOM-0063-3","CLQWC1063O","29CLQWC1063O1Z3","closure_application","2024-11-12","submitted","Synthetic closure application event for prototype lookup."
"EVT-00479","CG-0065","Factories","FACTORIES-0065-2","CNSYE1065Q","29CNSYE1065Q1Z5","inspection","2024-11-09","completed","Synthetic inspection event for prototype lookup."
"EVT-00480","CG-0066","BWSSB","BWSSB-0066-3","","29COTZF1066R1Z6","license_cancelled","2024-11-06","completed","Synthetic license cancelled event for prototype lookup."
"EVT-00481","CG-0068","Factories","FACTORIES-0068-2","CQVBH1068T","29CQVBH1068T1Z8","water_usage","2024-11-03","completed","Synthetic water usage event for prototype lookup."
"EVT-00482","CG-0070","Shops and Establishments","SHOPS-0070-1","CSXDJ1070V","29CSXDJ1070V1Z0","inspection","2024-10-31","completed","Synthetic inspection event for prototype lookup."
"EVT-00483","CG-0071","Factories","FACTORIES-0071-2","CTYEK1071W","29CTYEK1071W1Z1","license_update","2024-10-28","completed","Synthetic license update event for prototype lookup."
"EVT-00484","CG-0073","Shops and Establishments","SHOPS-0073-1","CVAGM1073Y","29CVAGM1073Y1Z3","water_usage","2024-10-25","completed","Synthetic water usage event for prototype lookup."
"EVT-00485","CG-0074","Labour","LABOUR-0074-3","CWBHN1074Z","29CWBHN1074Z1Z4","pollution_consent","2024-10-22","completed","Synthetic pollution consent event for prototype lookup."
"EVT-00486","CG-0076","Shops and Establishments","SHOPS-0076-1","CYDJP1076B","29CYDJP1076B1Z6","license_update","2024-10-19","completed","Synthetic license update event for prototype lookup."
"EVT-00487","CG-0077","BWSSB","BWSSB-0077-3","CZEKQ1077C","29CZEKQ1077C1Z7","license_update","2024-10-16","completed","Synthetic license update event for prototype lookup."
"EVT-00488","CG-0079","Factories","FACTORIES-0079-2","DBGMS1079E","29DBGMS1079E1Z9","inspection","2024-10-13","completed","Synthetic inspection event for prototype lookup."
"EVT-00489","CG-0080","KSPCB","KSPCB-0080-4","DCHNT1080F","29DCHNT1080F1Z0","license_cancelled","2024-10-10","completed","Synthetic license cancelled event for prototype lookup."
"EVT-00490","CG-0082","Factories","FACTORIES-0082-2","DEJPV1082H","29DEJPV1082H1Z2","water_usage","2024-10-07","completed","Synthetic water usage event for prototype lookup."
"EVT-00491","CG-0084","Shops and Establishments","SHOPS-0084-1","DGLRX1084J","29DGLRX1084J1Z4","inspection","2024-10-04","completed","Synthetic inspection event for prototype lookup."
"EVT-00492","CG-0085","Labour","LABOUR-0085-3","DHMSY1085K","29DHMSY1085K1Z5","electricity_usage","2024-10-01","completed","Synthetic electricity usage event for prototype lookup."
"EVT-00493","CG-0087","Shops and Establishments","SHOPS-0087-1","DJOUA1087M","29DJOUA1087M1Z7","water_usage","2024-09-28","completed","Synthetic water usage event for prototype lookup."
"EVT-00494","CG-0088","BWSSB","BWSSB-0088-3","DKPVB1088N","29DKPVB1088N1Z8","water_usage","2024-09-25","completed","Synthetic water usage event for prototype lookup."
"EVT-00495","CG-0090","Factories","FACTORIES-0090-2","DMRXD1090P","29DMRXD1090P1Z0","renewal","2024-09-22","completed","Synthetic renewal event for prototype lookup."
"EVT-00496","CG-0091","BESCOM","BESCOM-0091-3","","","closure_application","2024-09-19","submitted","Synthetic closure application event for prototype lookup."
"EVT-00497","CG-0093","Factories","FACTORIES-0093-2","DPUAG1093S","29DPUAG1093S1Z3","inspection","2024-09-16","completed","Synthetic inspection event for prototype lookup."
"EVT-00498","CG-0095","Shops and Establishments","SHOPS-0095-1","BADPAN095","29DRWCI1095U1Z5","renewal","2024-09-13","completed","Synthetic renewal event for prototype lookup."
"EVT-00499","CG-0096","Factories","FACTORIES-0096-2","DSXDJ1096V","29DSXDJ1096V1Z6","water_usage","2024-09-10","completed","Synthetic water usage event for prototype lookup."
"EVT-00500","CG-0098","Shops and Establishments","SHOPS-0098-1","BADPAN098","29DUZFL1098X1Z8","inspection","2024-09-07","completed","Synthetic inspection event for prototype lookup."
"EVT-00501","CG-0099","BWSSB","BWSSB-0099-3","DVAGM1099Y","29DVAGM1099Y1Z9","inspection","2024-09-04","completed","Synthetic inspection event for prototype lookup."
"EVT-00502","CG-0101","Shops and Establishments","SHOPS-0101-1","BADPAN101","29DXCIO1101A1Z1","water_usage","2024-09-01","completed","Synthetic water usage event for prototype lookup."
"EVT-00503","CG-0102","Labour","LABOUR-0102-3","DYDJP1102B","29DYDJP1102B1Z2","pollution_consent","2024-08-29","completed","Synthetic pollution consent event for prototype lookup."
"EVT-00504","CG-0104","Factories","FACTORIES-0104-2","EAFLR1104D","29EAFLR1104D1Z4","renewal","2024-08-26","completed","Synthetic renewal event for prototype lookup."
"EVT-00505","CG-0105","BESCOM","BESCOM-0105-4","EBGMS1105E","29EBGMS1105E1Z5","closure_application","2024-08-23","submitted","Synthetic closure application event for prototype lookup."
"EVT-00506","CG-0107","Factories","FACTORIES-0107-2","EDIOU1107G","29EDIOU1107G1Z7","inspection","2024-08-20","completed","Synthetic inspection event for prototype lookup."
"EVT-00507","CG-0109","Shops and Establishments","SHOPS-0109-1","EFKQW1109I","29BADGSTIN109XX","renewal","2024-08-17","completed","Synthetic renewal event for prototype lookup."
"EVT-00508","CG-0110","Labour","LABOUR-0110-3","EGLRX1110J","29EGLRX1110J1Z0","compliance_filing","2024-08-14","completed","Synthetic compliance filing event for prototype lookup."
"EVT-00509","CG-0112","Shops and Establishments","SHOPS-0112-1","EINTZ1112L","29BADGSTIN112XX","inspection","2024-08-11","completed","Synthetic inspection event for prototype lookup."
"EVT-00510","CG-0113","Labour","LABOUR-0113-3","EJOUA1113M","29EJOUA1113M1Z3","electricity_usage","2024-08-08","completed","Synthetic electricity usage event for prototype lookup."
"EVT-00511","CG-0115","Factories","FACTORIES-0115-2","ELQWC1115O","29ELQWC1115O1Z5","closure_application","2024-08-05","submitted","Synthetic closure application event for prototype lookup."
"EVT-00512","CG-0116","Labour","LABOUR-0116-3","EMRXD1116P","29EMRXD1116P1Z6","pollution_consent","2024-08-02","completed","Synthetic pollution consent event for prototype lookup."
"EVT-00513","CG-0118","Factories","FACTORIES-0118-2","EOTZF1118R","29EOTZF1118R1Z8","renewal","2024-07-30","completed","Synthetic renewal event for prototype lookup."
"EVT-00514","CG-0120","Shops and Establishments","SHOPS-0120-1","EQVBH1120T","29EQVBH1120T1Z0","closure_application","2024-07-27","submitted","Synthetic closure application event for prototype lookup."
"EVT-00515","AMB-002","BWSSB","BWSSB-9002","","","closure_application","2024-07-24","submitted","Synthetic closure application event for prototype lookup."
"EVT-00516","AMB-007","BESCOM","BESCOM-9007","","","renewal","2024-07-21","completed","Synthetic renewal event for prototype lookup."
"EVT-00517","AMB-012","BWSSB","BWSSB-9012","","","renewal","2024-07-18","completed","Synthetic renewal event for prototype lookup."
"EVT-00518","AMB-017","BESCOM","BESCOM-9017","","","inspection","2024-07-15","completed","Synthetic inspection event for prototype lookup."
"EVT-00519","AMB-022","BWSSB","BWSSB-9022","","","inspection","2024-07-12","completed","Synthetic inspection event for prototype lookup."
"EVT-00520","AMB-027","BESCOM","BESCOM-9027","","","water_usage","2024-07-09","completed","Synthetic water usage event for prototype lookup."
"EVT-00521","AMB-032","BWSSB","BWSSB-9032","","","water_usage","2024-07-06","completed","Synthetic water usage event for prototype lookup."
"EVT-00522","CG-0001","Shops and Establishments","SHOPS-0001-1","ABGMS1001E","29ABGMS1001E1Z1","license_update","2024-07-03","completed","Synthetic license update event for prototype lookup."
"EVT-00523","CG-0002","Shops and Establishments","SHOPS-0002-1","ACHNT1002F","29ACHNT1002F1Z2","closure_application","2024-06-30","submitted","Synthetic closure application event for prototype lookup."
"EVT-00524","CG-0003","Shops and Establishments","SHOPS-0003-1","ADIOU1003G","29ADIOU1003G1Z3","license_cancelled","2024-06-27","completed","Synthetic license cancelled event for prototype lookup."
"EVT-00525","CG-0004","Shops and Establishments","SHOPS-0004-1","AEJPV1004H","29AEJPV1004H1Z4","renewal","2024-06-24","completed","Synthetic renewal event for prototype lookup."
"EVT-00526","CG-0005","Shops and Establishments","SHOPS-0005-1","AFKQW1005I","29AFKQW1005I1Z5","compliance_filing","2024-06-21","completed","Synthetic compliance filing event for prototype lookup."
"EVT-00527","CG-0006","Shops and Establishments","SHOPS-0006-1","AGLRX1006J","29AGLRX1006J1Z6","inspection","2024-06-18","completed","Synthetic inspection event for prototype lookup."
"EVT-00528","CG-0007","Shops and Establishments","SHOPS-0007-1","AHMSY1007K","29AHMSY1007K1Z7","electricity_usage","2024-06-15","completed","Synthetic electricity usage event for prototype lookup."
"EVT-00529","CG-0008","Shops and Establishments","SHOPS-0008-1","AINTZ1008L","29AINTZ1008L1Z8","water_usage","2024-06-12","completed","Synthetic water usage event for prototype lookup."
"EVT-00530","CG-0009","Shops and Establishments","SHOPS-0009-1","AJOUA1009M","29AJOUA1009M1Z9","pollution_consent","2024-06-09","completed","Synthetic pollution consent event for prototype lookup."
"EVT-00531","CG-0010","Labour","LABOUR-0010-3","AKPVB1010N","29AKPVB1010N1Z0","license_update","2024-06-06","completed","Synthetic license update event for prototype lookup."
"EVT-00532","CG-0012","Shops and Establishments","SHOPS-0012-1","AMRXD1012P","29AMRXD1012P1Z2","closure_application","2024-06-03","submitted","Synthetic closure application event for prototype lookup."
"EVT-00533","CG-0013","Labour","LABOUR-0013-3","ANSYE1013Q","29ANSYE1013Q1Z3","license_cancelled","2024-05-31","completed","Synthetic license cancelled event for prototype lookup."
"EVT-00534","CG-0015","Factories","FACTORIES-0015-2","APUAG1015S","29APUAG1015S1Z5","electricity_usage","2024-05-28","completed","Synthetic electricity usage event for prototype lookup."
"EVT-00535","CG-0016","Labour","LABOUR-0016-3","AQVBH1016T","","compliance_filing","2024-05-25","completed","Synthetic compliance filing event for prototype lookup."
"EVT-00536","CG-0018","Factories","FACTORIES-0018-2","ASXDJ1018V","29ASXDJ1018V1Z8","license_cancelled","2024-05-22","completed","Synthetic license cancelled event for prototype lookup."
"EVT-00537","CG-0020","Shops and Establishments","SHOPS-0020-1","AUZFL1020X","29AUZFL1020X1Z0","electricity_usage","2024-05-19","completed","Synthetic electricity usage event for prototype lookup."
"EVT-00538","CG-0021","Factories","FACTORIES-0021-2","AVAGM1021Y","29AVAGM1021Y1Z1","closure_application","2024-05-16","submitted","Synthetic closure application event for prototype lookup."
"EVT-00539","CG-0023","Shops and Establishments","SHOPS-0023-1","AXCIO1023A","29AXCIO1023A1Z3","pollution_consent","2024-05-13","completed","Synthetic pollution consent event for prototype lookup."
"EVT-00540","CG-0024","Labour","LABOUR-0024-3","AYDJP1024B","","license_update","2024-05-10","completed","Synthetic license update event for prototype lookup."
"EVT-00541","CG-0026","Shops and Establishments","SHOPS-0026-1","BAFLR1026D","29BAFLR1026D1Z6","closure_application","2024-05-07","submitted","Synthetic closure application event for prototype lookup."
"EVT-00542","CG-0027","Labour","LABOUR-0027-3","BBGMS1027E","29BBGMS1027E1Z7","license_cancelled","2024-05-04","completed","Synthetic license cancelled event for prototype lookup."
"EVT-00543","CG-0029","Factories","FACTORIES-0029-2","BDIOU1029G","29BDIOU1029G1Z9","electricity_usage","2024-05-01","completed","Synthetic electricity usage event for prototype lookup."
"EVT-00544","CG-0030","KSPCB","KSPCB-0030-4","","29BEJPV1030H1Z0","renewal","2024-04-28","completed","Synthetic renewal event for prototype lookup."
"EVT-00545","CG-0032","Factories","FACTORIES-0032-2","BGLRX1032J","29BGLRX1032J1Z2","pollution_consent","2024-04-25","completed","Synthetic pollution consent event for prototype lookup."
"EVT-00546","CG-0034","Shops and Establishments","SHOPS-0034-1","BINTZ1034L","29BINTZ1034L1Z4","electricity_usage","2024-04-22","completed","Synthetic electricity usage event for prototype lookup."
"EVT-00547","CG-0035","Labour","LABOUR-0035-3","BJOUA1035M","29BJOUA1035M1Z5","water_usage","2024-04-19","completed","Synthetic water usage event for prototype lookup."
"EVT-00548","CG-0037","Shops and Establishments","SHOPS-0037-1","BLQWC1037O","29BLQWC1037O1Z7","pollution_consent","2024-04-16","completed","Synthetic pollution consent event for prototype lookup."
"EVT-00549","CG-0038","Labour","LABOUR-0038-3","BMRXD1038P","29BMRXD1038P1Z8","license_update","2024-04-13","completed","Synthetic license update event for prototype lookup."
"EVT-00550","CG-0040","Factories","FACTORIES-0040-2","BOTZF1040R","29BOTZF1040R1Z0","compliance_filing","2024-04-10","completed","Synthetic compliance filing event for prototype lookup."
"EVT-00551","CG-0041","Labour","LABOUR-0041-3","BPUAG1041S","29BPUAG1041S1Z1","license_cancelled","2024-04-07","completed","Synthetic license cancelled event for prototype lookup."
"EVT-00552","CG-0043","Factories","FACTORIES-0043-2","BRWCI1043U","29BRWCI1043U1Z3","license_cancelled","2024-04-04","completed","Synthetic license cancelled event for prototype lookup."
"EVT-00553","CG-0045","Shops and Establishments","SHOPS-0045-1","BTYEK1045W","29BTYEK1045W1Z5","compliance_filing","2024-04-01","completed","Synthetic compliance filing event for prototype lookup."
"EVT-00554","CG-0046","Factories","FACTORIES-0046-2","BUZFL1046X","29BUZFL1046X1Z6","pollution_consent","2024-03-29","completed","Synthetic pollution consent event for prototype lookup."
"EVT-00555","CG-0048","Shops and Establishments","SHOPS-0048-1","BWBHN1048Z","29BWBHN1048Z1Z8","electricity_usage","2024-03-26","completed","Synthetic electricity usage event for prototype lookup."
"EVT-00556","CG-0049","BESCOM","BESCOM-0049-3","BXCIO1049A","29BXCIO1049A1Z9","water_usage","2024-03-23","completed","Synthetic water usage event for prototype lookup."
"EVT-00557","CG-0051","Shops and Establishments","SHOPS-0051-1","BZEKQ1051C","29BZEKQ1051C1Z1","pollution_consent","2024-03-20","completed","Synthetic pollution consent event for prototype lookup."
"EVT-00558","CG-0052","Labour","LABOUR-0052-3","CAFLR1052D","29CAFLR1052D1Z2","license_update","2024-03-17","completed","Synthetic license update event for prototype lookup."
"EVT-00559","CG-0054","Factories","FACTORIES-0054-2","CCHNT1054F","29CCHNT1054F1Z4","compliance_filing","2024-03-14","completed","Synthetic compliance filing event for prototype lookup."
"EVT-00560","CG-0055","BWSSB","BWSSB-0055-4","CDIOU1055G","29CDIOU1055G1Z5","closure_application","2024-03-11","submitted","Synthetic closure application event for prototype lookup."
"EVT-00561","CG-0057","Factories","FACTORIES-0057-2","CFKQW1057I","29CFKQW1057I1Z7","electricity_usage","2024-03-08","completed","Synthetic electricity usage event for prototype lookup."
"EVT-00562","CG-0059","Shops and Establishments","SHOPS-0059-1","CHMSY1059K","29CHMSY1059K1Z9","compliance_filing","2024-03-05","completed","Synthetic compliance filing event for prototype lookup."
"EVT-00563","CG-0060","Labour","LABOUR-0060-3","CINTZ1060L","29CINTZ1060L1Z0","inspection","2024-03-02","completed","Synthetic inspection event for prototype lookup."
"EVT-00564","CG-0062","Shops and Establishments","SHOPS-0062-1","CKPVB1062N","29CKPVB1062N1Z2","electricity_usage","2024-02-28","completed","Synthetic electricity usage event for prototype lookup."
"EVT-00565","CG-0063","BESCOM","BESCOM-0063-3","CLQWC1063O","29CLQWC1063O1Z3","water_usage","2024-02-25","completed","Synthetic water usage event for prototype lookup."
"EVT-00566","CG-0065","Factories","FACTORIES-0065-2","CNSYE1065Q","29CNSYE1065Q1Z5","license_cancelled","2024-02-22","completed","Synthetic license cancelled event for prototype lookup."
"EVT-00567","CG-0066","BWSSB","BWSSB-0066-3","","29COTZF1066R1Z6","pollution_consent","2024-02-19","completed","Synthetic pollution consent event for prototype lookup."
"EVT-00568","CG-0068","Factories","FACTORIES-0068-2","CQVBH1068T","29CQVBH1068T1Z8","license_cancelled","2024-02-16","completed","Synthetic license cancelled event for prototype lookup."
"EVT-00569","CG-0070","Shops and Establishments","SHOPS-0070-1","CSXDJ1070V","29CSXDJ1070V1Z0","license_cancelled","2024-02-13","completed","Synthetic license cancelled event for prototype lookup."
"EVT-00570","CG-0071","Factories","FACTORIES-0071-2","CTYEK1071W","29CTYEK1071W1Z1","electricity_usage","2024-02-10","completed","Synthetic electricity usage event for prototype lookup."
"EVT-00571","CG-0073","Shops and Establishments","SHOPS-0073-1","CVAGM1073Y","29CVAGM1073Y1Z3","compliance_filing","2024-02-07","completed","Synthetic compliance filing event for prototype lookup."
"EVT-00572","CG-0074","Labour","LABOUR-0074-3","CWBHN1074Z","29CWBHN1074Z1Z4","inspection","2024-02-04","completed","Synthetic inspection event for prototype lookup."
"EVT-00573","CG-0076","Shops and Establishments","SHOPS-0076-1","CYDJP1076B","29CYDJP1076B1Z6","electricity_usage","2024-02-01","completed","Synthetic electricity usage event for prototype lookup."
"EVT-00574","CG-0077","BWSSB","BWSSB-0077-3","CZEKQ1077C","29CZEKQ1077C1Z7","electricity_usage","2024-01-29","completed","Synthetic electricity usage event for prototype lookup."
"EVT-00575","CG-0079","Factories","FACTORIES-0079-2","DBGMS1079E","29DBGMS1079E1Z9","license_cancelled","2024-01-26","completed","Synthetic license cancelled event for prototype lookup."
"EVT-00576","CG-0080","KSPCB","KSPCB-0080-4","DCHNT1080F","29DCHNT1080F1Z0","pollution_consent","2024-01-23","completed","Synthetic pollution consent event for prototype lookup."
"EVT-00577","CG-0082","Factories","FACTORIES-0082-2","DEJPV1082H","29DEJPV1082H1Z2","compliance_filing","2024-01-20","completed","Synthetic compliance filing event for prototype lookup."
"EVT-00578","CG-0084","Shops and Establishments","SHOPS-0084-1","DGLRX1084J","29DGLRX1084J1Z4","license_cancelled","2024-01-17","completed","Synthetic license cancelled event for prototype lookup."
"EVT-00579","CG-0085","Labour","LABOUR-0085-3","DHMSY1085K","29DHMSY1085K1Z5","renewal","2024-01-14","completed","Synthetic renewal event for prototype lookup."
"EVT-00580","CG-0087","Shops and Establishments","SHOPS-0087-1","DJOUA1087M","29DJOUA1087M1Z7","compliance_filing","2024-01-11","completed","Synthetic compliance filing event for prototype lookup."
"EVT-00581","CG-0088","BWSSB","BWSSB-0088-3","DKPVB1088N","29DKPVB1088N1Z8","compliance_filing","2024-01-08","completed","Synthetic compliance filing event for prototype lookup."
"EVT-00582","CG-0090","Factories","FACTORIES-0090-2","DMRXD1090P","29DMRXD1090P1Z0","license_update","2024-01-05","completed","Synthetic license update event for prototype lookup."
"EVT-00583","CG-0091","BESCOM","BESCOM-0091-3","","","water_usage","2024-01-02","completed","Synthetic water usage event for prototype lookup."
"EVT-00584","CG-0093","Factories","FACTORIES-0093-2","DPUAG1093S","29DPUAG1093S1Z3","license_cancelled","2023-12-30","completed","Synthetic license cancelled event for prototype lookup."
"EVT-00585","CG-0095","Shops and Establishments","SHOPS-0095-1","BADPAN095","29DRWCI1095U1Z5","license_update","2023-12-27","completed","Synthetic license update event for prototype lookup."
"EVT-00586","CG-0096","Factories","FACTORIES-0096-2","DSXDJ1096V","29DSXDJ1096V1Z6","compliance_filing","2023-12-24","completed","Synthetic compliance filing event for prototype lookup."
"EVT-00587","CG-0098","Shops and Establishments","SHOPS-0098-1","BADPAN098","29DUZFL1098X1Z8","license_cancelled","2023-12-21","completed","Synthetic license cancelled event for prototype lookup."
"EVT-00588","CG-0099","BWSSB","BWSSB-0099-3","DVAGM1099Y","29DVAGM1099Y1Z9","license_cancelled","2023-12-18","completed","Synthetic license cancelled event for prototype lookup."
"EVT-00589","CG-0101","Shops and Establishments","SHOPS-0101-1","BADPAN101","29DXCIO1101A1Z1","compliance_filing","2023-12-15","completed","Synthetic compliance filing event for prototype lookup."
"EVT-00590","CG-0102","Labour","LABOUR-0102-3","DYDJP1102B","29DYDJP1102B1Z2","inspection","2023-12-12","completed","Synthetic inspection event for prototype lookup."
"EVT-00591","CG-0104","Factories","FACTORIES-0104-2","EAFLR1104D","29EAFLR1104D1Z4","license_update","2023-12-09","completed","Synthetic license update event for prototype lookup."
"EVT-00592","CG-0105","BESCOM","BESCOM-0105-4","EBGMS1105E","29EBGMS1105E1Z5","water_usage","2023-12-06","completed","Synthetic water usage event for prototype lookup."
"EVT-00593","CG-0107","Factories","FACTORIES-0107-2","EDIOU1107G","29EDIOU1107G1Z7","license_cancelled","2023-12-03","completed","Synthetic license cancelled event for prototype lookup."
"EVT-00594","CG-0109","Shops and Establishments","SHOPS-0109-1","EFKQW1109I","29BADGSTIN109XX","license_update","2023-11-30","completed","Synthetic license update event for prototype lookup."
"EVT-00595","CG-0110","Labour","LABOUR-0110-3","EGLRX1110J","29EGLRX1110J1Z0","closure_application","2023-11-27","submitted","Synthetic closure application event for prototype lookup."
"EVT-00596","CG-0112","Shops and Establishments","SHOPS-0112-1","EINTZ1112L","29BADGSTIN112XX","license_cancelled","2023-11-24","completed","Synthetic license cancelled event for prototype lookup."
"EVT-00597","CG-0113","Labour","LABOUR-0113-3","EJOUA1113M","29EJOUA1113M1Z3","renewal","2023-11-21","completed","Synthetic renewal event for prototype lookup."
"EVT-00598","CG-0115","Factories","FACTORIES-0115-2","ELQWC1115O","29ELQWC1115O1Z5","water_usage","2023-11-18","completed","Synthetic water usage event for prototype lookup."
"EVT-00599","CG-0116","Labour","LABOUR-0116-3","EMRXD1116P","29EMRXD1116P1Z6","inspection","2023-11-15","completed","Synthetic inspection event for prototype lookup."
"EVT-00600","CG-0118","Factories","FACTORIES-0118-2","EOTZF1118R","29EOTZF1118R1Z8","license_cancelled","2026-04-30","completed","Synthetic license cancelled event for prototype lookup."
"EVT-00601","CG-0120","Shops and Establishments","SHOPS-0120-1","EQVBH1120T","29EQVBH1120T1Z0","water_usage","2026-04-27","completed","Synthetic water usage event for prototype lookup."
"EVT-00602","AMB-002","BWSSB","BWSSB-9002","","","water_usage","2026-04-24","completed","Synthetic water usage event for prototype lookup."
"EVT-00603","AMB-007","BESCOM","BESCOM-9007","","","license_update","2026-04-21","completed","Synthetic license update event for prototype lookup."
"EVT-00604","AMB-012","BWSSB","BWSSB-9012","","","license_update","2026-04-18","completed","Synthetic license update event for prototype lookup."
"EVT-00605","AMB-017","BESCOM","BESCOM-9017","","","license_cancelled","2026-04-15","completed","Synthetic license cancelled event for prototype lookup."
"EVT-00606","AMB-022","BWSSB","BWSSB-9022","","","license_cancelled","2026-04-12","completed","Synthetic license cancelled event for prototype lookup."
"EVT-00607","AMB-027","BESCOM","BESCOM-9027","","","compliance_filing","2026-04-09","completed","Synthetic compliance filing event for prototype lookup."
"EVT-00608","AMB-032","BWSSB","BWSSB-9032","","","compliance_filing","2026-04-06","completed","Synthetic compliance filing event for prototype lookup."
"EVT-00609","CG-0001","Shops and Establishments","SHOPS-0001-1","ABGMS1001E","29ABGMS1001E1Z1","electricity_usage","2026-04-03","completed","Synthetic electricity usage event for prototype lookup."
"EVT-00610","CG-0002","Shops and Establishments","SHOPS-0002-1","ACHNT1002F","29ACHNT1002F1Z2","water_usage","2026-03-31","completed","Synthetic water usage event for prototype lookup."
"EVT-00611","CG-0003","Shops and Establishments","SHOPS-0003-1","ADIOU1003G","29ADIOU1003G1Z3","pollution_consent","2026-03-28","completed","Synthetic pollution consent event for prototype lookup."
"EVT-00612","CG-0004","Shops and Establishments","SHOPS-0004-1","AEJPV1004H","29AEJPV1004H1Z4","license_cancelled","2026-03-25","completed","Synthetic license cancelled event for prototype lookup."
"EVT-00613","CG-0005","Shops and Establishments","SHOPS-0005-1","AFKQW1005I","29AFKQW1005I1Z5","closure_application","2026-03-22","submitted","Synthetic closure application event for prototype lookup."
"EVT-00614","CG-0006","Shops and Establishments","SHOPS-0006-1","AGLRX1006J","29AGLRX1006J1Z6","license_cancelled","2026-03-19","completed","Synthetic license cancelled event for prototype lookup."
"EVT-00615","CG-0007","Shops and Establishments","SHOPS-0007-1","AHMSY1007K","29AHMSY1007K1Z7","renewal","2026-03-16","completed","Synthetic renewal event for prototype lookup."
"EVT-00616","CG-0008","Shops and Establishments","SHOPS-0008-1","AINTZ1008L","29AINTZ1008L1Z8","compliance_filing","2026-03-13","completed","Synthetic compliance filing event for prototype lookup."
"EVT-00617","CG-0009","Shops and Establishments","SHOPS-0009-1","AJOUA1009M","29AJOUA1009M1Z9","inspection","2026-03-10","completed","Synthetic inspection event for prototype lookup."
"EVT-00618","CG-0010","Labour","LABOUR-0010-3","AKPVB1010N","29AKPVB1010N1Z0","electricity_usage","2026-03-07","completed","Synthetic electricity usage event for prototype lookup."
"EVT-00619","CG-0012","Shops and Establishments","SHOPS-0012-1","AMRXD1012P","29AMRXD1012P1Z2","water_usage","2026-03-04","completed","Synthetic water usage event for prototype lookup."
"EVT-00620","CG-0013","Labour","LABOUR-0013-3","ANSYE1013Q","29ANSYE1013Q1Z3","pollution_consent","2026-03-01","completed","Synthetic pollution consent event for prototype lookup."
"EVT-00621","CG-0015","Factories","FACTORIES-0015-2","APUAG1015S","29APUAG1015S1Z5","renewal","2026-02-26","completed","Synthetic renewal event for prototype lookup."
"EVT-00622","CG-0016","Labour","LABOUR-0016-3","AQVBH1016T","","closure_application","2026-02-23","submitted","Synthetic closure application event for prototype lookup."
"EVT-00623","CG-0018","Factories","FACTORIES-0018-2","ASXDJ1018V","29ASXDJ1018V1Z8","inspection","2026-02-20","completed","Synthetic inspection event for prototype lookup."
"EVT-00624","CG-0020","Shops and Establishments","SHOPS-0020-1","AUZFL1020X","29AUZFL1020X1Z0","renewal","2026-02-17","completed","Synthetic renewal event for prototype lookup."
"EVT-00625","CG-0021","Factories","FACTORIES-0021-2","AVAGM1021Y","29AVAGM1021Y1Z1","water_usage","2026-02-14","completed","Synthetic water usage event for prototype lookup."
"EVT-00626","CG-0023","Shops and Establishments","SHOPS-0023-1","AXCIO1023A","29AXCIO1023A1Z3","inspection","2026-02-11","completed","Synthetic inspection event for prototype lookup."
"EVT-00627","CG-0024","Labour","LABOUR-0024-3","AYDJP1024B","","electricity_usage","2026-02-08","completed","Synthetic electricity usage event for prototype lookup."
"EVT-00628","CG-0026","Shops and Establishments","SHOPS-0026-1","BAFLR1026D","29BAFLR1026D1Z6","water_usage","2026-02-05","completed","Synthetic water usage event for prototype lookup."
"EVT-00629","CG-0027","Labour","LABOUR-0027-3","BBGMS1027E","29BBGMS1027E1Z7","pollution_consent","2026-02-02","completed","Synthetic pollution consent event for prototype lookup."
"EVT-00630","CG-0029","Factories","FACTORIES-0029-2","BDIOU1029G","29BDIOU1029G1Z9","renewal","2026-01-30","completed","Synthetic renewal event for prototype lookup."
"EVT-00631","CG-0030","KSPCB","KSPCB-0030-4","","29BEJPV1030H1Z0","license_update","2026-01-27","completed","Synthetic license update event for prototype lookup."
"EVT-00632","CG-0032","Factories","FACTORIES-0032-2","BGLRX1032J","29BGLRX1032J1Z2","inspection","2026-01-24","completed","Synthetic inspection event for prototype lookup."
"EVT-00633","CG-0034","Shops and Establishments","SHOPS-0034-1","BINTZ1034L","29BINTZ1034L1Z4","renewal","2026-01-21","completed","Synthetic renewal event for prototype lookup."
"EVT-00634","CG-0035","Labour","LABOUR-0035-3","BJOUA1035M","29BJOUA1035M1Z5","compliance_filing","2026-01-18","completed","Synthetic compliance filing event for prototype lookup."
"EVT-00635","CG-0037","Shops and Establishments","SHOPS-0037-1","BLQWC1037O","29BLQWC1037O1Z7","inspection","2026-01-15","completed","Synthetic inspection event for prototype lookup."
"EVT-00636","CG-0038","Labour","LABOUR-0038-3","BMRXD1038P","29BMRXD1038P1Z8","electricity_usage","2026-01-12","completed","Synthetic electricity usage event for prototype lookup."
"EVT-00637","CG-0040","Factories","FACTORIES-0040-2","BOTZF1040R","29BOTZF1040R1Z0","closure_application","2026-01-09","submitted","Synthetic closure application event for prototype lookup."
"EVT-00638","CG-0041","Labour","LABOUR-0041-3","BPUAG1041S","29BPUAG1041S1Z1","pollution_consent","2026-01-06","completed","Synthetic pollution consent event for prototype lookup."
"EVT-00639","CG-0043","Factories","FACTORIES-0043-2","BRWCI1043U","29BRWCI1043U1Z3","renewal","2026-01-03","completed","Synthetic renewal event for prototype lookup."
"EVT-00640","CG-0045","Shops and Establishments","SHOPS-0045-1","BTYEK1045W","29BTYEK1045W1Z5","closure_application","2025-12-31","submitted","Synthetic closure application event for prototype lookup."
"EVT-00641","CG-0046","Factories","FACTORIES-0046-2","BUZFL1046X","29BUZFL1046X1Z6","inspection","2025-12-28","completed","Synthetic inspection event for prototype lookup."
"EVT-00642","CG-0048","Shops and Establishments","SHOPS-0048-1","BWBHN1048Z","29BWBHN1048Z1Z8","renewal","2025-12-25","completed","Synthetic renewal event for prototype lookup."
"EVT-00643","CG-0049","BESCOM","BESCOM-0049-3","BXCIO1049A","29BXCIO1049A1Z9","compliance_filing","2025-12-22","completed","Synthetic compliance filing event for prototype lookup."
"EVT-00644","CG-0051","Shops and Establishments","SHOPS-0051-1","BZEKQ1051C","29BZEKQ1051C1Z1","inspection","2025-12-19","completed","Synthetic inspection event for prototype lookup."
"EVT-00645","CG-0052","Labour","LABOUR-0052-3","CAFLR1052D","29CAFLR1052D1Z2","electricity_usage","2025-12-16","completed","Synthetic electricity usage event for prototype lookup."
"EVT-00646","CG-0054","Factories","FACTORIES-0054-2","CCHNT1054F","29CCHNT1054F1Z4","closure_application","2025-12-13","submitted","Synthetic closure application event for prototype lookup."
"EVT-00647","CG-0055","BWSSB","BWSSB-0055-4","CDIOU1055G","29CDIOU1055G1Z5","water_usage","2025-12-10","completed","Synthetic water usage event for prototype lookup."
"EVT-00648","CG-0057","Factories","FACTORIES-0057-2","CFKQW1057I","29CFKQW1057I1Z7","renewal","2025-12-07","completed","Synthetic renewal event for prototype lookup."
"EVT-00649","CG-0059","Shops and Establishments","SHOPS-0059-1","CHMSY1059K","29CHMSY1059K1Z9","closure_application","2025-12-04","submitted","Synthetic closure application event for prototype lookup."
"EVT-00650","CG-0060","Labour","LABOUR-0060-3","CINTZ1060L","29CINTZ1060L1Z0","license_cancelled","2025-12-01","completed","Synthetic license cancelled event for prototype lookup."
"EVT-00651","CG-0062","Shops and Establishments","SHOPS-0062-1","CKPVB1062N","29CKPVB1062N1Z2","renewal","2025-11-28","completed","Synthetic renewal event for prototype lookup."
"EVT-00652","CG-0063","BESCOM","BESCOM-0063-3","CLQWC1063O","29CLQWC1063O1Z3","compliance_filing","2025-11-25","completed","Synthetic compliance filing event for prototype lookup."
"EVT-00653","CG-0065","Factories","FACTORIES-0065-2","CNSYE1065Q","29CNSYE1065Q1Z5","pollution_consent","2025-11-22","completed","Synthetic pollution consent event for prototype lookup."
"EVT-00654","CG-0066","BWSSB","BWSSB-0066-3","","29COTZF1066R1Z6","inspection","2025-11-19","completed","Synthetic inspection event for prototype lookup."
"EVT-00655","CG-0068","Factories","FACTORIES-0068-2","CQVBH1068T","29CQVBH1068T1Z8","closure_application","2025-11-16","submitted","Synthetic closure application event for prototype lookup."
"EVT-00656","CG-0070","Shops and Establishments","SHOPS-0070-1","CSXDJ1070V","29CSXDJ1070V1Z0","pollution_consent","2025-11-13","completed","Synthetic pollution consent event for prototype lookup."
"EVT-00657","CG-0071","Factories","FACTORIES-0071-2","CTYEK1071W","29CTYEK1071W1Z1","renewal","2025-11-10","completed","Synthetic renewal event for prototype lookup."
"EVT-00658","CG-0073","Shops and Establishments","SHOPS-0073-1","CVAGM1073Y","29CVAGM1073Y1Z3","closure_application","2025-11-07","submitted","Synthetic closure application event for prototype lookup."
"EVT-00659","CG-0074","Labour","LABOUR-0074-3","CWBHN1074Z","29CWBHN1074Z1Z4","license_cancelled","2025-11-04","completed","Synthetic license cancelled event for prototype lookup."
"EVT-00660","CG-0076","Shops and Establishments","SHOPS-0076-1","CYDJP1076B","29CYDJP1076B1Z6","renewal","2025-11-01","completed","Synthetic renewal event for prototype lookup."
"EVT-00661","CG-0077","BWSSB","BWSSB-0077-3","CZEKQ1077C","29CZEKQ1077C1Z7","renewal","2025-10-29","completed","Synthetic renewal event for prototype lookup."
"EVT-00662","CG-0079","Factories","FACTORIES-0079-2","DBGMS1079E","29DBGMS1079E1Z9","pollution_consent","2025-10-26","completed","Synthetic pollution consent event for prototype lookup."
"EVT-00663","CG-0080","KSPCB","KSPCB-0080-4","DCHNT1080F","29DCHNT1080F1Z0","inspection","2025-10-23","completed","Synthetic inspection event for prototype lookup."
"EVT-00664","CG-0082","Factories","FACTORIES-0082-2","DEJPV1082H","29DEJPV1082H1Z2","closure_application","2025-10-20","submitted","Synthetic closure application event for prototype lookup."
"EVT-00665","CG-0084","Shops and Establishments","SHOPS-0084-1","DGLRX1084J","29DGLRX1084J1Z4","pollution_consent","2025-10-17","completed","Synthetic pollution consent event for prototype lookup."
"EVT-00666","CG-0085","Labour","LABOUR-0085-3","DHMSY1085K","29DHMSY1085K1Z5","license_update","2025-10-14","completed","Synthetic license update event for prototype lookup."
"EVT-00667","CG-0087","Shops and Establishments","SHOPS-0087-1","DJOUA1087M","29DJOUA1087M1Z7","closure_application","2025-10-11","submitted","Synthetic closure application event for prototype lookup."
"EVT-00668","CG-0088","BWSSB","BWSSB-0088-3","DKPVB1088N","29DKPVB1088N1Z8","closure_application","2025-10-08","submitted","Synthetic closure application event for prototype lookup."
"EVT-00669","CG-0090","Factories","FACTORIES-0090-2","DMRXD1090P","29DMRXD1090P1Z0","electricity_usage","2025-10-05","completed","Synthetic electricity usage event for prototype lookup."
"EVT-00670","CG-0091","BESCOM","BESCOM-0091-3","","","compliance_filing","2025-10-02","completed","Synthetic compliance filing event for prototype lookup."
"EVT-00671","CG-0093","Factories","FACTORIES-0093-2","DPUAG1093S","29DPUAG1093S1Z3","pollution_consent","2025-09-29","completed","Synthetic pollution consent event for prototype lookup."
"EVT-00672","CG-0095","Shops and Establishments","SHOPS-0095-1","BADPAN095","29DRWCI1095U1Z5","electricity_usage","2025-09-26","completed","Synthetic electricity usage event for prototype lookup."
"EVT-00673","CG-0096","Factories","FACTORIES-0096-2","DSXDJ1096V","29DSXDJ1096V1Z6","closure_application","2025-09-23","submitted","Synthetic closure application event for prototype lookup."
"EVT-00674","CG-0098","Shops and Establishments","SHOPS-0098-1","BADPAN098","29DUZFL1098X1Z8","pollution_consent","2025-09-20","completed","Synthetic pollution consent event for prototype lookup."
"EVT-00675","CG-0099","BWSSB","BWSSB-0099-3","DVAGM1099Y","29DVAGM1099Y1Z9","pollution_consent","2025-09-17","completed","Synthetic pollution consent event for prototype lookup."
"EVT-00676","CG-0101","Shops and Establishments","SHOPS-0101-1","BADPAN101","29DXCIO1101A1Z1","closure_application","2025-09-14","submitted","Synthetic closure application event for prototype lookup."
"EVT-00677","CG-0102","Labour","LABOUR-0102-3","DYDJP1102B","29DYDJP1102B1Z2","license_cancelled","2025-09-11","completed","Synthetic license cancelled event for prototype lookup."
"EVT-00678","CG-0104","Factories","FACTORIES-0104-2","EAFLR1104D","29EAFLR1104D1Z4","electricity_usage","2025-09-08","completed","Synthetic electricity usage event for prototype lookup."
"EVT-00679","CG-0105","BESCOM","BESCOM-0105-4","EBGMS1105E","29EBGMS1105E1Z5","compliance_filing","2025-09-05","completed","Synthetic compliance filing event for prototype lookup."
"EVT-00680","CG-0107","Factories","FACTORIES-0107-2","EDIOU1107G","29EDIOU1107G1Z7","pollution_consent","2025-09-02","completed","Synthetic pollution consent event for prototype lookup."
"EVT-00681","CG-0109","Shops and Establishments","SHOPS-0109-1","EFKQW1109I","29BADGSTIN109XX","electricity_usage","2025-08-30","completed","Synthetic electricity usage event for prototype lookup."
"EVT-00682","CG-0110","Labour","LABOUR-0110-3","EGLRX1110J","29EGLRX1110J1Z0","water_usage","2025-08-27","completed","Synthetic water usage event for prototype lookup."
"EVT-00683","CG-0112","Shops and Establishments","SHOPS-0112-1","EINTZ1112L","29BADGSTIN112XX","pollution_consent","2025-08-24","completed","Synthetic pollution consent event for prototype lookup."
"EVT-00684","CG-0113","Labour","LABOUR-0113-3","EJOUA1113M","29EJOUA1113M1Z3","license_update","2025-08-21","completed","Synthetic license update event for prototype lookup."
"EVT-00685","CG-0115","Factories","FACTORIES-0115-2","ELQWC1115O","29ELQWC1115O1Z5","compliance_filing","2025-08-18","completed","Synthetic compliance filing event for prototype lookup."
"EVT-00686","CG-0116","Labour","LABOUR-0116-3","EMRXD1116P","29EMRXD1116P1Z6","license_cancelled","2025-08-15","completed","Synthetic license cancelled event for prototype lookup."
"EVT-00687","CG-0118","Factories","FACTORIES-0118-2","EOTZF1118R","29EOTZF1118R1Z8","electricity_usage","2025-08-12","completed","Synthetic electricity usage event for prototype lookup."
"EVT-00688","CG-0120","Shops and Establishments","SHOPS-0120-1","EQVBH1120T","29EQVBH1120T1Z0","compliance_filing","2025-08-09","completed","Synthetic compliance filing event for prototype lookup."
"EVT-00689","AMB-002","BWSSB","BWSSB-9002","","","compliance_filing","2025-08-06","completed","Synthetic compliance filing event for prototype lookup."
"EVT-00690","AMB-007","BESCOM","BESCOM-9007","","","electricity_usage","2025-08-03","completed","Synthetic electricity usage event for prototype lookup."
"EVT-00691","AMB-012","BWSSB","BWSSB-9012","","","electricity_usage","2025-07-31","completed","Synthetic electricity usage event for prototype lookup."
"EVT-00692","AMB-017","BESCOM","BESCOM-9017","","","pollution_consent","2025-07-28","completed","Synthetic pollution consent event for prototype lookup."
"EVT-00693","AMB-022","BWSSB","BWSSB-9022","","","pollution_consent","2025-07-25","completed","Synthetic pollution consent event for prototype lookup."
"EVT-00694","AMB-027","BESCOM","BESCOM-9027","","","closure_application","2025-07-22","submitted","Synthetic closure application event for prototype lookup."
"EVT-00695","AMB-032","BWSSB","BWSSB-9032","","","closure_application","2025-07-19","submitted","Synthetic closure application event for prototype lookup."
"EVT-00696","CG-0001","Shops and Establishments","SHOPS-0001-1","ABGMS1001E","29ABGMS1001E1Z1","renewal","2025-07-16","completed","Synthetic renewal event for prototype lookup."
"EVT-00697","CG-0002","Shops and Establishments","SHOPS-0002-1","ACHNT1002F","29ACHNT1002F1Z2","compliance_filing","2025-07-13","completed","Synthetic compliance filing event for prototype lookup."
"EVT-00698","CG-0003","Shops and Establishments","SHOPS-0003-1","ADIOU1003G","29ADIOU1003G1Z3","inspection","2025-07-10","completed","Synthetic inspection event for prototype lookup."
"EVT-00699","CG-0004","Shops and Establishments","SHOPS-0004-1","AEJPV1004H","29AEJPV1004H1Z4","electricity_usage","2025-07-07","completed","Synthetic electricity usage event for prototype lookup."
"EVT-00700","CG-0005","Shops and Establishments","SHOPS-0005-1","AFKQW1005I","29AFKQW1005I1Z5","water_usage","2025-07-04","completed","Synthetic water usage event for prototype lookup."
"EVT-00701","CG-0006","Shops and Establishments","SHOPS-0006-1","AGLRX1006J","29AGLRX1006J1Z6","pollution_consent","2025-07-01","completed","Synthetic pollution consent event for prototype lookup."
"EVT-00702","CG-0007","Shops and Establishments","SHOPS-0007-1","AHMSY1007K","29AHMSY1007K1Z7","license_update","2025-06-28","completed","Synthetic license update event for prototype lookup."
"EVT-00703","CG-0008","Shops and Establishments","SHOPS-0008-1","AINTZ1008L","29AINTZ1008L1Z8","closure_application","2025-06-25","submitted","Synthetic closure application event for prototype lookup."
"EVT-00704","CG-0009","Shops and Establishments","SHOPS-0009-1","AJOUA1009M","29AJOUA1009M1Z9","license_cancelled","2025-06-22","completed","Synthetic license cancelled event for prototype lookup."
"EVT-00705","CG-0010","Labour","LABOUR-0010-3","AKPVB1010N","29AKPVB1010N1Z0","renewal","2025-06-19","completed","Synthetic renewal event for prototype lookup."
"EVT-00706","CG-0012","Shops and Establishments","SHOPS-0012-1","AMRXD1012P","29AMRXD1012P1Z2","compliance_filing","2025-06-16","completed","Synthetic compliance filing event for prototype lookup."
"EVT-00707","CG-0013","Labour","LABOUR-0013-3","ANSYE1013Q","29ANSYE1013Q1Z3","inspection","2025-06-13","completed","Synthetic inspection event for prototype lookup."
"EVT-00708","CG-0015","Factories","FACTORIES-0015-2","APUAG1015S","29APUAG1015S1Z5","license_update","2025-06-10","completed","Synthetic license update event for prototype lookup."
"EVT-00709","CG-0016","Labour","LABOUR-0016-3","AQVBH1016T","","water_usage","2025-06-07","completed","Synthetic water usage event for prototype lookup."
"EVT-00710","CG-0018","Factories","FACTORIES-0018-2","ASXDJ1018V","29ASXDJ1018V1Z8","license_cancelled","2025-06-04","completed","Synthetic license cancelled event for prototype lookup."
"EVT-00711","CG-0020","Shops and Establishments","SHOPS-0020-1","AUZFL1020X","29AUZFL1020X1Z0","license_update","2025-06-01","completed","Synthetic license update event for prototype lookup."
"EVT-00712","CG-0021","Factories","FACTORIES-0021-2","AVAGM1021Y","29AVAGM1021Y1Z1","compliance_filing","2025-05-29","completed","Synthetic compliance filing event for prototype lookup."
"EVT-00713","CG-0023","Shops and Establishments","SHOPS-0023-1","AXCIO1023A","29AXCIO1023A1Z3","license_cancelled","2025-05-26","completed","Synthetic license cancelled event for prototype lookup."
"EVT-00714","CG-0024","Labour","LABOUR-0024-3","AYDJP1024B","","renewal","2025-05-23","completed","Synthetic renewal event for prototype lookup."
"EVT-00715","CG-0026","Shops and Establishments","SHOPS-0026-1","BAFLR1026D","29BAFLR1026D1Z6","compliance_filing","2025-05-20","completed","Synthetic compliance filing event for prototype lookup."
"EVT-00716","CG-0027","Labour","LABOUR-0027-3","BBGMS1027E","29BBGMS1027E1Z7","license_cancelled","2025-05-17","completed","Synthetic license cancelled event for prototype lookup."
"EVT-00717","CG-0029","Factories","FACTORIES-0029-2","BDIOU1029G","29BDIOU1029G1Z9","license_update","2025-05-14","completed","Synthetic license update event for prototype lookup."
"EVT-00718","CG-0030","KSPCB","KSPCB-0030-4","","29BEJPV1030H1Z0","electricity_usage","2025-05-11","completed","Synthetic electricity usage event for prototype lookup."
"EVT-00719","CG-0032","Factories","FACTORIES-0032-2","BGLRX1032J","29BGLRX1032J1Z2","license_cancelled","2025-05-08","completed","Synthetic license cancelled event for prototype lookup."
"EVT-00720","CG-0034","Shops and Establishments","SHOPS-0034-1","BINTZ1034L","29BINTZ1034L1Z4","license_cancelled","2025-05-05","completed","Synthetic license cancelled event for prototype lookup."
"EVT-00721","CG-0001","Local Body / Trade Licence","TRADE-0001-1","ABGMS1001E","29ABGMS1001E1Z1","trade_license_renewal","2026-04-22","completed","Synthetic local body event for prototype lookup."
"EVT-00722","CG-0001","Local Body / Trade Licence","TRADE-0001-1","ABGMS1001E","29ABGMS1001E1Z1","inspection","2025-12-15","completed","Synthetic local body event for prototype lookup."
"EVT-00723","CG-0002","Local Body / Trade Licence","TRADE-0002-1","ACHNT1002F","29ACHNT1002F1Z2","trade_license_renewal","2026-04-22","completed","Synthetic local body event for prototype lookup."
"EVT-00724","CG-0002","Local Body / Trade Licence","TRADE-0002-1","ACHNT1002F","29ACHNT1002F1Z2","inspection","2025-12-15","completed","Synthetic local body event for prototype lookup."
"EVT-00725","CG-0003","Local Body / Trade Licence","TRADE-0003-1","ADIOU1003G","29ADIOU1003G1Z3","trade_license_renewal","2026-04-22","completed","Synthetic local body event for prototype lookup."
"EVT-00726","CG-0003","Local Body / Trade Licence","TRADE-0003-1","ADIOU1003G","29ADIOU1003G1Z3","inspection","2025-12-15","completed","Synthetic local body event for prototype lookup."
"EVT-00727","CG-0004","Local Body / Trade Licence","TRADE-0004-1","AEJPV1004H","29AEJPV1004H1Z4","trade_license_renewal","2026-04-22","completed","Synthetic local body event for prototype lookup."
"EVT-00728","CG-0004","Local Body / Trade Licence","TRADE-0004-1","AEJPV1004H","29AEJPV1004H1Z4","inspection","2025-12-15","completed","Synthetic local body event for prototype lookup."
"EVT-00729","CG-0005","Local Body / Trade Licence","TRADE-0005-1","AFKQW1005I","29AFKQW1005I1Z5","trade_license_renewal","2026-04-22","completed","Synthetic local body event for prototype lookup."
"EVT-00730","CG-0005","Local Body / Trade Licence","TRADE-0005-1","AFKQW1005I","29AFKQW1005I1Z5","inspection","2025-12-15","completed","Synthetic local body event for prototype lookup."
"EVT-00731","CG-0006","Local Body / Trade Licence","TRADE-0006-1","AGLRX1006J","29AGLRX1006J1Z6","trade_license_renewal","2026-04-22","completed","Synthetic local body event for prototype lookup."
"EVT-00732","CG-0006","Local Body / Trade Licence","TRADE-0006-1","AGLRX1006J","29AGLRX1006J1Z6","inspection","2025-12-15","completed","Synthetic local body event for prototype lookup."
"EVT-00733","CG-0007","Local Body / Trade Licence","TRADE-0007-1","AHMSY1007K","29AHMSY1007K1Z7","trade_license_renewal","2026-04-22","completed","Synthetic local body event for prototype lookup."
"EVT-00734","CG-0007","Local Body / Trade Licence","TRADE-0007-1","AHMSY1007K","29AHMSY1007K1Z7","inspection","2025-12-15","completed","Synthetic local body event for prototype lookup."
"EVT-00735","CG-0008","Local Body / Trade Licence","TRADE-0008-1","AINTZ1008L","29AINTZ1008L1Z8","trade_license_renewal","2026-04-22","completed","Synthetic local body event for prototype lookup."
"EVT-00736","CG-0008","Local Body / Trade Licence","TRADE-0008-1","AINTZ1008L","29AINTZ1008L1Z8","inspection","2025-12-15","completed","Synthetic local body event for prototype lookup."
"EVT-00737","CG-0009","Local Body / Trade Licence","TRADE-0009-1","AJOUA1009M","29AJOUA1009M1Z9","trade_license_renewal","2026-04-22","completed","Synthetic local body event for prototype lookup."
"EVT-00738","CG-0009","Local Body / Trade Licence","TRADE-0009-1","AJOUA1009M","29AJOUA1009M1Z9","inspection","2025-12-15","completed","Synthetic local body event for prototype lookup."
"EVT-00739","CG-0010","Local Body / Trade Licence","TRADE-0010-1","AKPVB1010N","29AKPVB1010N1Z0","trade_license_renewal","2026-04-22","completed","Synthetic local body event for prototype lookup."
"EVT-00740","CG-0010","Local Body / Trade Licence","TRADE-0010-1","AKPVB1010N","29AKPVB1010N1Z0","inspection","2025-12-15","completed","Synthetic local body event for prototype lookup."
"EVT-00741","CG-0011","Local Body / Trade Licence","TRADE-0011-1","ALQWC1011O","29ALQWC1011O1Z1","trade_license_renewal","2026-04-22","completed","Synthetic local body event for prototype lookup."
"EVT-00742","CG-0011","Local Body / Trade Licence","TRADE-0011-1","ALQWC1011O","29ALQWC1011O1Z1","inspection","2025-12-15","completed","Synthetic local body event for prototype lookup."
"EVT-00743","CG-0012","Local Body / Trade Licence","TRADE-0012-1","AMRXD1012P","29AMRXD1012P1Z2","trade_license_renewal","2026-04-22","completed","Synthetic local body event for prototype lookup."
"EVT-00744","CG-0012","Local Body / Trade Licence","TRADE-0012-1","AMRXD1012P","29AMRXD1012P1Z2","inspection","2025-12-15","completed","Synthetic local body event for prototype lookup."
