record_id,company_group_id,department,department_record_id,business_name,business_type,pan,gstin,owner_name,email,phone,address,city,district,state,pin_code,business_sector,factory_license_no,shop_license_no,labour_registration_no,kspcb_consent_no,bescom_consumer_no,bwssb_consumer_no,trade_license_no,status_in_department,last_updated,promoter_names,authorized_signatory_name,owner_address,telephone,date_of_commencement,registration_date,renewal_date,last_inspection_date,employee_count,working_hours,weekly_holiday,active_flag,address_proof_type,identity_proof_type,establishment_document_type,land_or_lease_document,factory_plan_reference,stability_certificate_no,pollution_control_measure_summary
MDB-00001,CG-0001,Shops and Establishments,SHOPS-0001-1,Sri Lakshmi Engg,Pvt Ltd,ABGMS1001E,29ABGMS1001E1Z1,Meera Gowda,records001@synthetic-setu.test,91-70041-10173,"Plot 11, Peenya Indl Area, Peenya 560058",Peenya,Bengaluru Urban,Karnataka,560058,Manufacturing,,SHOP-10001,,,,,SHARED-LIC-0001,Active,2026 Apr 08,Meera Gowda; Sowmya Reddy,M. Gowda,"Demo residence 1, Bengaluru Urban, Karnataka",91-70041-10173,2008 Jan 18,2008 Mar 14,2026 Jan 14,2025 Jun 20,11,10:00-19:00,Second Saturday,true,Rent agreement,Director KYC extract,Shop registration extract,,,,
MDB-00002,CG-0001,Factories,FACTORIES-0001-2,M/s Sri Lakshmi Engineering,Pvt Ltd,ABGMS1001E,29ABGMS1001E1Z1,Farhan Ahmed,records001@synthetic-setu.test,91-70041-10173,"No 11, Peenya Industrial Area, Peenya 560058",Peenya,Bengaluru Urban,Karnataka,560058,Manufacturing,FAC-10001,,,,,,SHARED-LIC-0001,Active,2026 Apr 19,Farhan Ahmed; Sowmya Reddy,F. Ahmed,"Demo residence 1, Bengaluru Urban, Karnataka",91-70041-10173,2008 Jan 29,2008 Apr 05,2026 Jan 25,2025 Jul 01,12,Shift-based,Rotational,true,Utility bill,Partnership deed,Factory licence application,Lease deed,PLAN-10001,STAB-10001,
MDB-00003,CG-0001,Labour,LABOUR-0001-3,Sri Lakshmi Engineering,Pvt Ltd,ABGMS1001E,29ABGMS1001E1Z1,Sowmya Reddy,records001@synthetic-setu.test,91-70041-10173,"Plot 11, Peenya Industrial Area, Peenya 560058",Peenya,Bengaluru Urban,Karnataka,560058,Manufacturing,,,LAB-10001,,,,SHARED-LIC-0001,Dormant,2025 Oct 01,Sowmya Reddy; Sowmya Reddy,S. Reddy,"Demo residence 1, Bengaluru Urban, Karnataka",91-70041-10173,2008 Feb 10,2008 Apr 29,2024 Feb 06,2023 Aug 12,13,09:00-18:00,Sunday,true,Consent letter,,,,,,
MDB-00004,CG-0001,KSPCB,KSPCB-0001-4,SRI LAKSHMI ENGINEERING,Pvt Ltd,ABGMS1001E,29ABGMS1001E1Z1,Prakash Hegde,records001@synthetic-setu.test,91-70041-10173,"No 11, Peenya Industrial Area, Peenya 560058",Peenya,Bengaluru Urban,Karnataka,560058,Manufacturing,,,,KSPCB-10001,,,SHARED-LIC-0001,Closed,2024 Dec 15,Prakash Hegde; Sowmya Reddy,P. Hegde,"Demo residence 1, Bengaluru Urban, Karnataka",91-70041-10173,2008 Feb 24,2008 May 27,2022 Feb 20,2022 May 27,14,09:30-18:30,Monday,false,,PAN card copy,Incorporation certificate,,,,ETP or waste handling plan recorded
MDB-00005,CG-0001,BESCOM,BESCOM-0001-5,Sri Lakshmi Engineering,Pvt Ltd,ABGMS1001E,29ABGMS1001E1Z1,Naveen Shetty,records001@synthetic-setu.test,91-70041-10173,"Plot 11, Peenya Indl Area, Peenya 560058",Peenya,Bengaluru Urban,Karnataka,560058,Manufacturing,,,,,BESCOM-10001,,SHARED-LIC-0001,Active,2026 Apr 22,Naveen Shetty; Sowmya Reddy,N. Shetty,"Demo residence 1, Bengaluru Urban, Karnataka",91-70041-10173,2008 Mar 07,2008 Jun 20,2026 Mar 04,2025 Aug 08,15,10:00-19:00,Second Saturday,true,Lease deed,Aadhaar reference copy,Utility service connection record,,,,
MDB-00006,CG-0002,Shops and Establishments,SHOPS-0002-1,Bharat Components,Partnership,ACHNT1002F,29ACHNT1002F1Z2,Raghavendra Murthy,records002@synthetic-setu.test,91-70082-10346,"Plot 12, Peenya Indl Area, Peenya 560058",Peenya,Bengaluru Urban,Karnataka,560058,Auto Components,,SHOP-10002,,,,,SHARED-LIC-0002,Active,2026 Apr 15,Raghavendra Murthy; Prakash Hegde,R. Murthy,"Demo residence 2, Bengaluru Urban, Karnataka",91-70082-10346,2009 Feb 04,2009 Apr 12,2026 Jan 27,2025 Jul 09,23,09:00-18:00,Sunday,true,Rent agreement,Partnership deed,Factory licence application,,,,
MDB-00007,CG-0002,Factories,FACTORIES-0002-2,M/s Bharat Components,Partnership,ACHNT1002F,29ACHNT1002F1Z2,Divya Prasad,records002@synthetic-setu.test,91-70082-10346,"No 12, Peenya Industrial Area, Peenya 560058",Peenya,Bengaluru Urban,Karnataka,560058,Auto Components,FAC-10002,,,,,,SHARED-LIC-0002,Dormant,2025 Sep 26,Divya Prasad; Prakash Hegde,D. Prasad,"Demo residence 2, Bengaluru Urban, Karnataka",91-70082-10346,2009 Feb 15,2009 May 04,2024 Feb 07,2023 Aug 19,24,09:30-18:30,Monday,true,Utility bill,,,Lease deed,PLAN-10002,STAB-10002,
MDB-00008,CG-0002,Labour,LABOUR-0002-3,Bharat Comp,Partnership,ACHNT1002F,29ACHNT1002F1Z2,Mohammed Sameer,records002@synthetic-setu.test,91-70082-10346,"Plot 12, Peenya Industrial Area, Peenya 560058",Peenya,Bengaluru Urban,Karnataka,560058,Auto Components,,,LAB-10002,,,,SHARED-LIC-0002,Closed,2024 Dec 08,Mohammed Sameer; Prakash Hegde,M. Sameer,"Demo residence 2, Bengaluru Urban, Karnataka",91-70082-10346,2009 Feb 27,2009 May 28,2022 Feb 19,2022 Jun 01,25,10:00-19:00,Second Saturday,false,Consent letter,PAN card copy,Incorporation certificate,,,,
MDB-00009,CG-0002,KSPCB,KSPCB-0002-4,BHARAT COMPONENTS,Partnership,ACHNT1002F,,Sunita Patil,records002@synthetic-setu.test,91-70082-10346,"No 12, Peenya Industrial Area, Peenya 560058",Peenya,Bengaluru Urban,Karnataka,560058,Auto Components,,,,KSPCB-10002,,,SHARED-LIC-0002,Active,2026 Apr 17,Sunita Patil; Prakash Hegde,S. Patil,"Demo residence 2, Bengaluru Urban, Karnataka",91-70082-10346,2009 Mar 13,2009 Jun 25,2026 Mar 05,2025 Aug 15,26,Shift-based,Rotational,true,,Aadhaar reference copy,Partnership deed,,,,ETP or waste handling plan recorded
MDB-00010,CG-0002,BESCOM,BESCOM-0002-5,Bharat Components,Partnership,,,Asha Rao,records002@synthetic-setu.test,91-70082-10346,"Plot 12, Peenya Indl Area, Peenya 560058",Peenya,Bengaluru Urban,Karnataka,560058,Auto Components,,,,,BESCOM-10002,,SHARED-LIC-0002,Active,2026 Apr 29,Asha Rao; Prakash Hegde,A. Rao,"Demo residence 2, Bengaluru Urban, Karnataka",91-70082-10346,2009 Mar 25,2009 Jul 19,2026 Mar 17,2025 Aug 27,27,09:00-18:00,Sunday,true,Utility connection evidence only,Director KYC extract,Utility service connection record,,,,
MDB-00011,CG-0003,Shops and Establishments,SHOPS-0003-1,Nandi Precision Tools,LLP,ADIOU1003G,29ADIOU1003G1Z3,Meera Gowda,records003@synthetic-setu.test,91-70123-10519,"Plot 13, Electronic City Phase 2, Electronic City 560100",Electronic City,Bengaluru Urban,Karnataka,560100,Precision Tools,,SHOP-10003,,,,,SHARED-LIC-0003,Dormant,2025 Sep 22,Meera Gowda; Naveen Shetty,M. Gowda,"Demo residence 3, Bengaluru Urban, Karnataka",91-70123-10519,2010 Feb 21,2010 May 10,2024 Feb 09,2023 Aug 27,35,10:00-19:00,Second Saturday,false,Rent agreement,,,,,,
MDB-00012,CG-0003,Factories,FACTORIES-0003-2,M/s Nandi Precision Tools,LLP,ADIOU1003G,29ADIOU1003G1Z3,Farhan Ahmed,records003@synthetic-setu.test,91-70123-10519,"No 13, Electronic City Phase 2, Electronic City 560100",Electronic City,Bengaluru Urban,Karnataka,560100,Precision Tools,FAC-10003,,,,,,SHARED-LIC-0003,Closed,2024 Dec 03,Farhan Ahmed; Naveen Shetty,F. Ahmed,"Demo residence 3, Bengaluru Urban, Karnataka",91-70123-10519,2010 Mar 04,2010 Jun 01,2022 Feb 20,2022 Jun 08,36,Shift-based,Rotational,false,Utility bill,PAN card copy,Incorporation certificate,Lease deed,PLAN-10003,STAB-10003,
MDB-00013,CG-0003,Labour,LABOUR-0003-3,Nandi Precision Tools,LLP,ADIOU1003G,,Sowmya Reddy,records003@synthetic-setu.test,91-70123-10519,"Plot 13, Electronic City Phase 2, Electronic City 560100",Electronic City,Bengaluru Urban,Karnataka,560100,Precision Tools,,,LAB-10003,,,,SHARED-LIC-0003,Active,2026 Apr 10,Sowmya Reddy; Naveen Shetty,S. Reddy,"Demo residence 3, Bengaluru Urban, Karnataka",91-70123-10519,2010 Mar 16,2010 Jun 25,2026 Mar 04,2025 Aug 20,37,09:00-18:00,Sunday,true,Consent letter,Aadhaar reference copy,Partnership deed,,,,
MDB-00014,CG-0003,KSPCB,KSPCB-0003-4,NANDI PRECISION TOOLS,LLP,,,Prakash Hegde,records003@synthetic-setu.test,91-70123-10519,"No 13, Electronic City Phase 2, Electronic City 560100",Electronic City,Bengaluru Urban,Karnataka,560100,Precision Tools,,,,KSPCB-10003,,,SHARED-LIC-0003,Active,2026 Apr 24,Prakash Hegde; Naveen Shetty,P. Hegde,"Demo residence 3, Bengaluru Urban, Karnataka",91-70123-10519,2010 Mar 30,2010 Jul 23,2026 Mar 18,2025 Sep 03,38,09:30-18:30,Monday,true,,Director KYC extract,Shop registration extract,,,,ETP or waste handling plan recorded
MDB-00015,CG-0003,BESCOM,BESCOM-0003-5,Nandi Precision Tools,LLP,,,Naveen Shetty,,91-70123-10519,"Plot 13, Electronic City Phase 2, Electronic City 560100",Electronic City,Bengaluru Urban,Karnataka,560100,Precision Tools,,,,,BESCOM-10003,,SHARED-LIC-0003,Active,2026 Apr 01,Naveen Shetty; Naveen Shetty,N. Shetty,"Demo residence 3, Bengaluru Urban, Karnataka",91-70123-10519,2010 Apr 11,2010 Aug 16,2026 Mar 30,2025 Sep 15,39,10:00-19:00,Second Saturday,true,Utility connection evidence only,Partnership deed,Utility service connection record,,,,
MDB-00016,CG-0004,Shops and Establishments,SHOPS-0004-1,Cauvery Foods,Pvt Ltd,AEJPV1004H,29AEJPV1004H1Z4,Raghavendra Murthy,records004@synthetic-setu.test,91-70164-10692,"Plot 14, MG Rd, Bengaluru Central 560001",Bengaluru Central,Bengaluru Urban,Karnataka,560001,Food Processing,,SHOP-10004,,,,,SHARED-LIC-0004,Closed,2024 Nov 29,Raghavendra Murthy; Anita Nair,R. Murthy,"Demo residence 4, Bengaluru Urban, Karnataka",91-70164-10692,2011 Mar 10,2011 Jun 07,2022 Feb 22,2022 Jun 16,47,09:00-18:00,Sunday,false,Rent agreement,PAN card copy,Incorporation certificate,,,,
MDB-00017,CG-0004,Factories,FACTORIES-0004-2,M/s Cauvery Foods,Pvt Ltd,AEJPV1004H,29AEJPV1004H1Z4,Divya Prasad,records004@synthetic-setu.test,91-70164-10692,"No 14, MG Road, Bengaluru Central 560001",Bengaluru Central,Bengaluru Urban,Karnataka,560001,Food Processing,FAC-10004,,,,,,SHARED-LIC-0004,Active,2026 Apr 05,Divya Prasad; Anita Nair,D. Prasad,"Demo residence 4, Bengaluru Urban, Karnataka",91-70164-10692,2011 Mar 21,2011 Jun 29,2026 Mar 05,2025 Aug 27,48,09:30-18:30,Monday,true,Utility bill,Aadhaar reference copy,Partnership deed,Lease deed,PLAN-10004,,
MDB-00018,CG-0004,Labour,LABOUR-0004-3,Cauvery Foods,Pvt Ltd,AEJPV1004H,29AEJPV1004H1Z4,Mohammed Sameer,records004@synthetic-setu.test,91-70164-10692,"Plot 14, MG Road, Bengaluru Central 560001",Bengaluru Central,Bengaluru Urban,Karnataka,560001,Food Processing,,,LAB-10004,,,,SHARED-LIC-0004,Active,2026 Apr 17,Mohammed Sameer; Anita Nair,M. Sameer,"Demo residence 4, Bengaluru Urban, Karnataka",91-70164-10692,2011 Apr 02,2011 Jul 23,2026 Mar 17,2025 Sep 08,49,10:00-19:00,Second Saturday,true,Consent letter,Director KYC extract,Shop registration extract,,,,
MDB-00019,CG-0004,KSPCB,KSPCB-0004-4,CAUVERY FOODS,Pvt Ltd,,29SZGPW4248J1Z4,Conflicting Synthetic Owner,records004@synthetic-setu.test,91-70164-10692,"No 14, MG Road, Bengaluru Central 560001",Bengaluru Central,Bengaluru Urban,Karnataka,560001,Food Processing,,,,KSPCB-10004,,,SHARED-LIC-0004,Active,2026 May 01,Sunita Patil; Anita Nair,S. Patil,"Demo residence 4, Bengaluru Urban, Karnataka",91-70164-10692,2011 Apr 16,2011 Aug 20,2026 Mar 31,2025 Sep 22,50,Shift-based,Rotational,true,,Identifier conflict - reviewer check,Factory licence application,,,,ETP or waste handling plan recorded
MDB-00020,CG-0004,BESCOM,BESCOM-0004-5,Cauvery Foods,Pvt Ltd,,29AEJPV1004H1Z4,Asha Rao,records004@synthetic-setu.test,91-70164-10692,"Plot 14, MG Rd, Bengaluru Central 560001",Bengaluru Central,Bengaluru Urban,Karnataka,560001,Food Processing,,,,,BESCOM-10004,,SHARED-LIC-0004,Dormant,2025 Nov 17,Asha Rao; Anita Nair,A. Rao,"Demo residence 4, Bengaluru Urban, Karnataka",91-70164-10692,2011 Apr 28,2011 Sep 13,2024 Apr 11,2023 Nov 03,,09:00-18:00,Sunday,true,Lease deed,,Utility service connection record,,,,
MDB-00021,CG-0005,Shops and Establishments,SHOPS-0005-1,Whitefield Auto Systems,Pvt Ltd,AFKQW1005I,29AFKQW1005I1Z5,Meera Gowda,records005@synthetic-setu.test,91-70205-10865,"Plot 15, Whitefield Industrial Layout, Whitefield 560066",Whitefield,Bengaluru Urban,Karnataka,560066,Auto Components,,SHOP-10005,,,,,SHARED-LIC-0005,Active,2026 Apr 01,Meera Gowda; Raghavendra Murthy,M. Gowda,"Demo residence 5, Bengaluru Urban, Karnataka",91-70205-10865,2012 Mar 26,2012 Jul 04,2026 Mar 07,2025 Sep 04,59,10:00-19:00,Second Saturday,true,Rent agreement,Aadhaar reference copy,Partnership deed,,,,
MDB-00022,CG-0005,Factories,FACTORIES-0005-2,M/s Whitefield Auto Systems,Pvt Ltd,AFKQW1005I,29AFKQW1005I1Z5,Farhan Ahmed,records005@synthetic-setu.test,91-70205-10865,"No 15, Whitefield Industrial Layout, Whitefield 560066",Whitefield,Bengaluru Urban,Karnataka,560066,Auto Components,FAC-10005,,,,,,SHARED-LIC-0005,Active,2026 Apr 12,Farhan Ahmed; Raghavendra Murthy,F. Ahmed,"Demo residence 5, Bengaluru Urban, Karnataka",91-70205-10865,2012 Apr 06,2012 Jul 26,2026 Mar 18,2025 Sep 15,60,Shift-based,Rotational,true,Utility bill,Director KYC extract,Shop registration extract,Lease deed,,STAB-10005,
MDB-00023,CG-0005,Labour,LABOUR-0005-3,Whitefield Auto Systems,Pvt Ltd,,29AFKQW1005I1Z5,Sowmya Reddy,records005@synthetic-setu.test,91-70205-10865,"Plot 15, Whitefield Industrial Layout, Whitefield 560066",Whitefield,Bengaluru Urban,Karnataka,560066,Auto Components,,,LAB-10005,,,,SHARED-LIC-0005,Active,2026 Apr 24,Sowmya Reddy; Raghavendra Murthy,S. Reddy,"Demo residence 5, Bengaluru Urban, Karnataka",91-70205-10865,2012 Apr 18,2012 Aug 19,2026 Mar 30,2025 Sep 27,61,09:00-18:00,Sunday,true,Consent letter,Partnership deed,Factory licence application,,,,
MDB-00024,CG-0005,KSPCB,KSPCB-0005-4,WHITEFIELD AUTO SYSTEMS,Pvt Ltd,AFKQW1005I,29AFKQW1005I1Z5,Prakash Hegde,records005@synthetic-setu.test,91-70205-10865,"No 15, Whitefield Industrial Layout, Whitefield 560066",Whitefield,Bengaluru Urban,Karnataka,560066,Auto Components,,,,KSPCB-10005,,,SHARED-LIC-0005,Dormant,2025 Nov 12,Prakash Hegde; Raghavendra Murthy,P. Hegde,"Demo residence 5, Bengaluru Urban, Karnataka",91-70205-10865,2012 May 02,2012 Sep 16,2024 Apr 12,2023 Nov 10,62,09:30-18:30,Monday,true,,,,,,,
MDB-00025,CG-0005,BESCOM,BESCOM-0005-5,Whitefield Auto Systems,Pvt Ltd,,,Naveen Shetty,records005@synthetic-setu.test,91-70205-10865,"Plot 15, Whitefield Industrial Layout, Whitefield 560066",Whitefield,Bengaluru Urban,Karnataka,560066,Auto Components,,,,,BESCOM-10005,,SHARED-LIC-0005,Closed,2025 Jan 24,Naveen Shetty; Raghavendra Murthy,N. Shetty,"Demo residence 5, Bengaluru Urban, Karnataka",91-70205-10865,2012 May 14,2012 Oct 10,2022 Apr 25,2022 Aug 23,63,10:00-19:00,Second Saturday,false,Utility connection evidence only,PAN card copy,Utility service connection record,,,,
MDB-00026,CG-0006,Shops and Establishments,SHOPS-0006-1,Bannerghatta Bio Foods,Proprietorship,AGLRX1006J,29AGLRX1006J1Z6,Raghavendra Murthy,records006@synthetic-setu.test,91-70246-11038,"Plot 16, Bannerghatta Rd, Bannerghatta Rd 560076",Bannerghatta Road,Bengaluru Urban,Karnataka,560076,Food Processing,,SHOP-10006,,,,,SHARED-LIC-0006,Active,2026 Apr 08,Raghavendra Murthy; Divya Prasad,R. Murthy,"Demo residence 6, Bengaluru Urban, Karnataka",91-70246-11038,2013 Apr 13,2013 Aug 02,2026 Mar 20,2025 Sep 23,71,09:00-18:00,Sunday,true,Rent agreement,,Shop registration extract,,,,
MDB-00027,CG-0006,Factories,FACTORIES-0006-2,M/s Bannerghatta Bio Foods,Proprietorship,AGLRX1006J,29AGLRX1006J1Z6,Divya Prasad,records006@synthetic-setu.test,91-70246-11038,"No 16, Bannerghatta Road, Bannerghatta Road 560076",Bannerghatta Road,Bengaluru Urban,Karnataka,560076,Food Processing,FAC-10006,,,,,,SHARED-LIC-0006,Dormant,2025 Oct 24,Divya Prasad; Divya Prasad,D. Prasad,"Demo residence 6, Bengaluru Urban, Karnataka",91-70246-11038,2013 Apr 24,2013 Aug 24,2024 Mar 30,2023 Nov 03,72,09:30-18:30,Monday,false,Utility bill,,Factory licence application,,PLAN-10006,STAB-10006,
MDB-00028,CG-0006,Labour,LABOUR-0006-3,Bannerghatta Bio Foods,Proprietorship,AGLRX1006J,,Mohammed Sameer,records006@synthetic-setu.test,91-70246-11038,"Plot 16, Bannerghatta Road, Bannerghatta Road 560076",Bannerghatta Road,Bengaluru Urban,Karnataka,560076,Food Processing,,,LAB-10006,,,,SHARED-LIC-0006,Dormant,2025 Nov 05,Mohammed Sameer; Divya Prasad,M. Sameer,"Demo residence 6, Bengaluru Urban, Karnataka",91-70246-11038,2013 May 06,2013 Sep 17,2024 Apr 11,2023 Nov 15,73,10:00-19:00,Second Saturday,false,Consent letter,,,,,,
MDB-00029,CG-0006,KSPCB,KSPCB-0006-4,BANNERGHATTA BIO FOODS,Proprietorship,,,Sunita Patil,records006@synthetic-setu.test,91-70246-11038,"No 16, Bannerghatta Road, Bannerghatta Road 560076",Bannerghatta Road,Bengaluru Urban,Karnataka,560076,Food Processing,,,,KSPCB-10006,,,SHARED-LIC-0006,Closed,2025 Jan 19,Sunita Patil; Divya Prasad,S. Patil,"Demo residence 6, Bengaluru Urban, Karnataka",91-70246-11038,2013 May 20,2013 Oct 15,2022 Apr 26,2022 Aug 30,74,Shift-based,Rotational,false,,,Incorporation certificate,,,,ETP or waste handling plan recorded
MDB-00030,CG-0006,BESCOM,BESCOM-0006-5,Bannerghatta Bio Foods,Proprietorship,,,Asha Rao,,91-70246-11038,"Plot 16, Bannerghatta Rd, Bannerghatta Rd 560076",Bannerghatta Road,Bengaluru Urban,Karnataka,560076,Food Processing,,,,,BESCOM-10006,,SHARED-LIC-0006,Active,2026 Apr 22,Asha Rao; Divya Prasad,A. Rao,"Demo residence 6, Bengaluru Urban, Karnataka",91-70246-11038,2013 Jun 01,2013 Nov 08,2026 May 08,2025 Nov 11,75,09:00-18:00,Sunday,true,Utility connection evidence only,,Utility service connection record,,,,
MDB-00031,CG-0007,Shops and Establishments,SHOPS-0007-1,Marathahalli Electronics,Pvt Ltd,AHMSY1007K,29AHMSY1007K1Z7,Meera Gowda,records007@synthetic-setu.test,91-70287-11211,"Plot 17, Marathahalli Outer Ring Rd, Marathahalli 560037",Marathahalli,Bengaluru Urban,Karnataka,560037,Electronics,,SHOP-10007,,,,,SHARED-LIC-0007,Active,2026 Apr 15,Meera Gowda; Mohammed Sameer,M. Gowda,"Demo residence 7, Bengaluru Urban, Karnataka",91-70287-11211,2014 Apr 30,2014 Aug 30,2026 Apr 02,2025 Oct 12,83,10:00-19:00,Second Saturday,true,,Partnership deed,Factory licence application,,,,
MDB-00032,CG-0007,Factories,FACTORIES-0007-2,M/s Marathahalli Electronics,Pvt Ltd,AHMSY1007K,29AHMSY1007K1Z7,Farhan Ahmed,records007@synthetic-setu.test,91-70287-11211,"No 17, Marathahalli Outer Ring Road, Marathahalli 560037",Marathahalli,Bengaluru Urban,Karnataka,560037,Electronics,FAC-10007,,,,,,SHARED-LIC-0007,Dormant,2025 Oct 31,Farhan Ahmed; Mohammed Sameer,F. Ahmed,"Demo residence 7, Bengaluru Urban, Karnataka",91-70287-11211,2014 May 11,2014 Sep 21,2024 Apr 12,2023 Nov 22,84,Shift-based,Rotational,true,,,,Lease deed,PLAN-10007,STAB-10007,
MDB-00033,CG-0007,Labour,LABOUR-0007-3,Marathahalli Electronix,Pvt Ltd,AHMSY1007K,29AHMSY1007K1Z7,Sowmya Reddy,records007@synthetic-setu.test,91-70287-11211,"Plot 17, Marathahalli Outer Ring Road, Marathahalli 560037",Marathahalli,Bengaluru Urban,Karnataka,560037,Electronics,,,LAB-10007,,,,SHARED-LIC-0007,Closed,2025 Jan 12,Sowmya Reddy; Mohammed Sameer,S. Reddy,"Demo residence 7, Bengaluru Urban, Karnataka",91-70287-11211,2014 May 23,2014 Oct 15,2022 Apr 25,2022 Sep 04,85,09:00-18:00,Sunday,false,,PAN card copy,Incorporation certificate,,,,
MDB-00034,CG-0007,KSPCB,KSPCB-0007-4,MARATHAHALLI ELECTRONICS,Pvt Ltd,,29AHMSY1007K1Z7,Prakash Hegde,records007@synthetic-setu.test,91-70287-11211,"No 17, Marathahalli Outer Ring Road, Marathahalli 560037",Marathahalli,Bengaluru Urban,Karnataka,560037,Electronics,,,,KSPCB-10007,,,SHARED-LIC-0007,Active,2026 Apr 17,Prakash Hegde; Mohammed Sameer,P. Hegde,"Demo residence 7, Bengaluru Urban, Karnataka",91-70287-11211,2014 Jun 06,2014 Nov 12,2026 May 09,2025 Nov 18,86,09:30-18:30,Monday,true,,Aadhaar reference copy,Partnership deed,,,,ETP or waste handling plan recorded
MDB-00035,CG-0007,BESCOM,BESCOM-0007-5,Marathahalli Electronics,Pvt Ltd,,,Naveen Shetty,records007@synthetic-setu.test,91-70287-11211,"Plot 17, Marathahalli Outer Ring Rd, Marathahalli 560037",Marathahalli,Bengaluru Urban,Karnataka,560037,Electronics,,,,,BESCOM-10007,,SHARED-LIC-0007,Active,2026 Apr 29,Naveen Shetty; Mohammed Sameer,N. Shetty,"Demo residence 7, Bengaluru Urban, Karnataka",91-70287-11211,2014 Jun 18,2014 Dec 06,2026 May 21,2025 Nov 30,87,10:00-19:00,Second Saturday,true,,Director KYC extract,Utility service connection record,,,,
MDB-00036,CG-0008,Shops and Establishments,SHOPS-0008-1,Yelahanka Aero Components,Pvt Ltd,AINTZ1008L,29AINTZ1008L1Z8,Raghavendra Murthy,records008@synthetic-setu.test,91-70328-11384,"Plot 18, Yelahanka Indl Area, Yelahanka 560064",Yelahanka,Bengaluru Urban,Karnataka,560064,Auto Components,,SHOP-10008,,,,,SHARED-LIC-0008,Dormant,2025 Oct 27,Raghavendra Murthy; Sunita Patil,R. Murthy,"Demo residence 8, Bengaluru Urban, Karnataka",91-70328-11384,2015 May 17,2015 Sep 27,2024 Apr 14,2023 Nov 30,95,09:00-18:00,Sunday,true,Rent agreement,,,,,,
MDB-00037,CG-0008,Factories,FACTORIES-0008-2,M/s Yelahanka Aero Components,Pvt Ltd,AINTZ1008L,29AINTZ1008L1Z8,Divya Prasad,records008@synthetic-setu.test,91-70328-11384,"No 18, Yelahanka Industrial Area, Yelahanka 560064",Yelahanka,Bengaluru Urban,Karnataka,560064,Auto Components,FAC-10008,,,,,,SHARED-LIC-0008,Closed,2025 Jan 07,Divya Prasad; Sunita Patil,D. Prasad,"Demo residence 8, Bengaluru Urban, Karnataka",91-70328-11384,2015 May 28,2015 Oct 19,2022 Apr 26,2022 Sep 11,96,09:30-18:30,Monday,false,Utility bill,PAN card copy,,Lease deed,PLAN-10008,,
MDB-00038,CG-0008,Labour,LABOUR-0008-3,Yelahanka Aero Comp,Pvt Ltd,AINTZ1008L,,Mohammed Sameer,records008@synthetic-setu.test,91-70328-11384,"Plot 18, Yelahanka Industrial Area, Yelahanka 560064",Yelahanka,Bengaluru Urban,Karnataka,560064,Auto Components,,,LAB-10008,,,,SHARED-LIC-0008,Active,2026 Apr 10,Mohammed Sameer; Sunita Patil,M. Sameer,"Demo residence 8, Bengaluru Urban, Karnataka",91-70328-11384,2015 Jun 09,2015 Nov 12,2026 May 08,2025 Nov 23,97,10:00-19:00,Second Saturday,true,Consent letter,Aadhaar reference copy,,,,,
MDB-00039,CG-0008,KSPCB,KSPCB-0008-4,YELAHANKA AERO COMPONENTS,Pvt Ltd,,29AINTZ1008L1Z8,Sunita Patil,records008@synthetic-setu.test,,"No 18, Yelahanka Industrial Area, Yelahanka 560064",Yelahanka,Bengaluru Urban,Karnataka,560064,Auto Components,,,,KSPCB-10008,,,SHARED-LIC-0008,Active,2026 Apr 24,Sunita Patil; Sunita Patil,S. Patil,"Demo residence 8, Bengaluru Urban, Karnataka",,2015 Jun 23,2015 Dec 10,2026 May 22,2025 Dec 07,98,Shift-based,Rotational,true,,Director KYC extract,,,,,ETP or waste handling plan recorded
MDB-00040,CG-0008,BESCOM,BESCOM-0008-5,Yelahanka Aero Components,Pvt Ltd,,29AINTZ1008L1Z8,Asha Rao,records008@synthetic-setu.test,,"Plot 18, Yelahanka Indl Area, Yelahanka 560064",Yelahanka,Bengaluru Urban,Karnataka,560064,Auto Components,,,,,BESCOM-10008,,SHARED-LIC-0008,Active,2026 Apr 01,Asha Rao; Sunita Patil,A. Rao,"Demo residence 8, Bengaluru Urban, Karnataka",,2015 Jul 05,2016 Jan 03,2026 Jun 03,2025 Dec 19,,09:00-18:00,Sunday,true,Lease deed,Partnership deed,Utility service connection record,,,,
MDB-00041,CG-0009,Shops and Establishments,SHOPS-0009-1,Sahyadri Devices Pvt Ltd,Pvt Ltd,AJOUA1009M,29AJOUA1009M1Z9,Meera Gowda,,91-70369-11557,"Plot 19, MG Rd, Bengaluru Central 560001",Bengaluru Central,Bengaluru Urban,Karnataka,560001,Food Processing,,SHOP-10009,,,,,SHARED-LIC-0009,Closed,2025 Jan 03,Meera Gowda; Asha Rao,M. Gowda,"Demo residence 9, Bengaluru Urban, Karnataka",91-70369-11557,2016 Jun 02,2016 Oct 24,2022 Apr 28,2022 Sep 19,107,10:00-19:00,Second Saturday,false,Rent agreement,PAN card copy,Incorporation certificate,,,,
MDB-00042,CG-0009,Factories,FACTORIES-0009-2,M/s Sahyadri Devices Pvt Ltd,Pvt Ltd,AJOUA1009M,29AJOUA1009M1Z9,Farhan Ahmed,,91-70369-11557,"No 19, MG Road, Bengaluru Central 560001",Bengaluru Central,Bengaluru Urban,Karnataka,560001,Food Processing,FAC-10009,,,,,,SHARED-LIC-0009,Active,2026 Apr 05,Farhan Ahmed; Asha Rao,F. Ahmed,"Demo residence 9, Bengaluru Urban, Karnataka",91-70369-11557,2016 Jun 13,2016 Nov 15,2026 May 09,2025 Nov 30,108,Shift-based,Rotational,true,Utility bill,Aadhaar reference copy,Partnership deed,Lease deed,PLAN-10009,STAB-10009,
MDB-00043,CG-0009,Labour,LABOUR-0009-3,Sahyadri Devices Pvt Ltd,Pvt Ltd,AJOUA1009M,,Sowmya Reddy,,91-70369-11557,"Plot 19, MG Road, Bengaluru Central 560001",Bengaluru Central,Bengaluru Urban,Karnataka,560001,Food Processing,,,LAB-10009,,,,SHARED-LIC-0009,Active,2026 Apr 17,Sowmya Reddy; Asha Rao,S. Reddy,"Demo residence 9, Bengaluru Urban, Karnataka",91-70369-11557,2016 Jun 25,2016 Dec 09,2026 May 21,2025 Dec 12,109,09:00-18:00,Sunday,true,Consent letter,Director KYC extract,Shop registration extract,,,,
MDB-00044,CG-0010,Shops and Establishments,SHOPS-0010-1,Namma Foods Public Ltd,Public Ltd,AKPVB1010N,29AKPVB1010N1Z0,Naveen Shetty,records010@synthetic-setu.test,91-70410-11730,"Plot 20, Bommanahalli Indl Area, Bommanahalli 560068",Bommanahalli,Bengaluru Urban,Karnataka,560068,IT Services,,SHOP-10010,,,,,SHARED-LIC-0010,Active,2026 Apr 01,Naveen Shetty; Kiran Kumar,N. Shetty,,91-70410-11730,2017 Jun 20,2017 Nov 22,2026 May 11,2025 Dec 08,117,10:00-19:00,Second Saturday,true,Lease deed,,,,,,
MDB-00045,CG-0010,Factories,FACTORIES-0010-2,M/s Namma Foods Public Ltd,Public Ltd,AKPVB1010N,29AKPVB1010N1Z0,Anita Nair,records010@synthetic-setu.test,91-70410-11730,"No 20, Bommanahalli Industrial Area, Bommanahalli 560068",Bommanahalli,Bengaluru Urban,Karnataka,560068,IT Services,FAC-10010,,,,,,SHARED-LIC-0010,Active,2026 Apr 12,Anita Nair; Kiran Kumar,A. Nair,,91-70410-11730,2017 Jul 01,2017 Dec 14,2026 May 22,2025 Dec 19,118,Shift-based,Rotational,true,Property tax receipt,PAN card copy,Incorporation certificate,Lease deed,,STAB-10010,
MDB-00046,CG-0010,Labour,LABOUR-0010-3,Namma Foods Public Ltd,Public Ltd,,29AKPVB1010N1Z0,Raghavendra Murthy,records010@synthetic-setu.test,91-70410-11730,"Plot 20, Bommanahalli Industrial Area, Bommanahalli 560068",Bommanahalli,Bengaluru Urban,Karnataka,560068,IT Services,,,LAB-10010,,,,SHARED-LIC-0010,Active,2026 Apr 24,Raghavendra Murthy; Kiran Kumar,R. Murthy,,91-70410-11730,2017 Jul 13,2018 Jan 07,2026 Jun 03,2025 Dec 31,119,09:00-18:00,Sunday,true,Rent agreement,Aadhaar reference copy,Partnership deed,,,,
MDB-00047,CG-0010,KSPCB,KSPCB-0010-4,NAMMA FOODS PUBLIC LTD,Public Ltd,AKPVB1010N,29AKPVB1010N1Z0,Divya Prasad,records010@synthetic-setu.test,91-70410-11730,"No 20, Bommanahalli Industrial Area, Bommanahalli 560068",Bommanahalli,Bengaluru Urban,Karnataka,560068,IT Services,,,,KSPCB-10010,,,SHARED-LIC-0010,Dormant,2025 Sep 08,Divya Prasad; Kiran Kumar,D. Prasad,,91-70410-11730,2017 Jul 27,2018 Feb 04,2024 Jun 16,2024 Feb 13,120,09:30-18:30,Monday,true,Utility bill,Director KYC extract,Shop registration extract,,,,
MDB-00048,CG-0011,Shops and Establishments,SHOPS-0011-1,Udaya Chemicals Enterprises,Other,ALQWC1011O,,Sunita Patil,records011@synthetic-setu.test,91-70451-11903,"Plot 21, Electronic City Phase 2, Electronic City 560100",Electronic City,Bengaluru Urban,Karnataka,560100,Electronics,,SHOP-10011,,,,,SHARED-LIC-0011,Active,2026 Apr 08,Sunita Patil; Meera Gowda,S. Patil,"Demo residence 11, Bengaluru Urban, Karnataka",91-70451-11903,2018 Jul 07,2018 Dec 20,2026 May 24,2025 Dec 27,128,Shift-based,Rotational,true,,,,,,,
MDB-00049,CG-0011,Factories,FACTORIES-0011-2,M/s Udaya Chemicals Enterprises,Other,ALQWC1011O,29ALQWC1011O1Z1,Asha Rao,records011@synthetic-setu.test,91-70451-11903,"No 21, Electronic City Phase 2, Electronic City 560100",Electronic City,Bengaluru Urban,Karnataka,560100,Electronics,FAC-10011,,,,,,SHARED-LIC-0011,Active,2026 Apr 19,Asha Rao; Meera Gowda,A. Rao,"Demo residence 11, Bengaluru Urban, Karnataka",91-70451-11903,2018 Jul 18,2019 Jan 11,2026 Jun 04,2026 Jan 07,129,09:00-18:00,Sunday,true,Lease deed,PAN card copy,Incorporation certificate,Lease deed,PLAN-10011,STAB-10011,
MDB-00050,CG-0011,BWSSB,BWSSB-0011-3,Udaya Chemicals Enterprises,Other,ALQWC1011O,,Kiran Kumar,records011@synthetic-setu.test,91-70451-11903,"Plot 21, Electronic City Phase 2, Electronic City 560100",Electronic City,Bengaluru Urban,Karnataka,560100,Electronics,,,,,,BWSSB-10011,SHARED-LIC-0011,Dormant,2025 Oct 09,Kiran Kumar; Meera Gowda,K. Kumar,"Demo residence 11, Bengaluru Urban, Karnataka",91-70451-11903,2018 Sep 06,2018 Oct 23,2024 Jul 23,2024 Mar 27,130,09:30-18:30,Monday,true,Property tax receipt,Aadhaar reference copy,Utility service connection record,,,,
MDB-00051,CG-0012,Shops and Establishments,SHOPS-0012-1,Basava Industries Proprietorship,Proprietorship,AMRXD1012P,29AMRXD1012P1Z2,Farhan Ahmed,records012@synthetic-setu.test,91-70492-12076,"Plot 22, Bannerghatta Rd, Bannerghatta Rd 560076",Bannerghatta Road,Bengaluru Urban,Karnataka,560076,Manufacturing,,SHOP-10012,,,,,SHARED-LIC-0012,Active,2026 Apr 15,Farhan Ahmed; Farhan Ahmed,F. Ahmed,"Demo residence 12, Bengaluru Urban, Karnataka",91-70492-12076,2019 Jul 24,2020 Jan 17,2026 Jun 06,2026 Jan 15,138,Shift-based,Rotational,true,Utility bill,,Factory licence application,,,,
MDB-00052,CG-0012,Factories,FACTORIES-0012-2,M/s Basava Industries Proprietorship,Proprietorship,AMRXD1012P,29AMRXD1012P1Z2,Sowmya Reddy,records012@synthetic-setu.test,91-70492-12076,"No 22, Bannerghatta Road, Bannerghatta Road 560076",Bannerghatta Road,Bengaluru Urban,Karnataka,560076,Manufacturing,FAC-10012,,,,,,SHARED-LIC-0012,Dormant,2025 Dec 05,Sowmya Reddy; Farhan Ahmed,S. Reddy,"Demo residence 12, Bengaluru Urban, Karnataka",91-70492-12076,2019 Aug 04,2020 Feb 08,2024 Jun 16,2024 Feb 25,139,09:00-18:00,Sunday,false,Consent letter,,,,PLAN-10012,,
MDB-00053,CG-0012,Labour,LABOUR-0012-3,Basava Industries Proprietorship,Proprietorship,AMRXD1012P,,Prakash Hegde,records012@synthetic-setu.test,91-70492-12076,"Plot 22, Bannerghatta Road, Bannerghatta Road 560076",Bannerghatta Road,Bengaluru Urban,Karnataka,560076,Manufacturing,,,LAB-10012,,,,SHARED-LIC-0012,Closed,2025 Feb 16,Prakash Hegde; Farhan Ahmed,P. Hegde,"Demo residence 12, Bengaluru Urban, Karnataka",91-70492-12076,2019 Aug 16,2020 Mar 03,2022 Jun 29,2022 Dec 08,140,09:30-18:30,Monday,false,,,Incorporation certificate,,,,
MDB-00054,CG-0013,Shops and Establishments,SHOPS-0013-1,Chamundi Components Partnership,Partnership,ANSYE1013Q,29ANSYE1013Q1Z3,Anita Nair,records013@synthetic-setu.test,91-70533-12249,"Plot 23, Yelahanka Indl Area, Yelahanka 560064",Yelahanka,Bengaluru Urban,Karnataka,560064,Chemicals,,SHOP-10013,,,,,SHARED-LIC-0013,Dormant,2025 Dec 01,Anita Nair; Sowmya Reddy,A. Nair,"Demo residence 13, Bengaluru Urban, Karnataka",91-70533-12249,2020 Aug 09,2021 Feb 13,2024 Jun 18,2024 Mar 04,148,Shift-based,Rotational,true,Property tax receipt,Director KYC extract,Shop registration extract,,,,
MDB-00055,CG-0013,Factories,FACTORIES-0013-2,M/s Chamundi Components Partnership,Partnership,ANSYE1013Q,29ANSYE1013Q1Z3,Raghavendra Murthy,records013@synthetic-setu.test,91-70533-12249,"No 23, Yelahanka Industrial Area, Yelahanka 560064",Yelahanka,Bengaluru Urban,Karnataka,560064,Chemicals,FAC-10013,,,,,,SHARED-LIC-0013,Closed,2025 Feb 11,Raghavendra Murthy; Sowmya Reddy,R. Murthy,"Demo residence 13, Bengaluru Urban, Karnataka",91-70533-12249,2020 Aug 20,2021 Mar 07,2022 Jun 30,2022 Dec 15,149,09:00-18:00,Sunday,false,Rent agreement,Partnership deed,Factory licence application,Lease deed,PLAN-10013,STAB-10013,
MDB-00056,CG-0013,Labour,LABOUR-0013-3,Chamundi Comp Partnership,Partnership,ANSYE1013Q,29ANSYE1013Q1Z3,Divya Prasad,records013@synthetic-setu.test,91-70533-12249,"Plot 23, Yelahanka Industrial Area, Yelahanka 560064",Yelahanka,Bengaluru Urban,Karnataka,560064,Chemicals,,,LAB-10013,,,,SHARED-LIC-0013,Active,2026 Apr 10,Divya Prasad; Sowmya Reddy,D. Prasad,"Demo residence 13, Bengaluru Urban, Karnataka",91-70533-12249,2020 Sep 01,2021 Mar 31,2026 Jan 23,2025 Jun 11,150,09:30-18:30,Monday,true,Utility bill,,,,,,
MDB-00057,CG-0014,Shops and Establishments,SHOPS-0014-1,Rajatha Pharma LLP,LLP,AOTZF1014R,29AOTZF1014R1Z4,Sunita Patil,records014@synthetic-setu.test,91-70574-12422,"Plot 24, Whitefield Industrial Layout, Whitefield 560066",Whitefield,Bengaluru Urban,Karnataka,560066,Auto Components,,SHOP-10014,,,,,SHARED-LIC-0014,Closed,2025 Feb 07,Sunita Patil; Prakash Hegde,S. Patil,"Demo residence 14, Bengaluru Urban, Karnataka",91-70574-12422,2007 Aug 27,2008 Mar 13,2022 Jul 02,2022 Apr 07,158,Shift-based,Rotational,false,,Aadhaar reference copy,Partnership deed,,,,
MDB-00058,CG-0014,Factories,FACTORIES-0014-2,M/s Rajatha Pharma LLP,LLP,AOTZF1014R,29AOTZF1014R1Z4,Asha Rao,records014@synthetic-setu.test,91-70574-12422,"No 24, Whitefield Industrial Layout, Whitefield 560066",Whitefield,Bengaluru Urban,Karnataka,560066,Auto Components,FAC-10014,,,,,,SHARED-LIC-0014,Active,2026 Apr 05,Asha Rao; Prakash Hegde,A. Rao,"Demo residence 14, Bengaluru Urban, Karnataka",91-70574-12422,2007 Sep 07,2008 Apr 04,2026 Jan 24,2025 Jun 18,159,09:00-18:00,Sunday,true,,Director KYC extract,Shop registration extract,Lease deed,PLAN-10014,STAB-10014,
MDB-00059,CG-0014,BESCOM,BESCOM-0014-3,Rajatha Pharma LLP,LLP,,,Kiran Kumar,records014@synthetic-setu.test,91-70574-12422,"Plot 24, Whitefield Industrial Layout, Whitefield 560066",Whitefield,Bengaluru Urban,Karnataka,560066,Auto Components,,,,,BESCOM-10014,,SHARED-LIC-0014,Active,2026 Apr 08,Kiran Kumar; Prakash Hegde,K. Kumar,"Demo residence 14, Bengaluru Urban, Karnataka",91-70574-12422,2007 Oct 15,2007 Dec 22,2026 Mar 03,2025 Jul 26,160,09:30-18:30,Monday,true,,Partnership deed,Utility service connection record,,,,
MDB-00060,CG-0015,Shops and Establishments,SHOPS-0015-1,Hemavathi Works Pvt Ltd,Pvt Ltd,APUAG1015S,29APUAG1015S1Z5,Farhan Ahmed,records015@synthetic-setu.test,91-70615-12595,"Plot 25, Marathahalli Outer Ring Rd, Marathahalli 560037",Marathahalli,Bengaluru Urban,Karnataka,560037,Retail,,SHOP-10015,,,,,SHARED-LIC-0015,Active,2026 Apr 01,Farhan Ahmed; Naveen Shetty,F. Ahmed,"Demo residence 15, Bengaluru Urban, Karnataka",91-70615-12595,2008 Sep 12,2009 Apr 10,2026 Jan 26,2025 Jun 26,168,Shift-based,Rotational,true,Utility bill,PAN card copy,Incorporation certificate,,,,
MDB-00061,CG-0015,Factories,FACTORIES-0015-2,M/s Hemavathi Works Pvt Ltd,Pvt Ltd,APUAG1015S,29RYFNV3055X1Z5,Sowmya Reddy,records015@synthetic-setu.test,91-70615-12595,"No 25, Marathahalli Outer Ring Road, Marathahalli 560037",Marathahalli,Bengaluru Urban,Karnataka,560037,Retail,FAC-10015,,,,,,SHARED-LIC-0015,Active,2026 Apr 12,Sowmya Reddy; Naveen Shetty,S. Reddy,"Demo residence 15, Bengaluru Urban, Karnataka",91-70615-12595,2008 Sep 23,2009 May 02,2026 Feb 06,2025 Jul 07,169,09:00-18:00,Sunday,true,Consent letter,Aadhaar reference copy,Partnership deed,Lease deed,,STAB-10015,
MDB-00062,CG-0015,Labour,LABOUR-0015-3,Hemavathi Works Pvt Ltd,Pvt Ltd,,,Prakash Hegde,records015@synthetic-setu.test,91-70615-12595,"Plot 25, Marathahalli Outer Ring Road, Marathahalli 560037",Marathahalli,Bengaluru Urban,Karnataka,560037,Retail,,,LAB-10015,,,,SHARED-LIC-0015,Active,2026 Apr 24,Prakash Hegde; Naveen Shetty,P. Hegde,"Demo residence 15, Bengaluru Urban, Karnataka",91-70615-12595,2008 Oct 05,2008 Nov 27,2026 Feb 18,2025 Jul 19,170,09:30-18:30,Monday,true,,Director KYC extract,Shop registration extract,,,,
MDB-00063,CG-0015,KSPCB,KSPCB-0015-4,HEMAVATHI WORKS PVT LTD,Pvt Ltd,APUAG1015S,29APUAG1015S1Z5,Naveen Shetty,records015@synthetic-setu.test,91-70615-12595,"No 25, Marathahalli Outer Ring Road, Marathahalli 560037",Marathahalli,Bengaluru Urban,Karnataka,560037,Retail,,,,KSPCB-10015,,,SHARED-LIC-0015,Dormant,2025 Oct 13,Naveen Shetty; Naveen Shetty,N. Shetty,"Demo residence 15, Bengaluru Urban, Karnataka",91-70615-12595,2008 Oct 19,2008 Dec 25,2024 Aug 20,2024 May 18,171,10:00-19:00,Second Saturday,false,Lease deed,Partnership deed,Factory licence application,,,,
MDB-00064,CG-0016,Shops and Establishments,SHOPS-0016-1,Kaveri Tools Public Ltd,Public Ltd,AQVBH1016T,29AQVBH1016T1Z6,Raghavendra Murthy,records016@synthetic-setu.test,91-70656-12768,"Plot 26, Peenya Indl Area, Peenya 560058",Peenya,Bengaluru Urban,Karnataka,560058,Textiles,,SHOP-10016,,,,,SHARED-LIC-0016,Active,2026 Apr 08,Raghavendra Murthy; Anita Nair,R. Murthy,"Demo residence 16, Bengaluru Urban, Karnataka",91-70656-12768,2009 Sep 30,2010 May 09,2026 Feb 08,2025 Jul 15,179,09:00-18:00,Sunday,true,Rent agreement,PAN card copy,,,,,
MDB-00065,CG-0016,Factories,FACTORIES-0016-2,M/s Kaveri Tools Public Ltd,Public Ltd,AQVBH1016T,29AQVBH1016T1Z6,Divya Prasad,records016@synthetic-setu.test,91-70656-12768,"No 26, Peenya Industrial Area, Peenya 560058",Peenya,Bengaluru Urban,Karnataka,560058,Textiles,FAC-10016,,,,,,SHARED-LIC-0016,Active,2026 Apr 19,Divya Prasad; Anita Nair,D. Prasad,"Demo residence 16, Bengaluru Urban, Karnataka",91-70656-12768,2009 Oct 11,2009 Dec 02,2026 Feb 19,2025 Jul 26,180,09:30-18:30,Monday,true,Utility bill,Aadhaar reference copy,,Lease deed,PLAN-10016,,
MDB-00066,CG-0016,Labour,LABOUR-0016-3,Kaveri Tools Public Ltd,Public Ltd,AQVBH1016T,,Mohammed Sameer,records016@synthetic-setu.test,91-70656-12768,"Plot 26, Peenya Industrial Area, Peenya 560058",Peenya,Bengaluru Urban,Karnataka,560058,Textiles,,,LAB-10016,,,,SHARED-LIC-0016,Dormant,2025 Oct 06,Mohammed Sameer; Anita Nair,M. Sameer,"Demo residence 16, Bengaluru Urban, Karnataka",91-70656-12768,2009 Oct 23,2009 Dec 26,2024 Aug 19,2024 May 23,181,10:00-19:00,Second Saturday,true,Consent letter,Director KYC extract,,,,,
MDB-00067,CG-0017,Shops and Establishments,SHOPS-0017-1,Malnad Logistics Enterprises,Other,ARWCI1017U,29ARWCI1017U1Z7,Asha Rao,records017@synthetic-setu.test,91-70697-12941,"Plot 27, MG Rd, Bengaluru Central 560001",Bengaluru Central,Bengaluru Urban,Karnataka,560001,Pharma,,SHOP-10017,,,,,SHARED-LIC-0017,Active,2026 Apr 15,Asha Rao; Raghavendra Murthy,A. Rao,"Demo residence 17, Bengaluru Urban, Karnataka",91-70697-12941,2010 Oct 17,2010 Dec 08,2026 Feb 21,2025 Aug 03,189,,Sunday,true,Lease deed,,,,,,
MDB-00068,CG-0017,Factories,FACTORIES-0017-2,M/s Malnad Logistics Enterprises,Other,,29ARWCI1017U1Z7,Kiran Kumar,records017@synthetic-setu.test,91-70697-12941,"No 27, MG Road, Bengaluru Central 560001",Bengaluru Central,Bengaluru Urban,Karnataka,560001,Pharma,FAC-10017,,,,,,SHARED-LIC-0017,Dormant,2025 Oct 01,Kiran Kumar; Raghavendra Murthy,K. Kumar,"Demo residence 17, Bengaluru Urban, Karnataka",91-70697-12941,2010 Oct 28,2010 Dec 30,2024 Aug 20,2023 Jul 05,190,,Monday,true,Property tax receipt,PAN card copy,Incorporation certificate,Lease deed,PLAN-10017,STAB-10017,
MDB-00069,CG-0017,Labour,LABOUR-0017-3,Malnad Logistics Enterprises,Other,ARWCI1017U,29ARWCI1017U1Z7,Meera Gowda,records017@synthetic-setu.test,91-70697-12941,"Plot 27, MG Road, Bengaluru Central 560001",Bengaluru Central,Bengaluru Urban,Karnataka,560001,Pharma,,,LAB-10017,,,,SHARED-LIC-0017,Closed,2024 Nov 23,Meera Gowda; Raghavendra Murthy,M. Gowda,"Demo residence 17, Bengaluru Urban, Karnataka",91-70697-12941,2010 Nov 09,2011 Jan 23,2022 Sep 02,2022 Jun 26,191,,Second Saturday,false,Rent agreement,Aadhaar reference copy,Partnership deed,,,,
MDB-00070,CG-0018,Shops and Establishments,SHOPS-0018-1,Vijaya Retail Proprietorship,Proprietorship,ASXDJ1018V,29ASXDJ1018V1Z8,Sowmya Reddy,,91-70738-13114,"Plot 28, Bommanahalli Indl Area, Bommanahalli 560068",Bommanahalli,Bengaluru Urban,Karnataka,560068,Packaging,,SHOP-10018,,,,,SHARED-LIC-0018,Dormant,2025 Sep 27,Sowmya Reddy; Divya Prasad,S. Reddy,"Demo residence 18, Bengaluru Urban, Karnataka",91-70738-13114,2011 Nov 03,2012 Jan 05,2024 Aug 22,2023 Jul 13,199,09:00-18:00,Sunday,false,Consent letter,,Factory licence application,,,,
MDB-00071,CG-0018,Factories,FACTORIES-0018-2,M/s Vijaya Retail Proprietorship,Proprietorship,ASXDJ1018V,29ASXDJ1018V1Z8,Prakash Hegde,,91-70738-13114,"No 28, Bommanahalli Industrial Area, Bommanahalli 560068",Bommanahalli,Bengaluru Urban,Karnataka,560068,Packaging,FAC-10018,,,,,,SHARED-LIC-0018,Closed,2024 Nov 18,Prakash Hegde; Divya Prasad,P. Hegde,"Demo residence 18, Bengaluru Urban, Karnataka",91-70738-13114,2011 Nov 14,2012 Jan 27,2022 Sep 03,2022 Jul 03,200,09:30-18:30,Monday,false,,,,,PLAN-10018,STAB-10018,
MDB-00072,CG-0018,Labour,LABOUR-0018-3,Vijaya Retail Proprietorship,Proprietorship,ASXDJ1018V,,Naveen Shetty,,91-70738-13114,"Plot 28, Bommanahalli Industrial Area, Bommanahalli 560068",Bommanahalli,Bengaluru Urban,Karnataka,560068,Packaging,,,LAB-10018,,,,SHARED-LIC-0018,Active,2026 Apr 10,Naveen Shetty; Divya Prasad,N. Shetty,"Demo residence 18, Bengaluru Urban, Karnataka",91-70738-13114,2011 Nov 26,2012 Feb 20,2026 Mar 29,2025 Sep 14,201,10:00-19:00,Second Saturday,true,Lease deed,,Incorporation certificate,,,,
MDB-00073,CG-0019,Shops and Establishments,SHOPS-0019-1,Hoysala Exports Partnership,Partnership,MUBJR8603B,29ATYEK1019W1Z9,Raghavendra Murthy,records019@synthetic-setu.test,91-70779-13287,"Plot 29, Electronic City Phase 2, Electronic City 560100",Electronic City,Bengaluru Urban,Karnataka,560100,Precision Tools,,SHOP-10019,,,,,SHARED-LIC-0019,Closed,2024 Nov 14,Raghavendra Murthy; Mohammed Sameer,R. Murthy,"Demo residence 19, Bengaluru Urban, Karnataka",91-70779-13287,2012 Nov 19,2013 Feb 01,2022 Sep 05,2022 Jul 11,209,09:00-18:00,Sunday,false,Rent agreement,Director KYC extract,Shop registration extract,,,,
MDB-00074,CG-0019,Factories,FACTORIES-0019-2,M/s Hoysala Exports Partnership,Partnership,ATYEK1019W,29ATYEK1019W1Z9,Divya Prasad,records019@synthetic-setu.test,91-70779-13287,"No 29, Electronic City Phase 2, Electronic City 560100",Electronic City,Bengaluru Urban,Karnataka,560100,Precision Tools,FAC-10019,,,,,,SHARED-LIC-0019,Active,2026 Apr 05,Divya Prasad; Mohammed Sameer,D. Prasad,"Demo residence 19, Bengaluru Urban, Karnataka",91-70779-13287,2012 Jan 05,2012 Mar 30,2026 Mar 30,2025 Sep 21,210,09:30-18:30,Monday,true,Utility bill,Partnership deed,Factory licence application,Lease deed,PLAN-10019,STAB-10019,
MDB-00075,CG-0019,Labour,LABOUR-0019-3,Hoysala Exports Partnership,Partnership,ATYEK1019W,29ATYEK1019W1Z9,Mohammed Sameer,records019@synthetic-setu.test,91-70779-13287,"Plot 29, Electronic City Phase 2, Electronic City 560100",Electronic City,Bengaluru Urban,Karnataka,560100,Precision Tools,,,LAB-10019,,,,SHARED-LIC-0019,Active,2026 Apr 17,Mohammed Sameer; Mohammed Sameer,M. Sameer,"Demo residence 19, Bengaluru Urban, Karnataka",91-70779-13287,2012 Jan 17,2012 Apr 23,2026 Apr 11,2025 Oct 03,211,10:00-19:00,Second Saturday,true,Consent letter,,,,,,
MDB-00076,CG-0020,Shops and Establishments,SHOPS-0020-1,Mysore Electronics LLP,LLP,AUZFL1020X,29AUZFL1020X1Z0,Asha Rao,records020@synthetic-setu.test,91-70820-13460,"Plot 30, Bannerghatta Rd, Bannerghatta Rd 560076",Bannerghatta Road,Bengaluru Urban,Karnataka,560076,Logistics,,SHOP-10020,,,,,SHARED-LIC-0020,Active,2026 Apr 01,Asha Rao; Sunita Patil,A. Rao,,91-70820-13460,2013 Jan 11,2013 Apr 06,2026 Apr 01,2025 Sep 29,219,09:00-18:00,Sunday,true,Lease deed,Aadhaar reference copy,Partnership deed,,,,
MDB-00077,CG-0020,Factories,FACTORIES-0020-2,M/s Mysore Electronics LLP,LLP,AUZFL1020X,29AUZFL1020X1Z0,Kiran Kumar,records020@synthetic-setu.test,91-70820-13460,"No 30, Bannerghatta Road, Bannerghatta Road 560076",Bannerghatta Road,Bengaluru Urban,Karnataka,560076,Logistics,FAC-10020,,,,,,SHARED-LIC-0020,Active,2026 Apr 12,Kiran Kumar; Sunita Patil,K. Kumar,,91-70820-13460,2013 Jan 22,2013 Apr 28,2026 Apr 12,2025 Oct 10,220,09:30-18:30,Monday,true,Property tax receipt,Director KYC extract,Shop registration extract,Lease deed,,,
MDB-00078,CG-0020,Labour,LABOUR-0020-3,Mysore Electronix LLP,LLP,,29AUZFL1020X1Z0,Meera Gowda,records020@synthetic-setu.test,91-70820-13460,"Plot 30, Bannerghatta Road, Bannerghatta Road 560076",Bannerghatta Road,Bengaluru Urban,Karnataka,560076,Logistics,,,LAB-10020,,,,SHARED-LIC-0020,Active,2026 Apr 24,Meera Gowda; Sunita Patil,M. Gowda,,91-70820-13460,2013 Feb 03,2013 May 22,2026 Apr 24,2025 Oct 22,221,10:00-19:00,Second Saturday,true,Rent agreement,Partnership deed,Factory licence application,,,,
MDB-00079,CG-0020,KSPCB,KSPCB-0020-4,MYSORE ELECTRONICS LLP,LLP,,29AUZFL1020X1Z0,Farhan Ahmed,records020@synthetic-setu.test,91-70820-13460,"No 30, Bannerghatta Road, Bannerghatta Road 560076",Bannerghatta Road,Bengaluru Urban,Karnataka,560076,Logistics,,,,KSPCB-10020,,,SHARED-LIC-0020,Dormant,2025 Nov 17,Farhan Ahmed; Sunita Patil,F. Ahmed,,91-70820-13460,2013 Feb 17,2013 Jun 19,2024 Feb 27,2023 Sep 26,222,Shift-based,Rotational,true,Utility bill,,,,,,
MDB-00080,CG-0021,Shops and Establishments,SHOPS-0021-1,Bengaluru Systems Pvt Ltd,Pvt Ltd,AVAGM1021Y,29AVAGM1021Y1Z1,Prakash Hegde,records021@synthetic-setu.test,91-70861-13633,"Plot 31, Yelahanka Indl Area, Yelahanka 560064",Yelahanka,Bengaluru Urban,Karnataka,560064,Food Processing,,SHOP-10021,,,,,,Active,2026 Apr 08,Prakash Hegde; Asha Rao,P. Hegde,"Demo residence 21, Bengaluru Urban, Karnataka",91-70861-13633,2014 Jan 28,2014 May 04,2026 Apr 14,2025 Oct 18,230,09:30-18:30,Monday,true,,Aadhaar reference copy,Partnership deed,,,,
MDB-00081,CG-0021,Factories,FACTORIES-0021-2,M/s Bengaluru Systems Pvt Ltd,Pvt Ltd,AVAGM1021Y,29AVAGM1021Y1Z1,Naveen Shetty,records021@synthetic-setu.test,91-70861-13633,"No 31, Yelahanka Industrial Area, Yelahanka 560064",Yelahanka,Bengaluru Urban,Karnataka,560064,Food Processing,FAC-10021,,,,,,,Active,2026 Apr 19,Naveen Shetty; Asha Rao,N. Shetty,"Demo residence 21, Bengaluru Urban, Karnataka",91-70861-13633,2014 Feb 08,2014 May 26,2026 Apr 25,2025 Oct 29,231,10:00-19:00,Second Saturday,true,,Director KYC extract,Shop registration extract,Lease deed,PLAN-10021,STAB-10021,
MDB-00082,CG-0021,BESCOM,BESCOM-0021-3,Bengaluru Systems Pvt Ltd,Pvt Ltd,AVAGM1021Y,29AVAGM1021Y1Z1,Anita Nair,,91-70861-13633,"Plot 31, Yelahanka Industrial Area, Yelahanka 560064",Yelahanka,Bengaluru Urban,Karnataka,560064,Food Processing,,,,,BESCOM-10021,,,Dormant,2025 Dec 06,Anita Nair; Asha Rao,A. Nair,"Demo residence 21, Bengaluru Urban, Karnataka",91-70861-13633,2014 Mar 18,2014 Aug 10,2024 Mar 23,2023 Oct 27,232,Shift-based,Rotational,false,,Partnership deed,Utility service connection record,,,,
MDB-00083,CG-0022,Shops and Establishments,SHOPS-0022-1,Karnataka Fabricators Public Ltd,Public Ltd,AWBHN1022Z,,Divya Prasad,records022@synthetic-setu.test,91-70902-13806,"Plot 32, Whitefield Industrial Layout, Whitefield 560066",Whitefield,Bengaluru Urban,Karnataka,560066,IT Services,,SHOP-10022,,,,,,Active,2026 Apr 15,Divya Prasad; Kiran Kumar,D. Prasad,"Demo residence 22, Bengaluru Urban, Karnataka",91-70902-13806,2015 Feb 14,2015 Jun 01,2026 Apr 27,2025 Nov 06,240,09:30-18:30,Monday,true,Utility bill,PAN card copy,Incorporation certificate,,,,
MDB-00084,CG-0022,Factories,FACTORIES-0022-2,M/s Karnataka Fabricators Public Ltd,Public Ltd,AWBHN1022Z,29AWBHN1022Z1Z2,Mohammed Sameer,records022@synthetic-setu.test,91-70902-13806,"No 32, Whitefield Industrial Layout, Whitefield 560066",Whitefield,Bengaluru Urban,Karnataka,560066,IT Services,FAC-10022,,,,,,,Dormant,2025 Nov 05,Mohammed Sameer; Kiran Kumar,M. Sameer,"Demo residence 22, Bengaluru Urban, Karnataka",91-70902-13806,2015 Feb 25,2015 Jun 23,2024 Feb 27,2023 Oct 08,241,10:00-19:00,Second Saturday,true,Consent letter,Aadhaar reference copy,Partnership deed,Lease deed,PLAN-10022,STAB-10022,
MDB-00085,CG-0022,BWSSB,BWSSB-0022-3,Karnataka Fabricators Public Ltd,Public Ltd,,,Sunita Patil,records022@synthetic-setu.test,91-70902-13806,"Plot 32, Whitefield Industrial Layout, Whitefield 560066",Whitefield,Bengaluru Urban,Karnataka,560066,IT Services,,,,,,BWSSB-10022,,Closed,2025 Feb 04,Sunita Patil; Kiran Kumar,S. Patil,"Demo residence 22, Bengaluru Urban, Karnataka",91-70902-13806,2015 Apr 16,2015 Oct 01,2022 Apr 08,2022 Nov 06,242,Shift-based,Rotational,false,,Director KYC extract,Utility service connection record,,,,
MDB-00086,CG-0023,Shops and Establishments,SHOPS-0023-1,Sampige Packaging Enterprises,Other,AXCIO1023A,29AXCIO1023A1Z3,Kiran Kumar,records023@synthetic-setu.test,91-70943-13979,"Plot 33, Marathahalli Outer Ring Rd, Marathahalli 560037",Marathahalli,Bengaluru Urban,Karnataka,560037,Electronics,,SHOP-10023,,,,,,Dormant,2025 Nov 01,Kiran Kumar; Meera Gowda,K. Kumar,"Demo residence 23, Bengaluru Urban, Karnataka",91-70943-13979,2016 Mar 02,2016 Jun 28,2024 Feb 29,2023 Oct 16,10,09:30-18:30,Monday,true,Property tax receipt,,,,,,
MDB-00087,CG-0023,Factories,FACTORIES-0023-2,M/s Sampige Packaging Enterprises,Other,AXCIO1023A,29AXCIO1023A1Z3,Meera Gowda,records023@synthetic-setu.test,91-70943-13979,"No 33, Marathahalli Outer Ring Road, Marathahalli 560037",Marathahalli,Bengaluru Urban,Karnataka,560037,Electronics,FAC-10023,,,,,,,Closed,2024 Dec 23,Meera Gowda; Meera Gowda,M. Gowda,"Demo residence 23, Bengaluru Urban, Karnataka",91-70943-13979,2016 Mar 13,2016 Jul 20,2022 Mar 02,2022 Oct 06,11,10:00-19:00,Second Saturday,false,Rent agreement,PAN card copy,Incorporation certificate,Lease deed,PLAN-10023,STAB-10023,
MDB-00088,CG-0023,Labour,LABOUR-0023-3,Sampige Packaging Enterprises,Other,AXCIO1023A,29AXCIO1023A1Z3,Farhan Ahmed,records023@synthetic-setu.test,91-70943-13979,"Plot 33, Marathahalli Outer Ring Road, Marathahalli 560037",Marathahalli,Bengaluru Urban,Karnataka,560037,Electronics,,,LAB-10023,,,,,Active,2026 Apr 10,Farhan Ahmed; Meera Gowda,F. Ahmed,"Demo residence 23, Bengaluru Urban, Karnataka",91-70943-13979,2016 Mar 25,2016 Aug 13,2026 Jun 02,2025 Dec 18,12,Shift-based,Rotational,true,Utility bill,Aadhaar reference copy,Partnership deed,,,,
MDB-00089,CG-0024,Shops and Establishments,SHOPS-0024-1,Deccan Textiles Proprietorship,Proprietorship,AYDJP1024B,29AYDJP1024B1Z4,Prakash Hegde,records024@synthetic-setu.test,91-70984-14152,"Plot 34, Peenya Indl Area, Peenya 560058",Peenya,Bengaluru Urban,Karnataka,560058,Manufacturing,,SHOP-10024,,,,,,Closed,2024 Dec 19,Prakash Hegde; Farhan Ahmed,P. Hegde,"Demo residence 24, Bengaluru Urban, Karnataka",91-70984-14152,2017 Mar 20,2017 Jul 27,2022 Mar 04,2022 Oct 14,20,09:30-18:30,Monday,false,,,,,,,
MDB-00090,CG-0024,Factories,FACTORIES-0024-2,M/s Deccan Textiles Proprietorship,Proprietorship,AYDJP1024B,29AYDJP1024B1Z4,Naveen Shetty,records024@synthetic-setu.test,91-70984-14152,"No 34, Peenya Industrial Area, Peenya 560058",Peenya,Bengaluru Urban,Karnataka,560058,Manufacturing,FAC-10024,,,,,,,Active,2026 Apr 05,Naveen Shetty; Farhan Ahmed,N. Shetty,"Demo residence 24, Bengaluru Urban, Karnataka",91-70984-14152,2017 Mar 31,2017 Aug 18,2026 Jun 03,2025 Dec 25,21,10:00-19:00,Second Saturday,true,Lease deed,,,,PLAN-10024,,
MDB-00091,CG-0024,Labour,LABOUR-0024-3,Deccan Textiles Proprietorship,Proprietorship,AYDJP1024B,,Anita Nair,records024@synthetic-setu.test,91-70984-14152,"Plot 34, Peenya Industrial Area, Peenya 560058",Peenya,Bengaluru Urban,Karnataka,560058,Manufacturing,,,LAB-10024,,,,,Active,2026 Apr 17,Anita Nair; Farhan Ahmed,A. Nair,"Demo residence 24, Bengaluru Urban, Karnataka",91-70984-14152,2017 Apr 12,2017 Sep 11,2026 Jun 15,2026 Jan 06,22,Shift-based,Rotational,true,Property tax receipt,,,,,,
MDB-00092,CG-0025,Shops and Establishments,SHOPS-0025-1,Sahyadri Devices Partnership,Partnership,AZEKQ1025C,29AZEKQ1025C1Z5,Divya Prasad,records025@synthetic-setu.test,91-71025-14325,"Plot 35, MG Rd, Bengaluru Central 560001",Bengaluru Central,Bengaluru Urban,Karnataka,560001,Chemicals,,SHOP-10025,,,,,,Active,2026 Apr 01,Divya Prasad; Sowmya Reddy,D. Prasad,"Demo residence 25, Bengaluru Urban, Karnataka",91-71025-14325,2018 Apr 06,2018 Aug 24,2026 Jun 05,2026 Jan 02,30,09:30-18:30,Monday,true,Utility bill,Director KYC extract,Shop registration extract,,,,
MDB-00093,CG-0025,Factories,FACTORIES-0025-2,M/s Sahyadri Devices Partnership,Partnership,AZEKQ1025C,29AZEKQ1025C1Z5,Mohammed Sameer,records025@synthetic-setu.test,91-71025-14325,"No 35, MG Road, Bengaluru Central 560001",Bengaluru Central,Bengaluru Urban,Karnataka,560001,Chemicals,FAC-10025,,,,,,,Active,2026 Apr 12,Mohammed Sameer; Sowmya Reddy,M. Sameer,"Demo residence 25, Bengaluru Urban, Karnataka",91-71025-14325,2018 Apr 17,2018 Sep 15,2026 Jun 16,2026 Jan 13,31,10:00-19:00,Second Saturday,true,Consent letter,Partnership deed,Factory licence application,Lease deed,,STAB-10025,
MDB-00094,CG-0025,Labour,LABOUR-0025-3,Sahyadri Devices Partnership,Partnership,,29AZEKQ1025C1Z5,Sunita Patil,records025@synthetic-setu.test,91-71025-14325,"Plot 35, MG Road, Bengaluru Central 560001",Bengaluru Central,Bengaluru Urban,Karnataka,560001,Chemicals,,,LAB-10025,,,,,Active,2026 Apr 24,Sunita Patil; Sowmya Reddy,S. Patil,"Demo residence 25, Bengaluru Urban, Karnataka",91-71025-14325,2018 Apr 29,2018 Oct 09,2026 Jan 09,2026 Jan 25,32,Shift-based,Rotational,true,,,,,,,
MDB-00095,CG-0025,KSPCB,KSPCB-0025-4,SAHYADRI DEVICES PARTNERSHIP,Partnership,AZEKQ1025C,29AZEKQ1025C1Z5,Asha Rao,records025@synthetic-setu.test,91-71025-14325,"No 35, MG Road, Bengaluru Central 560001",Bengaluru Central,Bengaluru Urban,Karnataka,560001,Chemicals,,,,KSPCB-10025,,,,Dormant,2025 Sep 13,Asha Rao; Sowmya Reddy,A. Rao,"Demo residence 25, Bengaluru Urban, Karnataka",91-71025-14325,2018 May 13,2018 Nov 06,2024 May 02,2023 Dec 30,33,09:00-18:00,Sunday,true,Lease deed,PAN card copy,Incorporation certificate,,,,
MDB-00096,CG-0026,Shops and Establishments,SHOPS-0026-1,Namma Foods LLP,LLP,BAFLR1026D,29BAFLR1026D1Z6,Meera Gowda,records026@synthetic-setu.test,91-71066-14498,"Plot 36, Bommanahalli Indl Area, Bommanahalli 560068",Bommanahalli,Bengaluru Urban,Karnataka,560068,Auto Components,,SHOP-10026,,,,,,Active,2026 Apr 08,Meera Gowda; Prakash Hegde,M. Gowda,"Demo residence 26, Bengaluru Urban, Karnataka",91-71066-14498,2019 Apr 23,2019 Sep 21,2026 Jun 18,2026 Jan 21,41,10:00-19:00,Second Saturday,true,Rent agreement,Director KYC extract,Shop registration extract,,,,
MDB-00097,CG-0026,Factories,FACTORIES-0026-2,M/s Namma Foods LLP,LLP,BAFLR1026D,29BAFLR1026D1Z6,Farhan Ahmed,records026@synthetic-setu.test,91-71066-14498,"No 36, Bommanahalli Industrial Area, Bommanahalli 560068",Bommanahalli,Bengaluru Urban,Karnataka,560068,Auto Components,FAC-10026,,,,,,,Active,2026 Apr 19,Farhan Ahmed; Prakash Hegde,F. Ahmed,"Demo residence 26, Bengaluru Urban, Karnataka",91-71066-14498,2019 May 04,2019 Oct 13,2026 Jan 10,2026 Feb 01,42,Shift-based,Rotational,true,Utility bill,Partnership deed,Factory licence application,Lease deed,PLAN-10026,STAB-10026,
MDB-00098,CG-0026,Labour,LABOUR-0026-3,Namma Foods LLP,LLP,BAFLR1026D,29BAFLR1026D1Z6,Sowmya Reddy,records026@synthetic-setu.test,91-71066-14498,"Plot 36, Bommanahalli Industrial Area, Bommanahalli 560068",Bommanahalli,Bengaluru Urban,Karnataka,560068,Auto Components,,,LAB-10026,,,,,Dormant,2025 Sep 06,Sowmya Reddy; Prakash Hegde,S. Reddy,"Demo residence 26, Bengaluru Urban, Karnataka",91-71066-14498,2019 May 16,2019 Nov 06,2024 May 01,2024 Jan 04,43,09:00-18:00,Sunday,true,Consent letter,,,,,,
MDB-00099,CG-0027,Shops and Establishments,SHOPS-0027-1,Udaya Chemicals Pvt Ltd,Pvt Ltd,BBGMS1027E,29BBGMS1027E1Z7,Naveen Shetty,,91-71107-14671,"Plot 37, Electronic City Phase 2, Electronic City 560100",Electronic City,Bengaluru Urban,Karnataka,560100,Retail,,SHOP-10027,,,,,,Active,2026 Apr 15,Naveen Shetty; Naveen Shetty,N. Shetty,"Demo residence 27, Bengaluru Urban, Karnataka",91-71107-14671,2020 May 09,2020 Oct 18,2026 Jan 12,2026 Feb 09,51,10:00-19:00,Second Saturday,true,Lease deed,Aadhaar reference copy,Partnership deed,,,,
MDB-00100,CG-0027,Factories,FACTORIES-0027-2,M/s Udaya Chemicals Pvt Ltd,Pvt Ltd,BBGMS1027E,29BBGMS1027E1Z7,Anita Nair,,91-71107-14671,"No 37, Electronic City Phase 2, Electronic City 560100",Electronic City,Bengaluru Urban,Karnataka,560100,Retail,FAC-10027,,,,,,,Dormant,2025 Sep 01,Anita Nair; Naveen Shetty,A. Nair,"Demo residence 27, Bengaluru Urban, Karnataka",91-71107-14671,2020 May 20,2020 Nov 09,2024 May 02,2024 Jan 11,52,Shift-based,Rotational,false,Property tax receipt,Director KYC extract,Shop registration extract,Lease deed,PLAN-10027,STAB-10027,
MDB-00101,CG-0027,Labour,LABOUR-0027-3,Udaya Chemicals Pvt Ltd,Pvt Ltd,BBGMS1027E,,Raghavendra Murthy,,91-71107-14671,"Plot 37, Electronic City Phase 2, Electronic City 560100",Electronic City,Bengaluru Urban,Karnataka,560100,Retail,,,LAB-10027,,,,,Closed,2025 Feb 01,Raghavendra Murthy; Naveen Shetty,R. Murthy,"Demo residence 27, Bengaluru Urban, Karnataka",91-71107-14671,2020 Jun 01,2020 Dec 03,2022 May 05,2022 Apr 17,53,09:00-18:00,Sunday,false,Rent agreement,Partnership deed,Factory licence application,,,,
MDB-00102,CG-0028,Shops and Establishments,SHOPS-0028-1,Basava Industries Public Ltd,Public Ltd,BCHNT1028F,29BCHNT1028F1Z8,Mohammed Sameer,records028@synthetic-setu.test,91-71148-14844,"Plot 38, Bannerghatta Rd, Bannerghatta Rd 560076",Bannerghatta Road,Bengaluru Urban,Karnataka,560076,Textiles,,SHOP-10028,,,,,,Dormant,2025 Dec 06,Mohammed Sameer; Anita Nair,M. Sameer,"Demo residence 28, Bengaluru Urban, Karnataka",91-71148-14844,2007 May 27,2007 Nov 16,2024 May 04,2024 Jan 19,61,10:00-19:00,Second Saturday,true,,PAN card copy,Incorporation certificate,,,,
MDB-00103,CG-0028,Factories,FACTORIES-0028-2,M/s Basava Industries Public Ltd,Public Ltd,BCHNT1028F,29BCHNT1028F1Z8,Sunita Patil,records028@synthetic-setu.test,91-71148-14844,"No 38, Bannerghatta Road, Bannerghatta Road 560076",Bannerghatta Road,Bengaluru Urban,Karnataka,560076,Textiles,FAC-10028,,,,,,,Closed,2025 Jan 27,Sunita Patil; Anita Nair,S. Patil,"Demo residence 28, Bengaluru Urban, Karnataka",91-71148-14844,2007 Jun 07,2007 Dec 08,2022 May 06,2022 Apr 24,62,Shift-based,Rotational,false,,Aadhaar reference copy,Partnership deed,Lease deed,PLAN-10028,,
MDB-00104,CG-0028,BESCOM,BESCOM-0028-3,Basava Industries Public Ltd,Public Ltd,,29BCHNT1028F1Z8,Asha Rao,records028@synthetic-setu.test,91-71148-14844,"Plot 38, Bannerghatta Road, Bannerghatta Road 560076",Bannerghatta Road,Bengaluru Urban,Karnataka,560076,Textiles,,,,,BESCOM-10028,,,Active,2026 Apr 01,Asha Rao; Anita Nair,A. Rao,"Demo residence 28, Bengaluru Urban, Karnataka",91-71148-14844,2007 Jul 15,2008 Feb 22,2026 Mar 15,2025 Aug 01,,09:00-18:00,Sunday,true,,Director KYC extract,Utility service connection record,,,,
MDB-00105,CG-0029,Shops and Establishments,SHOPS-0029-1,Chamundi Components Enterprises,Other,BDIOU1029G,29BDIOU1029G1Z9,Meera Gowda,records029@synthetic-setu.test,91-71189-15017,"Plot 39, Yelahanka Indl Area, Yelahanka 560064",Yelahanka,Bengaluru Urban,Karnataka,560064,Pharma,,SHOP-10029,,,,,,Closed,2025 Jan 23,Meera Gowda; Raghavendra Murthy,M. Gowda,"Demo residence 29, Bengaluru Urban, Karnataka",91-71189-15017,2008 Jun 12,2008 Dec 13,2022 May 08,2022 May 02,71,10:00-19:00,Second Saturday,false,Rent agreement,,,,,,
MDB-00106,CG-0029,Factories,FACTORIES-0029-2,M/s Chamundi Components Enterprises,Other,BDIOU1029G,29BDIOU1029G1Z9,Farhan Ahmed,records029@synthetic-setu.test,91-71189-15017,"No 39, Yelahanka Industrial Area, Yelahanka 560064",Yelahanka,Bengaluru Urban,Karnataka,560064,Pharma,FAC-10029,,,,,,,Active,2026 Apr 05,Farhan Ahmed; Raghavendra Murthy,F. Ahmed,"Demo residence 29, Bengaluru Urban, Karnataka",91-71189-15017,2008 Jun 23,2009 Jan 04,2026 Feb 18,2025 Jul 13,72,Shift-based,Rotational,true,Utility bill,PAN card copy,Incorporation certificate,Lease deed,PLAN-10029,STAB-10029,
MDB-00107,CG-0029,Labour,LABOUR-0029-3,Chamundi Comp Enterprises,Other,BDIOU1029G,29BDIOU1029G1Z9,Sowmya Reddy,records029@synthetic-setu.test,91-71189-15017,"Plot 39, Yelahanka Industrial Area, Yelahanka 560064",Yelahanka,Bengaluru Urban,Karnataka,560064,Pharma,,,LAB-10029,,,,,Active,2026 Apr 17,Sowmya Reddy; Raghavendra Murthy,S. Reddy,"Demo residence 29, Bengaluru Urban, Karnataka",91-71189-15017,2008 Jul 05,2009 Jan 28,2026 Mar 02,2025 Jul 25,73,09:00-18:00,Sunday,true,Consent letter,Aadhaar reference copy,Partnership deed,,,,
MDB-00108,CG-0030,Shops and Establishments,SHOPS-0030-1,Rajatha Pharma Proprietorship,Proprietorship,BEJPV1030H,29BEJPV1030H1Z0,Naveen Shetty,records030@synthetic-setu.test,91-71230-15190,"Plot 40, Whitefield Industrial Layout, Whitefield 560066",Whitefield,Bengaluru Urban,Karnataka,560066,Packaging,,SHOP-10030,,,,,,Active,2026 Apr 01,Naveen Shetty; Divya Prasad,N. Shetty,,91-71230-15190,2009 Jun 30,2010 Jan 11,2026 Feb 20,2025 Jul 21,81,10:00-19:00,Second Saturday,true,Lease deed,,Factory licence application,,,,
MDB-00109,CG-0030,Factories,FACTORIES-0030-2,M/s Rajatha Pharma Proprietorship,Proprietorship,BEJPV1030H,29GPWDL5110U1Z0,Anita Nair,records030@synthetic-setu.test,91-71230-15190,"No 40, Whitefield Industrial Layout, Whitefield 560066",Whitefield,Bengaluru Urban,Karnataka,560066,Packaging,FAC-10030,,,,,,,Active,2026 Apr 12,Anita Nair; Divya Prasad,A. Nair,,91-71230-15190,2009 Jul 11,2010 Feb 02,2026 Mar 03,2025 Aug 01,82,Shift-based,Rotational,true,Property tax receipt,,,,,STAB-10030,
MDB-00110,CG-0030,Labour,LABOUR-0030-3,Rajatha Pharma Proprietorship,Proprietorship,,,Raghavendra Murthy,records030@synthetic-setu.test,91-71230-15190,"Plot 40, Whitefield Industrial Layout, Whitefield 560066",Whitefield,Bengaluru Urban,Karnataka,560066,Packaging,,,LAB-10030,,,,,Active,2026 Apr 24,Raghavendra Murthy; Divya Prasad,R. Murthy,,91-71230-15190,2009 Jul 23,2010 Feb 26,2026 Mar 15,2025 Aug 13,83,09:00-18:00,Sunday,true,Rent agreement,,Incorporation certificate,,,,
MDB-00111,CG-0030,KSPCB,KSPCB-0030-4,RAJATHA PHARMA PROPRIETORSHIP,Proprietorship,,,Divya Prasad,records030@synthetic-setu.test,91-71230-15190,"No 40, Whitefield Industrial Layout, Whitefield 560066",Whitefield,Bengaluru Urban,Karnataka,560066,Packaging,,,,KSPCB-10030,,,,Dormant,2025 Oct 18,Divya Prasad; Divya Prasad,D. Prasad,,91-71230-15190,2009 Aug 06,2009 Sep 27,2024 Jul 06,2024 Apr 03,84,09:30-18:30,Monday,false,Utility bill,,Partnership deed,,,,
MDB-00112,CG-0031,Shops and Establishments,SHOPS-0031-1,Hemavathi Works Partnership,Partnership,BFKQW1031I,29BFKQW1031I1Z1,Sunita Patil,records031@synthetic-setu.test,91-71271-15363,"Plot 41, Marathahalli Outer Ring Rd, Marathahalli 560037",Marathahalli,Bengaluru Urban,Karnataka,560037,Precision Tools,,SHOP-10031,,,,,,Active,2026 Apr 08,Sunita Patil; Mohammed Sameer,S. Patil,"Demo residence 31, Bengaluru Urban, Karnataka",91-71271-15363,2010 Jul 17,2011 Feb 08,2026 Mar 05,2025 Aug 09,92,Shift-based,Rotational,true,,Partnership deed,Factory licence application,,,,
MDB-00113,CG-0031,Factories,FACTORIES-0031-2,M/s Hemavathi Works Partnership,Partnership,BFKQW1031I,29BFKQW1031I1Z1,Asha Rao,records031@synthetic-setu.test,91-71271-15363,"No 41, Marathahalli Outer Ring Road, Marathahalli 560037",Marathahalli,Bengaluru Urban,Karnataka,560037,Precision Tools,FAC-10031,,,,,,,Active,2026 Apr 19,Asha Rao; Mohammed Sameer,A. Rao,"Demo residence 31, Bengaluru Urban, Karnataka",91-71271-15363,2010 Jul 28,2011 Mar 02,2026 Mar 16,2025 Aug 20,93,09:00-18:00,Sunday,true,Lease deed,,,Lease deed,PLAN-10031,STAB-10031,
MDB-00114,CG-0031,Labour,LABOUR-0031-3,Hemavathi Works Partnership,Partnership,BFKQW1031I,29BFKQW1031I1Z1,Kiran Kumar,records031@synthetic-setu.test,91-71271-15363,"Plot 41, Marathahalli Outer Ring Road, Marathahalli 560037",Marathahalli,Bengaluru Urban,Karnataka,560037,Precision Tools,,,LAB-10031,,,,,Dormant,2025 Oct 11,Kiran Kumar; Mohammed Sameer,K. Kumar,"Demo residence 31, Bengaluru Urban, Karnataka",91-71271-15363,2010 Aug 09,2010 Sep 27,2024 Jul 05,2024 Apr 08,94,09:30-18:30,Monday,true,Property tax receipt,PAN card copy,Incorporation certificate,,,,
MDB-00115,CG-0032,Shops and Establishments,SHOPS-0032-1,Kaveri Tools LLP,LLP,BGLRX1032J,29BGLRX1032J1Z2,Farhan Ahmed,records032@synthetic-setu.test,91-71312-15536,"Plot 42, Peenya Indl Area, Peenya 560058",Peenya,Bengaluru Urban,Karnataka,560058,Logistics,,SHOP-10032,,,,,,Active,2026 Apr 15,Farhan Ahmed; Sunita Patil,F. Ahmed,"Demo residence 32, Bengaluru Urban, Karnataka",91-71312-15536,2011 Aug 03,2012 Mar 07,2026 Mar 18,2025 Aug 28,102,Shift-based,Rotational,true,Utility bill,Director KYC extract,,,,,
MDB-00116,CG-0032,Factories,FACTORIES-0032-2,M/s Kaveri Tools LLP,LLP,BGLRX1032J,29BGLRX1032J1Z2,Sowmya Reddy,records032@synthetic-setu.test,91-71312-15536,"No 42, Peenya Industrial Area, Peenya 560058",Peenya,Bengaluru Urban,Karnataka,560058,Logistics,FAC-10032,,,,,,,Dormant,2025 Oct 06,Sowmya Reddy; Sunita Patil,S. Reddy,"Demo residence 32, Bengaluru Urban, Karnataka",91-71312-15536,2011 Aug 14,2011 Oct 01,2024 Jul 06,2024 Apr 15,103,09:00-18:00,Sunday,true,Consent letter,Partnership deed,,Lease deed,PLAN-10032,,
MDB-00117,CG-0032,Labour,LABOUR-0032-3,Kaveri Tools LLP,LLP,BGLRX1032J,,Prakash Hegde,records032@synthetic-setu.test,91-71312-15536,"Plot 42, Peenya Industrial Area, Peenya 560058",Peenya,Bengaluru Urban,Karnataka,560058,Logistics,,,LAB-10032,,,,,Closed,2024 Nov 08,Prakash Hegde; Sunita Patil,P. Hegde,"Demo residence 32, Bengaluru Urban, Karnataka",91-71312-15536,2011 Aug 26,2011 Oct 25,2022 Jul 09,2022 Jul 21,104,09:30-18:30,Monday,false,,,,,,,
MDB-00118,CG-0033,Shops and Establishments,SHOPS-0033-1,Malnad Logistics Pvt Ltd,Pvt Ltd,BHMSY1033K,,Anita Nair,records033@synthetic-setu.test,91-71353-15709,"Plot 43, MG Rd, Bengaluru Central 560001",Bengaluru Central,Bengaluru Urban,Karnataka,560001,Food Processing,,SHOP-10033,,,,,,Dormant,2025 Oct 02,Anita Nair; Asha Rao,A. Nair,"Demo residence 33, Bengaluru Urban, Karnataka",91-71353-15709,2012 Aug 19,2012 Oct 06,2024 Jul 08,2024 Apr 23,112,Shift-based,Rotational,false,Property tax receipt,Aadhaar reference copy,Partnership deed,,,,
MDB-00119,CG-0033,Factories,FACTORIES-0033-2,M/s Malnad Logistics Pvt Ltd,Pvt Ltd,BHMSY1033K,29BHMSY1033K1Z3,Raghavendra Murthy,records033@synthetic-setu.test,91-71353-15709,"No 43, MG Road, Bengaluru Central 560001",Bengaluru Central,Bengaluru Urban,Karnataka,560001,Food Processing,FAC-10033,,,,,,,Closed,2024 Nov 03,Raghavendra Murthy; Asha Rao,R. Murthy,"Demo residence 33, Bengaluru Urban, Karnataka",91-71353-15709,2012 Aug 30,2012 Oct 28,2022 Jul 10,2022 Jul 28,113,09:00-18:00,Sunday,false,Rent agreement,Director KYC extract,Shop registration extract,Lease deed,PLAN-10033,STAB-10033,
MDB-00120,CG-0033,BWSSB,BWSSB-0033-3,Malnad Logistics Pvt Ltd,Pvt Ltd,,29BHMSY1033K1Z3,Divya Prasad,,91-71353-15709,"Plot 43, MG Road, Bengaluru Central 560001",Bengaluru Central,Bengaluru Urban,Karnataka,560001,Food Processing,,,,,,BWSSB-10033,,Active,2026 Apr 13,Divya Prasad; Asha Rao,D. Prasad,"Demo residence 33, Bengaluru Urban, Karnataka",91-71353-15709,2012 Oct 19,2013 Feb 05,2026 May 31,2025 Nov 16,114,09:30-18:30,Monday,true,Utility bill,Partnership deed,Utility service connection record,,,,
MDB-00121,CG-0034,Shops and Establishments,SHOPS-0034-1,Vijaya Retail Public Ltd,Public Ltd,BINTZ1034L,29BINTZ1034L1Z4,Sunita Patil,records034@synthetic-setu.test,91-71394-15882,"Plot 44, Bommanahalli Indl Area, Bommanahalli 560068",Bommanahalli,Bengaluru Urban,Karnataka,560068,IT Services,,SHOP-10034,,,,,,Closed,2025 Feb 27,Sunita Patil; Kiran Kumar,S. Patil,"Demo residence 34, Bengaluru Urban, Karnataka",91-71394-15882,2013 Sep 06,2013 Nov 04,2022 Jul 12,2022 Aug 05,122,,Rotational,false,,PAN card copy,Incorporation certificate,,,,
MDB-00122,CG-0034,Factories,FACTORIES-0034-2,M/s Vijaya Retail Public Ltd,Public Ltd,,29BINTZ1034L1Z4,Asha Rao,records034@synthetic-setu.test,91-71394-15882,"No 44, Bommanahalli Industrial Area, Bommanahalli 560068",Bommanahalli,Bengaluru Urban,Karnataka,560068,IT Services,FAC-10034,,,,,,,Active,2026 Apr 05,Asha Rao; Kiran Kumar,A. Rao,"Demo residence 34, Bengaluru Urban, Karnataka",91-71394-15882,2013 Sep 17,2013 Nov 26,2026 Apr 24,2025 Oct 16,123,,Sunday,true,Lease deed,Aadhaar reference copy,Partnership deed,Lease deed,PLAN-10034,STAB-10034,
MDB-00123,CG-0034,Labour,LABOUR-0034-3,Vijaya Retail Public Ltd,Public Ltd,BINTZ1034L,29BINTZ1034L1Z4,Kiran Kumar,records034@synthetic-setu.test,91-71394-15882,"Plot 44, Bommanahalli Industrial Area, Bommanahalli 560068",Bommanahalli,Bengaluru Urban,Karnataka,560068,IT Services,,,LAB-10034,,,,,Active,2026 Apr 17,Kiran Kumar; Kiran Kumar,K. Kumar,"Demo residence 34, Bengaluru Urban, Karnataka",91-71394-15882,2013 Sep 29,2013 Dec 20,2026 May 06,2025 Oct 28,124,,Monday,true,Property tax receipt,Director KYC extract,Shop registration extract,,,,
MDB-00124,CG-0035,Shops and Establishments,SHOPS-0035-1,Hoysala Exports Enterprises,Other,BJOUA1035M,29BJOUA1035M1Z5,Farhan Ahmed,records035@synthetic-setu.test,91-71435-16055,"Plot 45, Electronic City Phase 2, Electronic City 560100",Electronic City,Bengaluru Urban,Karnataka,560100,Electronics,,SHOP-10035,,,,,,Active,2026 Apr 01,Farhan Ahmed; Meera Gowda,F. Ahmed,"Demo residence 35, Bengaluru Urban, Karnataka",91-71435-16055,2014 Sep 23,2014 Dec 02,2026 Apr 26,2025 Oct 24,132,Shift-based,Rotational,true,,,,,,,
MDB-00125,CG-0035,Factories,FACTORIES-0035-2,M/s Hoysala Exports Enterprises,Other,BJOUA1035M,29BJOUA1035M1Z5,Sowmya Reddy,records035@synthetic-setu.test,91-71435-16055,"No 45, Electronic City Phase 2, Electronic City 560100",Electronic City,Bengaluru Urban,Karnataka,560100,Electronics,FAC-10035,,,,,,,Active,2026 Apr 12,Sowmya Reddy; Meera Gowda,S. Reddy,"Demo residence 35, Bengaluru Urban, Karnataka",91-71435-16055,2014 Oct 04,2014 Dec 24,2026 May 07,2025 Nov 04,133,09:00-18:00,Sunday,true,,PAN card copy,Incorporation certificate,Lease deed,,STAB-10035,
MDB-00126,CG-0035,Labour,LABOUR-0035-3,Hoysala Exports Enterprises,Other,,29BJOUA1035M1Z5,Prakash Hegde,records035@synthetic-setu.test,91-71435-16055,"Plot 45, Electronic City Phase 2, Electronic City 560100",Electronic City,Bengaluru Urban,Karnataka,560100,Electronics,,,LAB-10035,,,,,Active,2026 Apr 24,Prakash Hegde; Meera Gowda,P. Hegde,"Demo residence 35, Bengaluru Urban, Karnataka",91-71435-16055,2014 Oct 16,2015 Jan 17,2026 May 19,2025 Nov 16,134,09:30-18:30,Monday,true,,Aadhaar reference copy,Partnership deed,,,,
MDB-00127,CG-0035,BESCOM,BESCOM-0035-4,HOYSALA EXPORTS ENTERPRISES,Other,BJOUA1035M,,Naveen Shetty,records035@synthetic-setu.test,91-71435-16055,"No 45, Electronic City Phase 2, Electronic City 560100",Electronic City,Bengaluru Urban,Karnataka,560100,Electronics,,,,,BESCOM-10035,,,Dormant,2025 Dec 04,Naveen Shetty; Meera Gowda,N. Shetty,"Demo residence 35, Bengaluru Urban, Karnataka",91-71435-16055,2014 Nov 11,2015 Mar 10,2024 Jan 25,2023 Aug 24,135,10:00-19:00,Second Saturday,true,,Director KYC extract,Utility service connection record,,,,
MDB-00128,CG-0036,Shops and Establishments,SHOPS-0036-1,Mysore Electronics Proprietorship,Proprietorship,BKPVB1036N,29BKPVB1036N1Z6,Raghavendra Murthy,,91-71476-16228,"Plot 46, Bannerghatta Rd, Bannerghatta Rd 560076",Bannerghatta Road,Bengaluru Urban,Karnataka,560076,Manufacturing,,SHOP-10036,,,,,,Active,2026 Apr 08,Raghavendra Murthy; Farhan Ahmed,R. Murthy,"Demo residence 36, Bengaluru Urban, Karnataka",91-71476-16228,2015 Oct 10,2015 Dec 30,2026 May 09,2025 Nov 12,143,09:00-18:00,Sunday,true,Rent agreement,,,,,,
MDB-00129,CG-0036,Factories,FACTORIES-0036-2,M/s Mysore Electronics Proprietorship,Proprietorship,BKPVB1036N,29BKPVB1036N1Z6,Divya Prasad,,91-71476-16228,"No 46, Bannerghatta Road, Bannerghatta Road 560076",Bannerghatta Road,Bengaluru Urban,Karnataka,560076,Manufacturing,FAC-10036,,,,,,,Active,2026 Apr 19,Divya Prasad; Farhan Ahmed,D. Prasad,"Demo residence 36, Bengaluru Urban, Karnataka",91-71476-16228,2015 Oct 21,2016 Jan 21,2026 May 20,2025 Nov 23,144,09:30-18:30,Monday,true,Utility bill,,Incorporation certificate,,PLAN-10036,,
MDB-00130,CG-0036,Labour,LABOUR-0036-3,Mysore Electronix Proprietorship,Proprietorship,BKPVB1036N,,Mohammed Sameer,,91-71476-16228,"Plot 46, Bannerghatta Road, Bannerghatta Road 560076",Bannerghatta Road,Bengaluru Urban,Karnataka,560076,Manufacturing,,,LAB-10036,,,,,Dormant,2025 Nov 15,Mohammed Sameer; Farhan Ahmed,M. Sameer,"Demo residence 36, Bengaluru Urban, Karnataka",91-71476-16228,2015 Nov 02,2016 Feb 14,2024 Jan 12,2023 Aug 17,145,10:00-19:00,Second Saturday,false,Consent letter,,Partnership deed,,,,
MDB-00131,CG-0037,Shops and Establishments,SHOPS-0037-1,Bengaluru Systems Partnership,Partnership,BLQWC1037O,29BLQWC1037O1Z7,Asha Rao,records037@synthetic-setu.test,91-71517-16401,"Plot 47, Yelahanka Indl Area, Yelahanka 560064",Yelahanka,Bengaluru Urban,Karnataka,560064,Chemicals,,SHOP-10037,,,,,,Active,2026 Apr 15,Asha Rao; Sowmya Reddy,A. Rao,"Demo residence 37, Bengaluru Urban, Karnataka",91-71517-16401,2016 Oct 26,2017 Jan 26,2026 May 22,2025 Dec 01,153,09:00-18:00,Sunday,true,Lease deed,Partnership deed,Factory licence application,,,,
MDB-00132,CG-0037,Factories,FACTORIES-0037-2,M/s Bengaluru Systems Partnership,Partnership,BLQWC1037O,29BLQWC1037O1Z7,Kiran Kumar,records037@synthetic-setu.test,91-71517-16401,"No 47, Yelahanka Industrial Area, Yelahanka 560064",Yelahanka,Bengaluru Urban,Karnataka,560064,Chemicals,FAC-10037,,,,,,,Dormant,2025 Nov 10,Kiran Kumar; Sowmya Reddy,K. Kumar,"Demo residence 37, Bengaluru Urban, Karnataka",91-71517-16401,2016 Nov 06,2017 Feb 17,2024 Jan 13,2023 Aug 24,154,09:30-18:30,Monday,true,Property tax receipt,,,Lease deed,PLAN-10037,STAB-10037,
MDB-00133,CG-0037,Labour,LABOUR-0037-3,Bengaluru Systems Partnership,Partnership,BLQWC1037O,29BLQWC1037O1Z7,Meera Gowda,records037@synthetic-setu.test,91-71517-16401,"Plot 47, Yelahanka Industrial Area, Yelahanka 560064",Yelahanka,Bengaluru Urban,Karnataka,560064,Chemicals,,,LAB-10037,,,,,Closed,2024 Dec 13,Meera Gowda; Sowmya Reddy,M. Gowda,"Demo residence 37, Bengaluru Urban, Karnataka",91-71517-16401,2016 Nov 18,2017 Mar 13,2022 Jan 05,2022 Oct 24,155,10:00-19:00,Second Saturday,false,Rent agreement,PAN card copy,Incorporation certificate,,,,
MDB-00134,CG-0038,Shops and Establishments,SHOPS-0038-1,Karnataka Fabricators LLP,LLP,GPWDL2206U,29BMRXD1038P1Z8,Sowmya Reddy,records038@synthetic-setu.test,91-71558-16574,"Plot 48, Whitefield Industrial Layout, Whitefield 560066",Whitefield,Bengaluru Urban,Karnataka,560066,Auto Components,,SHOP-10038,,,,,,Dormant,2025 Nov 06,Sowmya Reddy; Prakash Hegde,S. Reddy,"Demo residence 38, Bengaluru Urban, Karnataka",91-71558-16574,2017 Nov 13,2018 Feb 24,2024 Jan 15,2023 Sep 01,163,09:00-18:00,Sunday,true,Consent letter,Director KYC extract,Shop registration extract,,,,
MDB-00135,CG-0038,Factories,FACTORIES-0038-2,M/s Karnataka Fabricators LLP,LLP,BMRXD1038P,29BMRXD1038P1Z8,Prakash Hegde,records038@synthetic-setu.test,91-71558-16574,"No 48, Whitefield Industrial Layout, Whitefield 560066",Whitefield,Bengaluru Urban,Karnataka,560066,Auto Components,FAC-10038,,,,,,,Closed,2024 Dec 08,Prakash Hegde; Prakash Hegde,P. Hegde,"Demo residence 38, Bengaluru Urban, Karnataka",91-71558-16574,2017 Nov 24,2018 Mar 18,2022 Jan 06,2022 Oct 31,164,09:30-18:30,Monday,false,,Partnership deed,Factory licence application,Lease deed,PLAN-10038,STAB-10038,
MDB-00136,CG-0038,Labour,LABOUR-0038-3,Karnataka Fabricators LLP,LLP,BMRXD1038P,29BMRXD1038P1Z8,Naveen Shetty,records038@synthetic-setu.test,91-71558-16574,"Plot 48, Whitefield Industrial Layout, Whitefield 560066",Whitefield,Bengaluru Urban,Karnataka,560066,Auto Components,,,LAB-10038,,,,,Active,2026 Apr 10,Naveen Shetty; Prakash Hegde,N. Shetty,"Demo residence 38, Bengaluru Urban, Karnataka",91-71558-16574,2017 Jan 10,2017 May 16,2026 Jan 08,2026 Jan 12,165,10:00-19:00,Second Saturday,true,Lease deed,,,,,,
MDB-00137,CG-0039,Shops and Establishments,SHOPS-0039-1,Sampige Packaging Pvt Ltd,Pvt Ltd,BNSYE1039Q,29BNSYE1039Q1Z9,Raghavendra Murthy,records039@synthetic-setu.test,91-71599-16747,"Plot 49, Marathahalli Outer Ring Rd, Marathahalli 560037",Marathahalli,Bengaluru Urban,Karnataka,560037,Retail,,SHOP-10039,,,,,,Closed,2024 Dec 04,Raghavendra Murthy; Naveen Shetty,R. Murthy,"Demo residence 39, Bengaluru Urban, Karnataka",91-71599-16747,2018 Jan 04,2018 Apr 28,2022 Jan 08,2022 Nov 08,173,09:00-18:00,Sunday,false,Rent agreement,Aadhaar reference copy,Partnership deed,,,,
MDB-00138,CG-0039,Factories,FACTORIES-0039-2,M/s Sampige Packaging Pvt Ltd,Pvt Ltd,BNSYE1039Q,29BNSYE1039Q1Z9,Divya Prasad,records039@synthetic-setu.test,91-71599-16747,"No 49, Marathahalli Outer Ring Road, Marathahalli 560037",Marathahalli,Bengaluru Urban,Karnataka,560037,Retail,FAC-10039,,,,,,,Active,2026 Apr 05,Divya Prasad; Naveen Shetty,D. Prasad,"Demo residence 39, Bengaluru Urban, Karnataka",91-71599-16747,2018 Jan 15,2018 May 20,2026 Jan 09,2026 Jan 19,174,09:30-18:30,Monday,true,Utility bill,Director KYC extract,Shop registration extract,Lease deed,PLAN-10039,STAB-10039,
MDB-00139,CG-0039,Labour,LABOUR-0039-3,Sampige Packaging Pvt Ltd,Pvt Ltd,BNSYE1039Q,,Mohammed Sameer,records039@synthetic-setu.test,91-71599-16747,"Plot 49, Marathahalli Outer Ring Road, Marathahalli 560037",Marathahalli,Bengaluru Urban,Karnataka,560037,Retail,,,LAB-10039,,,,,Active,2026 Apr 17,Mohammed Sameer; Naveen Shetty,M. Sameer,"Demo residence 39, Bengaluru Urban, Karnataka",91-71599-16747,2018 Jan 27,2018 Jun 13,2026 Jan 21,2026 Jan 31,175,10:00-19:00,Second Saturday,true,Consent letter,Partnership deed,Factory licence application,,,,
MDB-00140,CG-0040,Shops and Establishments,SHOPS-0040-1,Deccan Textiles Public Ltd,Public Ltd,BOTZF1040R,29BOTZF1040R1Z0,Asha Rao,records040@synthetic-setu.test,91-71640-16920,"Plot 50, Peenya Indl Area, Peenya 560058",Peenya,Bengaluru Urban,Karnataka,560058,Textiles,,SHOP-10040,,,,,,Active,2026 Apr 01,Asha Rao; Anita Nair,A. Rao,,91-71640-16920,2019 Jan 21,2019 May 26,2026 Jan 11,2026 Jan 27,183,09:00-18:00,Sunday,true,Lease deed,PAN card copy,,,,,
MDB-00141,CG-0040,Factories,FACTORIES-0040-2,M/s Deccan Textiles Public Ltd,Public Ltd,BOTZF1040R,29BOTZF1040R1Z0,Kiran Kumar,records040@synthetic-setu.test,91-71640-16920,"No 50, Peenya Industrial Area, Peenya 560058",Peenya,Bengaluru Urban,Karnataka,560058,Textiles,FAC-10040,,,,,,,Active,2026 Apr 12,Kiran Kumar; Anita Nair,K. Kumar,,91-71640-16920,2019 Feb 01,2019 Jun 17,2026 Jan 22,2026 Feb 07,184,09:30-18:30,Monday,true,Property tax receipt,Aadhaar reference copy,,Lease deed,,,
MDB-00142,CG-0040,Labour,LABOUR-0040-3,Deccan Textiles Public Ltd,Public Ltd,,,Meera Gowda,records040@synthetic-setu.test,91-71640-16920,"Plot 50, Peenya Industrial Area, Peenya 560058",Peenya,Bengaluru Urban,Karnataka,560058,Textiles,,,LAB-10040,,,,,Active,2026 Apr 24,Meera Gowda; Anita Nair,M. Gowda,,91-71640-16920,2019 Feb 13,2019 Jul 11,2026 Feb 03,2025 Jun 04,185,10:00-19:00,Second Saturday,true,Rent agreement,Director KYC extract,,,,,
MDB-00143,CG-0040,KSPCB,KSPCB-0040-4,DECCAN TEXTILES PUBLIC LTD,Public Ltd,,29BOTZF1040R1Z0,Farhan Ahmed,records040@synthetic-setu.test,,"No 50, Peenya Industrial Area, Peenya 560058",Peenya,Bengaluru Urban,Karnataka,560058,Textiles,,,,KSPCB-10040,,,,Dormant,2025 Sep 18,Farhan Ahmed; Anita Nair,F. Ahmed,,,2019 Feb 27,2019 Aug 08,2024 Mar 18,2023 Nov 15,186,Shift-based,Rotational,true,Utility bill,Partnership deed,,,,,
MDB-00144,CG-0041,Shops and Establishments,SHOPS-0041-1,Sahyadri Devices Enterprises,Other,BPUAG1041S,29BPUAG1041S1Z1,Prakash Hegde,records041@synthetic-setu.test,91-71681-17093,"Plot 51, MG Rd, Bengaluru Central 560001",Bengaluru Central,Bengaluru Urban,Karnataka,560001,Pharma,,SHOP-10041,,,,,,Active,2026 Apr 08,Prakash Hegde; Raghavendra Murthy,P. Hegde,"Demo residence 41, Bengaluru Urban, Karnataka",91-71681-17093,2020 Feb 07,2020 Jun 22,2026 Jan 24,2026 Feb 15,194,09:30-18:30,Monday,true,,PAN card copy,Incorporation certificate,,,,
MDB-00145,CG-0041,Factories,FACTORIES-0041-2,M/s Sahyadri Devices Enterprises,Other,BPUAG1041S,29BPUAG1041S1Z1,Naveen Shetty,records041@synthetic-setu.test,91-71681-17093,"No 51, MG Road, Bengaluru Central 560001",Bengaluru Central,Bengaluru Urban,Karnataka,560001,Pharma,FAC-10041,,,,,,,Active,2026 Apr 19,Naveen Shetty; Raghavendra Murthy,N. Shetty,"Demo residence 41, Bengaluru Urban, Karnataka",91-71681-17093,2020 Feb 18,2020 Jul 14,2026 Feb 04,2025 Jun 11,195,10:00-19:00,Second Saturday,true,Lease deed,Aadhaar reference copy,Partnership deed,Lease deed,PLAN-10041,STAB-10041,
MDB-00146,CG-0041,Labour,LABOUR-0041-3,Sahyadri Devices Enterprises,Other,BPUAG1041S,29BPUAG1041S1Z1,Anita Nair,records041@synthetic-setu.test,91-71681-17093,"Plot 51, MG Road, Bengaluru Central 560001",Bengaluru Central,Bengaluru Urban,Karnataka,560001,Pharma,,,LAB-10041,,,,,Dormant,2025 Sep 11,Anita Nair; Raghavendra Murthy,A. Nair,"Demo residence 41, Bengaluru Urban, Karnataka",91-71681-17093,2020 Mar 01,2020 Aug 07,2024 Mar 17,2023 Nov 20,196,Shift-based,Rotational,true,Property tax receipt,Director KYC extract,Shop registration extract,,,,
MDB-00147,CG-0042,Shops and Establishments,SHOPS-0042-1,Namma Foods Proprietorship,Proprietorship,BQVBH1042T,29BQVBH1042T1Z2,Divya Prasad,records042@synthetic-setu.test,91-71722-17266,"Plot 52, Bommanahalli Indl Area, Bommanahalli 560068",Bommanahalli,Bengaluru Urban,Karnataka,560068,Packaging,,SHOP-10042,,,,,,Active,2026 Apr 15,Divya Prasad; Divya Prasad,D. Prasad,"Demo residence 42, Bengaluru Urban, Karnataka",91-71722-17266,2007 Feb 24,2007 Jul 21,2026 Feb 06,2025 Jun 19,204,09:30-18:30,Monday,true,,,,,,,
MDB-00148,CG-0042,Factories,FACTORIES-0042-2,M/s Namma Foods Proprietorship,Proprietorship,BQVBH1042T,29BQVBH1042T1Z2,Mohammed Sameer,records042@synthetic-setu.test,91-71722-17266,"No 52, Bommanahalli Industrial Area, Bommanahalli 560068",Bommanahalli,Bengaluru Urban,Karnataka,560068,Packaging,FAC-10042,,,,,,,Dormant,2025 Sep 06,Mohammed Sameer; Divya Prasad,M. Sameer,"Demo residence 42, Bengaluru Urban, Karnataka",91-71722-17266,2007 Mar 07,2007 Aug 12,2024 Mar 18,2023 Nov 27,205,10:00-19:00,Second Saturday,false,,,Incorporation certificate,,PLAN-10042,STAB-10042,
MDB-00149,CG-0042,BESCOM,BESCOM-0042-3,Namma Foods Proprietorship,Proprietorship,,,Sunita Patil,,91-71722-17266,"Plot 52, Bommanahalli Industrial Area, Bommanahalli 560068",Bommanahalli,Bengaluru Urban,Karnataka,560068,Packaging,,,,,BESCOM-10042,,,Closed,2025 Feb 12,Sunita Patil; Divya Prasad,S. Patil,"Demo residence 42, Bengaluru Urban, Karnataka",91-71722-17266,2007 Apr 14,2007 Oct 27,2022 Apr 06,2022 Jun 07,206,Shift-based,Rotational,false,,,Utility service connection record,,,,
MDB-00150,CG-0043,Shops and Establishments,SHOPS-0043-1,Udaya Chemicals Partnership,Partnership,BRWCI1043U,29BRWCI1043U1Z3,Kiran Kumar,records043@synthetic-setu.test,91-71763-17439,"Plot 53, Electronic City Phase 2, Electronic City 560100",Electronic City,Bengaluru Urban,Karnataka,560100,Precision Tools,,SHOP-10043,,,,,,Dormant,2025 Sep 02,Kiran Kumar; Mohammed Sameer,K. Kumar,"Demo residence 43, Bengaluru Urban, Karnataka",91-71763-17439,2008 Mar 12,2008 Aug 17,2024 Mar 20,2023 Dec 05,214,09:30-18:30,Monday,true,Property tax receipt,Partnership deed,Factory licence application,,,,
MDB-00151,CG-0043,Factories,FACTORIES-0043-2,M/s Udaya Chemicals Partnership,Partnership,BRWCI1043U,29BRWCI1043U1Z3,Meera Gowda,records043@synthetic-setu.test,91-71763-17439,"No 53, Electronic City Phase 2, Electronic City 560100",Electronic City,Bengaluru Urban,Karnataka,560100,Precision Tools,FAC-10043,,,,,,,Closed,2025 Jan 12,Meera Gowda; Mohammed Sameer,M. Gowda,"Demo residence 43, Bengaluru Urban, Karnataka",91-71763-17439,2008 Mar 23,2008 Sep 08,2022 Mar 12,2022 May 19,215,10:00-19:00,Second Saturday,false,Rent agreement,,,Lease deed,PLAN-10043,STAB-10043,
MDB-00152,CG-0043,Labour,LABOUR-0043-3,Udaya Chemicals Partnership,Partnership,BRWCI1043U,29BRWCI1043U1Z3,Farhan Ahmed,records043@synthetic-setu.test,91-71763-17439,"Plot 53, Electronic City Phase 2, Electronic City 560100",Electronic City,Bengaluru Urban,Karnataka,560100,Precision Tools,,,LAB-10043,,,,,Active,2026 Apr 10,Farhan Ahmed; Mohammed Sameer,F. Ahmed,"Demo residence 43, Bengaluru Urban, Karnataka",91-71763-17439,2008 Apr 04,2008 Oct 02,2026 Mar 14,2025 Jul 31,216,Shift-based,Rotational,true,Utility bill,PAN card copy,Incorporation certificate,,,,
MDB-00153,CG-0044,Shops and Establishments,SHOPS-0044-1,Basava Industries LLP,LLP,BSXDJ1044V,,Prakash Hegde,records044@synthetic-setu.test,91-71804-17612,"Plot 54, Bannerghatta Rd, Bannerghatta Rd 560076",Bannerghatta Road,Bengaluru Urban,Karnataka,560076,Logistics,,SHOP-10044,,,,,,Closed,2025 Jan 08,Prakash Hegde; Sunita Patil,P. Hegde,"Demo residence 44, Bengaluru Urban, Karnataka",91-71804-17612,2009 Mar 30,2009 Sep 15,2022 Mar 14,2022 May 27,224,09:30-18:30,Monday,false,,Director KYC extract,Shop registration extract,,,,
MDB-00154,CG-0044,Factories,FACTORIES-0044-2,M/s Basava Industries LLP,LLP,BSXDJ1044V,29BSXDJ1044V1Z4,Naveen Shetty,records044@synthetic-setu.test,91-71804-17612,"No 54, Bannerghatta Road, Bannerghatta Road 560076",Bannerghatta Road,Bengaluru Urban,Karnataka,560076,Logistics,FAC-10044,,,,,,,Active,2026 Apr 05,Naveen Shetty; Sunita Patil,N. Shetty,"Demo residence 44, Bengaluru Urban, Karnataka",91-71804-17612,2009 Apr 10,2009 Oct 07,2026 Mar 15,2025 Aug 07,225,10:00-19:00,Second Saturday,true,Lease deed,Partnership deed,Factory licence application,Lease deed,PLAN-10044,,
MDB-00155,CG-0044,BWSSB,BWSSB-0044-3,Basava Industries LLP,LLP,,29BSXDJ1044V1Z4,Anita Nair,records044@synthetic-setu.test,91-71804-17612,"Plot 54, Bannerghatta Road, Bannerghatta Road 560076",Bannerghatta Road,Bengaluru Urban,Karnataka,560076,Logistics,,,,,,BWSSB-10044,,Active,2026 Apr 20,Anita Nair; Sunita Patil,A. Nair,"Demo residence 44, Bengaluru Urban, Karnataka",91-71804-17612,2009 May 30,2009 Jul 19,2026 May 04,2025 Sep 26,,Shift-based,Rotational,true,Property tax receipt,,Utility service connection record,,,,
MDB-00156,CG-0045,Shops and Establishments,SHOPS-0045-1,Chamundi Components Pvt Ltd,Pvt Ltd,BTYEK1045W,29BTYEK1045W1Z5,Divya Prasad,,91-71845-17785,"Plot 55, Yelahanka Indl Area, Yelahanka 560064",Yelahanka,Bengaluru Urban,Karnataka,560064,Food Processing,,SHOP-10045,,,,,,Active,2026 Apr 01,Divya Prasad; Asha Rao,D. Prasad,"Demo residence 45, Bengaluru Urban, Karnataka",91-71845-17785,2010 Apr 16,2010 Oct 13,2026 Mar 17,2025 Aug 15,234,09:30-18:30,Monday,true,Utility bill,Aadhaar reference copy,Partnership deed,,,,
MDB-00157,CG-0045,Factories,FACTORIES-0045-2,M/s Chamundi Components Pvt Ltd,Pvt Ltd,BTYEK1045W,29XEMUB7165R1Z5,Mohammed Sameer,,91-71845-17785,"No 55, Yelahanka Industrial Area, Yelahanka 560064",Yelahanka,Bengaluru Urban,Karnataka,560064,Food Processing,FAC-10045,,,,,,,Active,2026 Apr 12,Mohammed Sameer; Asha Rao,M. Sameer,"Demo residence 45, Bengaluru Urban, Karnataka",91-71845-17785,2010 Apr 27,2010 Nov 04,2026 Mar 28,2025 Aug 26,235,10:00-19:00,Second Saturday,true,Consent letter,Director KYC extract,Shop registration extract,Lease deed,,STAB-10045,
MDB-00158,CG-0045,Labour,LABOUR-0045-3,Chamundi Comp Pvt Ltd,Pvt Ltd,,,Sunita Patil,,91-71845-17785,"Plot 55, Yelahanka Industrial Area, Yelahanka 560064",Yelahanka,Bengaluru Urban,Karnataka,560064,Food Processing,,,LAB-10045,,,,,Active,2026 Apr 24,Sunita Patil; Asha Rao,S. Patil,"Demo residence 45, Bengaluru Urban, Karnataka",91-71845-17785,2010 May 09,2010 Nov 28,2026 Apr 09,2025 Sep 07,236,Shift-based,Rotational,true,,Partnership deed,Factory licence application,,,,
MDB-00159,CG-0045,KSPCB,KSPCB-0045-4,CHAMUNDI COMPONENTS PVT LTD,Pvt Ltd,BTYEK1045W,29BTYEK1045W1Z5,Asha Rao,,91-71845-17785,"No 55, Yelahanka Industrial Area, Yelahanka 560064",Yelahanka,Bengaluru Urban,Karnataka,560064,Food Processing,,,,KSPCB-10045,,,,Dormant,2025 Oct 23,Asha Rao; Asha Rao,A. Rao,"Demo residence 45, Bengaluru Urban, Karnataka",91-71845-17785,2010 May 23,2010 Dec 26,2024 May 22,2024 Feb 18,237,09:00-18:00,Sunday,false,Lease deed,,,,,,
MDB-00160,CG-0046,Shops and Establishments,SHOPS-0046-1,Rajatha Pharma Public Ltd,Public Ltd,BUZFL1046X,29BUZFL1046X1Z6,Meera Gowda,records046@synthetic-setu.test,91-71886-17958,"Plot 56, Whitefield Industrial Layout, Whitefield 560066",Whitefield,Bengaluru Urban,Karnataka,560066,IT Services,,SHOP-10046,,,,,,Active,2026 Apr 08,Meera Gowda; Kiran Kumar,M. Gowda,"Demo residence 46, Bengaluru Urban, Karnataka",91-71886-17958,2011 May 03,2011 Nov 10,2026 Mar 30,2025 Sep 03,5,10:00-19:00,Second Saturday,true,Rent agreement,Aadhaar reference copy,Partnership deed,,,,
MDB-00161,CG-0046,Factories,FACTORIES-0046-2,M/s Rajatha Pharma Public Ltd,Public Ltd,BUZFL1046X,29BUZFL1046X1Z6,Farhan Ahmed,records046@synthetic-setu.test,91-71886-17958,"No 56, Whitefield Industrial Layout, Whitefield 560066",Whitefield,Bengaluru Urban,Karnataka,560066,IT Services,FAC-10046,,,,,,,Active,2026 Apr 19,Farhan Ahmed; Kiran Kumar,F. Ahmed,"Demo residence 46, Bengaluru Urban, Karnataka",91-71886-17958,2011 May 14,2011 Dec 02,2026 Apr 10,2025 Sep 14,6,Shift-based,Rotational,true,Utility bill,Director KYC extract,Shop registration extract,Lease deed,PLAN-10046,STAB-10046,
MDB-00162,CG-0046,Labour,LABOUR-0046-3,Rajatha Pharma Public Ltd,Public Ltd,BUZFL1046X,29BUZFL1046X1Z6,Sowmya Reddy,records046@synthetic-setu.test,91-71886-17958,"Plot 56, Whitefield Industrial Layout, Whitefield 560066",Whitefield,Bengaluru Urban,Karnataka,560066,IT Services,,,LAB-10046,,,,,Dormant,2025 Oct 16,Sowmya Reddy; Kiran Kumar,S. Reddy,"Demo residence 46, Bengaluru Urban, Karnataka",91-71886-17958,2011 May 26,2011 Dec 26,2024 May 21,2024 Feb 23,7,09:00-18:00,Sunday,true,Consent letter,Partnership deed,Factory licence application,,,,
MDB-00163,CG-0047,Shops and Establishments,SHOPS-0047-1,Hemavathi Works Enterprises,Other,BVAGM1047Y,29BVAGM1047Y1Z7,Naveen Shetty,records047@synthetic-setu.test,91-71927-18131,"Plot 57, Marathahalli Outer Ring Rd, Marathahalli 560037",Marathahalli,Bengaluru Urban,Karnataka,560037,Electronics,,SHOP-10047,,,,,,Active,2026 Apr 15,Naveen Shetty; Meera Gowda,N. Shetty,"Demo residence 47, Bengaluru Urban, Karnataka",91-71927-18131,2012 May 19,2012 Dec 07,2026 Apr 12,2025 Sep 22,15,10:00-19:00,Second Saturday,true,Lease deed,PAN card copy,Incorporation certificate,,,,
MDB-00164,CG-0047,Factories,FACTORIES-0047-2,M/s Hemavathi Works Enterprises,Other,BVAGM1047Y,29BVAGM1047Y1Z7,Anita Nair,records047@synthetic-setu.test,91-71927-18131,"No 57, Marathahalli Outer Ring Road, Marathahalli 560037",Marathahalli,Bengaluru Urban,Karnataka,560037,Electronics,FAC-10047,,,,,,,Dormant,2025 Oct 11,Anita Nair; Meera Gowda,A. Nair,"Demo residence 47, Bengaluru Urban, Karnataka",91-71927-18131,2012 May 30,2012 Dec 29,2024 May 22,2024 Mar 01,16,Shift-based,Rotational,true,Property tax receipt,Aadhaar reference copy,Partnership deed,Lease deed,PLAN-10047,STAB-10047,
MDB-00165,CG-0047,Labour,LABOUR-0047-3,Hemavathi Works Enterprises,Other,BVAGM1047Y,29BVAGM1047Y1Z7,Raghavendra Murthy,records047@synthetic-setu.test,91-71927-18131,"Plot 57, Marathahalli Outer Ring Road, Marathahalli 560037",Marathahalli,Bengaluru Urban,Karnataka,560037,Electronics,,,LAB-10047,,,,,Closed,2025 Feb 21,Raghavendra Murthy; Meera Gowda,R. Murthy,"Demo residence 47, Bengaluru Urban, Karnataka",91-71927-18131,2012 Jun 11,2012 Jul 26,2022 May 15,2022 Aug 15,17,09:00-18:00,Sunday,false,Rent agreement,Director KYC extract,Shop registration extract,,,,
MDB-00166,CG-0048,Shops and Establishments,SHOPS-0048-1,Kaveri Tools Proprietorship,Proprietorship,BWBHN1048Z,29BWBHN1048Z1Z8,Mohammed Sameer,records048@synthetic-setu.test,91-71968-18304,"Plot 58, Peenya Indl Area, Peenya 560058",Peenya,Bengaluru Urban,Karnataka,560058,Manufacturing,,SHOP-10048,,,,,,Dormant,2025 Oct 07,Mohammed Sameer; Farhan Ahmed,M. Sameer,"Demo residence 48, Bengaluru Urban, Karnataka",91-71968-18304,2013 Jun 06,2014 Jan 05,2024 May 24,2024 Mar 09,25,10:00-19:00,Second Saturday,false,Consent letter,,,,,,
MDB-00167,CG-0048,Factories,FACTORIES-0048-2,M/s Kaveri Tools Proprietorship,Proprietorship,BWBHN1048Z,29BWBHN1048Z1Z8,Sunita Patil,records048@synthetic-setu.test,91-71968-18304,"No 58, Peenya Industrial Area, Peenya 560058",Peenya,Bengaluru Urban,Karnataka,560058,Manufacturing,FAC-10048,,,,,,,Closed,2025 Feb 16,Sunita Patil; Farhan Ahmed,S. Patil,"Demo residence 48, Bengaluru Urban, Karnataka",91-71968-18304,2013 Jun 17,2014 Jan 27,2022 May 16,2022 Aug 22,26,Shift-based,Rotational,false,,,,,PLAN-10048,,
MDB-00168,CG-0048,Labour,LABOUR-0048-3,Kaveri Tools Proprietorship,Proprietorship,BWBHN1048Z,,Asha Rao,records048@synthetic-setu.test,91-71968-18304,"Plot 58, Peenya Industrial Area, Peenya 560058",Peenya,Bengaluru Urban,Karnataka,560058,Manufacturing,,,LAB-10048,,,,,Active,2026 Apr 10,Asha Rao; Farhan Ahmed,A. Rao,"Demo residence 48, Bengaluru Urban, Karnataka",91-71968-18304,2013 Jun 29,2013 Aug 24,2026 May 18,2025 Nov 03,27,09:00-18:00,Sunday,true,Lease deed,,,,,,
MDB-00169,CG-0049,Shops and Establishments,SHOPS-0049-1,Malnad Logistics Partnership,Partnership,BXCIO1049A,29BXCIO1049A1Z9,Meera Gowda,records049@synthetic-setu.test,91-72009-18477,"Plot 59, MG Rd, Bengaluru Central 560001",Bengaluru Central,Bengaluru Urban,Karnataka,560001,Chemicals,,SHOP-10049,,,,,,Closed,2025 Feb 12,Meera Gowda; Sowmya Reddy,M. Gowda,"Demo residence 49, Bengaluru Urban, Karnataka",91-72009-18477,2014 Jun 23,2015 Feb 02,2022 May 18,2022 Aug 30,35,10:00-19:00,Second Saturday,false,,Partnership deed,Factory licence application,,,,
MDB-00170,CG-0049,Factories,FACTORIES-0049-2,M/s Malnad Logistics Partnership,Partnership,BXCIO1049A,29BXCIO1049A1Z9,Farhan Ahmed,records049@synthetic-setu.test,91-72009-18477,"No 59, MG Road, Bengaluru Central 560001",Bengaluru Central,Bengaluru Urban,Karnataka,560001,Chemicals,FAC-10049,,,,,,,Active,2026 Apr 05,Farhan Ahmed; Sowmya Reddy,F. Ahmed,"Demo residence 49, Bengaluru Urban, Karnataka",91-72009-18477,2014 Jul 04,2014 Aug 28,2026 May 19,2025 Nov 10,36,Shift-based,Rotational,true,,,,Lease deed,PLAN-10049,STAB-10049,
MDB-00171,CG-0049,BESCOM,BESCOM-0049-3,Malnad Logistics Partnership,Partnership,,29BXCIO1049A1Z9,Sowmya Reddy,records049@synthetic-setu.test,91-72009-18477,"Plot 59, MG Road, Bengaluru Central 560001",Bengaluru Central,Bengaluru Urban,Karnataka,560001,Chemicals,,,,,BESCOM-10049,,,Active,2026 Apr 08,Sowmya Reddy; Sowmya Reddy,S. Reddy,"Demo residence 49, Bengaluru Urban, Karnataka",91-72009-18477,2014 Aug 11,2014 Nov 12,2026 Jan 07,2025 Dec 18,37,09:00-18:00,Sunday,true,,PAN card copy,Utility service connection record,,,,
MDB-00172,CG-0050,Shops and Establishments,SHOPS-0050-1,Vijaya Retail LLP,LLP,BYDJP1050B,29BYDJP1050B1Z0,Naveen Shetty,records050@synthetic-setu.test,91-72050-18650,"Plot 60, Bommanahalli Indl Area, Bommanahalli 560068",Bommanahalli,Bengaluru Urban,Karnataka,560068,Auto Components,,SHOP-10050,,,,,,Active,2026 Apr 01,Naveen Shetty; Prakash Hegde,N. Shetty,,91-72050-18650,2015 Jul 10,2015 Sep 03,2026 May 21,2025 Nov 18,45,10:00-19:00,Second Saturday,true,Lease deed,Director KYC extract,Shop registration extract,,,,
MDB-00173,CG-0050,Factories,FACTORIES-0050-2,M/s Vijaya Retail LLP,LLP,BYDJP1050B,29BYDJP1050B1Z0,Anita Nair,records050@synthetic-setu.test,91-72050-18650,"No 60, Bommanahalli Industrial Area, Bommanahalli 560068",Bommanahalli,Bengaluru Urban,Karnataka,560068,Auto Components,FAC-10050,,,,,,,Active,2026 Apr 12,Anita Nair; Prakash Hegde,A. Nair,,91-72050-18650,2015 Jul 21,2015 Sep 25,2026 Jun 01,2025 Nov 29,46,Shift-based,Rotational,true,Property tax receipt,Partnership deed,Factory licence application,Lease deed,,STAB-10050,
MDB-00174,CG-0050,Labour,LABOUR-0050-3,Vijaya Retail LLP,LLP,,29BYDJP1050B1Z0,Raghavendra Murthy,records050@synthetic-setu.test,91-72050-18650,"Plot 60, Bommanahalli Industrial Area, Bommanahalli 560068",Bommanahalli,Bengaluru Urban,Karnataka,560068,Auto Components,,,LAB-10050,,,,,Active,2026 Apr 24,Raghavendra Murthy; Prakash Hegde,R. Murthy,,91-72050-18650,2015 Aug 02,2015 Oct 19,2026 Jun 13,2025 Dec 11,47,09:00-18:00,Sunday,true,Rent agreement,,,,,,
MDB-00175,CG-0050,KSPCB,KSPCB-0050-4,VIJAYA RETAIL LLP,LLP,BYDJP1050B,29BYDJP1050B1Z0,Divya Prasad,records050@synthetic-setu.test,91-72050-18650,"No 60, Bommanahalli Industrial Area, Bommanahalli 560068",Bommanahalli,Bengaluru Urban,Karnataka,560068,Auto Components,,,,KSPCB-10050,,,,Dormant,2025 Nov 27,Divya Prasad; Prakash Hegde,D. Prasad,,91-72050-18650,2015 Aug 16,2015 Nov 16,2024 Jul 26,2024 May 23,48,09:30-18:30,Monday,true,Utility bill,PAN card copy,Incorporation certificate,,,,
MDB-00176,CG-0051,Shops and Establishments,SHOPS-0051-1,Hoysala Exports Pvt Ltd,Pvt Ltd,BZEKQ1051C,29BZEKQ1051C1Z1,Sunita Patil,records051@synthetic-setu.test,91-72091-18823,"Plot 61, Electronic City Phase 2, Electronic City 560100",Electronic City,Bengaluru Urban,Karnataka,560100,Retail,,SHOP-10051,,,,,,Active,2026 Apr 08,Sunita Patil; Naveen Shetty,S. Patil,"Demo residence 51, Bengaluru Urban, Karnataka",91-72091-18823,2016 Jul 26,2016 Sep 30,2026 Jun 03,2025 Dec 07,56,,Rotational,true,,Director KYC extract,Shop registration extract,,,,
MDB-00177,CG-0051,Factories,FACTORIES-0051-2,M/s Hoysala Exports Pvt Ltd,Pvt Ltd,,29BZEKQ1051C1Z1,Asha Rao,records051@synthetic-setu.test,91-72091-18823,"No 61, Electronic City Phase 2, Electronic City 560100",Electronic City,Bengaluru Urban,Karnataka,560100,Retail,FAC-10051,,,,,,,Active,2026 Apr 19,Asha Rao; Naveen Shetty,A. Rao,"Demo residence 51, Bengaluru Urban, Karnataka",91-72091-18823,2016 Aug 06,2016 Oct 22,2026 Jun 14,2025 Dec 18,57,,Sunday,true,Lease deed,Partnership deed,Factory licence application,Lease deed,PLAN-10051,STAB-10051,
MDB-00178,CG-0051,Labour,LABOUR-0051-3,Hoysala Exports Pvt Ltd,Pvt Ltd,BZEKQ1051C,,Kiran Kumar,records051@synthetic-setu.test,91-72091-18823,"Plot 61, Electronic City Phase 2, Electronic City 560100",Electronic City,Bengaluru Urban,Karnataka,560100,Retail,,,LAB-10051,,,,,Dormant,2025 Nov 20,Kiran Kumar; Naveen Shetty,K. Kumar,"Demo residence 51, Bengaluru Urban, Karnataka",91-72091-18823,2016 Aug 18,2016 Nov 15,2024 Jul 25,2023 Jul 03,58,,Monday,false,Property tax receipt,,,,,,
MDB-00179,CG-0052,Shops and Establishments,SHOPS-0052-1,Mysore Electronics Public Ltd,Public Ltd,CAFLR1052D,29CAFLR1052D1Z2,Farhan Ahmed,records052@synthetic-setu.test,91-72132-18996,"Plot 62, Bannerghatta Rd, Bannerghatta Rd 560076",Bannerghatta Road,Bengaluru Urban,Karnataka,560076,Textiles,,SHOP-10052,,,,,,Active,2026 Apr 15,Farhan Ahmed; Anita Nair,F. Ahmed,"Demo residence 52, Bengaluru Urban, Karnataka",91-72132-18996,2017 Aug 13,2017 Oct 29,2026 Jun 16,2025 Dec 26,66,Shift-based,Rotational,true,Utility bill,Aadhaar reference copy,Partnership deed,,,,
MDB-00180,CG-0052,Factories,FACTORIES-0052-2,M/s Mysore Electronics Public Ltd,Public Ltd,CAFLR1052D,29CAFLR1052D1Z2,Sowmya Reddy,records052@synthetic-setu.test,91-72132-18996,"No 62, Bannerghatta Road, Bannerghatta Road 560076",Bannerghatta Road,Bengaluru Urban,Karnataka,560076,Textiles,FAC-10052,,,,,,,Dormant,2025 Nov 15,Sowmya Reddy; Anita Nair,S. Reddy,"Demo residence 52, Bengaluru Urban, Karnataka",91-72132-18996,2017 Aug 24,2017 Nov 20,2024 Jul 26,2023 Jul 10,67,09:00-18:00,Sunday,true,Consent letter,Director KYC extract,Shop registration extract,Lease deed,PLAN-10052,,
MDB-00181,CG-0052,Labour,LABOUR-0052-3,Mysore Electronix Public Ltd,Public Ltd,CAFLR1052D,29CAFLR1052D1Z2,Prakash Hegde,records052@synthetic-setu.test,91-72132-18996,"Plot 62, Bannerghatta Road, Bannerghatta Road 560076",Bannerghatta Road,Bengaluru Urban,Karnataka,560076,Textiles,,,LAB-10052,,,,,Closed,2024 Nov 28,Prakash Hegde; Anita Nair,P. Hegde,"Demo residence 52, Bengaluru Urban, Karnataka",91-72132-18996,2017 Sep 05,2017 Dec 14,2022 Jul 19,2022 Nov 18,68,09:30-18:30,Monday,false,,Partnership deed,Factory licence application,,,,
MDB-00182,CG-0053,Shops and Establishments,SHOPS-0053-1,Bengaluru Systems Enterprises,Other,CBGMS1053E,29CBGMS1053E1Z3,Anita Nair,records053@synthetic-setu.test,91-72173-19169,"Plot 63, Yelahanka Indl Area, Yelahanka 560064",Yelahanka,Bengaluru Urban,Karnataka,560064,Pharma,,SHOP-10053,,,,,,Dormant,2025 Nov 11,Anita Nair; Raghavendra Murthy,A. Nair,"Demo residence 53, Bengaluru Urban, Karnataka",91-72173-19169,2018 Aug 30,2018 Nov 26,2024 Jul 28,2023 Jul 18,76,Shift-based,Rotational,true,Property tax receipt,PAN card copy,Incorporation certificate,,,,
MDB-00183,CG-0053,Factories,FACTORIES-0053-2,M/s Bengaluru Systems Enterprises,Other,CBGMS1053E,29CBGMS1053E1Z3,Raghavendra Murthy,records053@synthetic-setu.test,91-72173-19169,"No 63, Yelahanka Industrial Area, Yelahanka 560064",Yelahanka,Bengaluru Urban,Karnataka,560064,Pharma,FAC-10053,,,,,,,Closed,2024 Nov 23,Raghavendra Murthy; Raghavendra Murthy,R. Murthy,"Demo residence 53, Bengaluru Urban, Karnataka",91-72173-19169,2018 Sep 10,2018 Dec 18,2022 Jul 20,2022 Nov 25,77,09:00-18:00,Sunday,false,Rent agreement,Aadhaar reference copy,Partnership deed,Lease deed,PLAN-10053,STAB-10053,
MDB-00184,CG-0053,Labour,LABOUR-0053-3,Bengaluru Systems Enterprises,Other,CBGMS1053E,29CBGMS1053E1Z3,Divya Prasad,records053@synthetic-setu.test,91-72173-19169,"Plot 63, Yelahanka Industrial Area, Yelahanka 560064",Yelahanka,Bengaluru Urban,Karnataka,560064,Pharma,,,LAB-10053,,,,,Active,2026 Apr 10,Divya Prasad; Raghavendra Murthy,D. Prasad,"Demo residence 53, Bengaluru Urban, Karnataka",91-72173-19169,2018 Sep 22,2019 Jan 11,2026 Feb 02,2026 Feb 06,78,09:30-18:30,Monday,true,Utility bill,Director KYC extract,Shop registration extract,,,,
MDB-00185,CG-0054,Shops and Establishments,SHOPS-0054-1,Karnataka Fabricators Proprietorship,Proprietorship,CCHNT1054F,29CCHNT1054F1Z4,Sunita Patil,,91-72214-19342,"Plot 64, Whitefield Industrial Layout, Whitefield 560066",Whitefield,Bengaluru Urban,Karnataka,560066,Packaging,,SHOP-10054,,,,,,Closed,2024 Nov 19,Sunita Patil; Divya Prasad,S. Patil,"Demo residence 54, Bengaluru Urban, Karnataka",91-72214-19342,2019 Sep 16,2019 Dec 24,2022 Jul 22,2022 Dec 03,86,Shift-based,Rotational,false,,,,,,,
MDB-00186,CG-0054,Factories,FACTORIES-0054-2,M/s Karnataka Fabricators Proprietorship,Proprietorship,CCHNT1054F,29CCHNT1054F1Z4,Asha Rao,,91-72214-19342,"No 64, Whitefield Industrial Layout, Whitefield 560066",Whitefield,Bengaluru Urban,Karnataka,560066,Packaging,FAC-10054,,,,,,,Active,2026 Apr 05,Asha Rao; Divya Prasad,A. Rao,"Demo residence 54, Bengaluru Urban, Karnataka",91-72214-19342,2019 Sep 27,2020 Jan 15,2026 Feb 03,2026 Feb 13,87,09:00-18:00,Sunday,true,Lease deed,,Incorporation certificate,,PLAN-10054,STAB-10054,
MDB-00187,CG-0054,Labour,LABOUR-0054-3,Karnataka Fabricators Proprietorship,Proprietorship,CCHNT1054F,,Kiran Kumar,,91-72214-19342,"Plot 64, Whitefield Industrial Layout, Whitefield 560066",Whitefield,Bengaluru Urban,Karnataka,560066,Packaging,,,LAB-10054,,,,,Active,2026 Apr 17,Kiran Kumar; Divya Prasad,K. Kumar,"Demo residence 54, Bengaluru Urban, Karnataka",91-72214-19342,2019 Oct 09,2020 Feb 08,2026 Feb 15,2025 Jun 10,88,09:30-18:30,Monday,true,Property tax receipt,,Partnership deed,,,,
MDB-00188,CG-0055,Shops and Establishments,SHOPS-0055-1,Sampige Packaging Partnership,Partnership,CDIOU1055G,,Farhan Ahmed,records055@synthetic-setu.test,91-72255-19515,"Plot 65, Marathahalli Outer Ring Rd, Marathahalli 560037",Marathahalli,Bengaluru Urban,Karnataka,560037,Precision Tools,,SHOP-10055,,,,,,Active,2026 Apr 01,Farhan Ahmed; Mohammed Sameer,F. Ahmed,"Demo residence 55, Bengaluru Urban, Karnataka",91-72255-19515,2020 Oct 02,2021 Jan 20,2026 Feb 05,2025 Jun 06,96,Shift-based,Rotational,true,Utility bill,Partnership deed,Factory licence application,,,,
MDB-00189,CG-0055,Factories,FACTORIES-0055-2,M/s Sampige Packaging Partnership,Partnership,CDIOU1055G,29CDIOU1055G1Z5,Sowmya Reddy,records055@synthetic-setu.test,91-72255-19515,"No 65, Marathahalli Outer Ring Road, Marathahalli 560037",Marathahalli,Bengaluru Urban,Karnataka,560037,Precision Tools,FAC-10055,,,,,,,Active,2026 Apr 12,Sowmya Reddy; Mohammed Sameer,S. Reddy,"Demo residence 55, Bengaluru Urban, Karnataka",91-72255-19515,2020 Oct 13,2021 Feb 11,2026 Feb 16,2025 Jun 17,97,09:00-18:00,Sunday,true,Consent letter,,,Lease deed,,STAB-10055,
MDB-00190,CG-0055,Labour,LABOUR-0055-3,Sampige Packaging Partnership,Partnership,,29CDIOU1055G1Z5,Prakash Hegde,records055@synthetic-setu.test,91-72255-19515,"Plot 65, Marathahalli Outer Ring Road, Marathahalli 560037",Marathahalli,Bengaluru Urban,Karnataka,560037,Precision Tools,,,LAB-10055,,,,,Active,2026 Apr 24,Prakash Hegde; Mohammed Sameer,P. Hegde,"Demo residence 55, Bengaluru Urban, Karnataka",91-72255-19515,2020 Oct 25,2021 Mar 07,2026 Feb 28,2025 Jun 29,98,09:30-18:30,Monday,true,,PAN card copy,Incorporation certificate,,,,
MDB-00191,CG-0055,BWSSB,BWSSB-0055-4,SAMPIGE PACKAGING PARTNERSHIP,Partnership,CDIOU1055G,,Naveen Shetty,records055@synthetic-setu.test,91-72255-19515,"No 65, Marathahalli Outer Ring Road, Marathahalli 560037",Marathahalli,Bengaluru Urban,Karnataka,560037,Precision Tools,,,,,,BWSSB-10055,,Dormant,2025 Oct 17,Naveen Shetty; Mohammed Sameer,N. Shetty,"Demo residence 55, Bengaluru Urban, Karnataka",91-72255-19515,2020 Jan 07,2020 Jun 26,2024 Feb 26,2023 Oct 25,99,10:00-19:00,Second Saturday,true,Lease deed,Aadhaar reference copy,Utility service connection record,,,,
MDB-00192,CG-0056,Shops and Establishments,SHOPS-0056-1,Deccan Textiles LLP,LLP,CEJPV1056H,29CEJPV1056H1Z6,Raghavendra Murthy,records056@synthetic-setu.test,91-72296-19688,"Plot 66, Peenya Indl Area, Peenya 560058",Peenya,Bengaluru Urban,Karnataka,560058,Logistics,,SHOP-10056,,,,,,Active,2026 Apr 08,Raghavendra Murthy; Sunita Patil,R. Murthy,"Demo residence 56, Bengaluru Urban, Karnataka",91-72296-19688,2007 Oct 20,2008 Feb 18,2026 Feb 18,2025 Jun 25,107,09:00-18:00,Sunday,true,,Partnership deed,,,,,
MDB-00193,CG-0056,Factories,FACTORIES-0056-2,M/s Deccan Textiles LLP,LLP,CEJPV1056H,29CEJPV1056H1Z6,Divya Prasad,records056@synthetic-setu.test,91-72296-19688,"No 66, Peenya Industrial Area, Peenya 560058",Peenya,Bengaluru Urban,Karnataka,560058,Logistics,FAC-10056,,,,,,,Active,2026 Apr 19,Divya Prasad; Sunita Patil,D. Prasad,"Demo residence 56, Bengaluru Urban, Karnataka",91-72296-19688,2007 Oct 31,2008 Mar 11,2026 Mar 01,2025 Jul 06,108,09:30-18:30,Monday,true,,,,Lease deed,PLAN-10056,,
MDB-00194,CG-0056,BESCOM,BESCOM-0056-3,Deccan Textiles LLP,LLP,CEJPV1056H,29CEJPV1056H1Z6,Mohammed Sameer,records056@synthetic-setu.test,,"Plot 66, Peenya Industrial Area, Peenya 560058",Peenya,Bengaluru Urban,Karnataka,560058,Logistics,,,,,BESCOM-10056,,,Dormant,2025 Oct 12,Mohammed Sameer; Sunita Patil,M. Sameer,"Demo residence 56, Bengaluru Urban, Karnataka",,2007 Jan 12,2007 Jul 01,2024 Feb 27,2023 Nov 01,,10:00-19:00,Second Saturday,true,,PAN card copy,Utility service connection record,,,,
MDB-00195,CG-0057,Shops and Establishments,SHOPS-0057-1,Sahyadri Devices Pvt Ltd,Pvt Ltd,BJRYF4809M,29CFKQW1057I1Z7,Asha Rao,records057@synthetic-setu.test,91-72337-19861,"Plot 67, MG Rd, Bengaluru Central 560001",Bengaluru Central,Bengaluru Urban,Karnataka,560001,Food Processing,,SHOP-10057,,,,,,Active,2026 Apr 15,Asha Rao; Asha Rao,A. Rao,"Demo residence 57, Bengaluru Urban, Karnataka",91-72337-19861,2008 Nov 05,2009 Mar 17,2026 Mar 03,2025 Jul 14,117,09:00-18:00,Sunday,true,Lease deed,Director KYC extract,Shop registration extract,,,,
MDB-00196,CG-0057,Factories,FACTORIES-0057-2,M/s Sahyadri Devices Pvt Ltd,Pvt Ltd,CFKQW1057I,29CFKQW1057I1Z7,Kiran Kumar,records057@synthetic-setu.test,91-72337-19861,"No 67, MG Road, Bengaluru Central 560001",Bengaluru Central,Bengaluru Urban,Karnataka,560001,Food Processing,FAC-10057,,,,,,,Dormant,2025 Sep 11,Kiran Kumar; Asha Rao,K. Kumar,"Demo residence 57, Bengaluru Urban, Karnataka",91-72337-19861,2008 Nov 16,2009 Apr 08,2024 Feb 02,2023 Oct 13,118,09:30-18:30,Monday,false,Property tax receipt,Partnership deed,Factory licence application,Lease deed,PLAN-10057,STAB-10057,
MDB-00197,CG-0057,Labour,LABOUR-0057-3,Sahyadri Devices Pvt Ltd,Pvt Ltd,CFKQW1057I,,Meera Gowda,records057@synthetic-setu.test,91-72337-19861,"Plot 67, MG Road, Bengaluru Central 560001",Bengaluru Central,Bengaluru Urban,Karnataka,560001,Food Processing,,,LAB-10057,,,,,Closed,2025 Jan 02,Meera Gowda; Asha Rao,M. Gowda,"Demo residence 57, Bengaluru Urban, Karnataka",91-72337-19861,2008 Jan 03,2008 Jun 06,2022 Jan 15,2022 Jun 06,119,10:00-19:00,Second Saturday,false,Rent agreement,,,,,,
MDB-00198,CG-0058,Shops and Establishments,SHOPS-0058-1,Namma Foods Public Ltd,Public Ltd,CGLRX1058J,29CGLRX1058J1Z8,Sowmya Reddy,records058@synthetic-setu.test,91-72378-20034,"Plot 68, Bommanahalli Indl Area, Bommanahalli 560068",Bommanahalli,Bengaluru Urban,Karnataka,560068,IT Services,,SHOP-10058,,,,,,Dormant,2025 Sep 07,Sowmya Reddy; Kiran Kumar,S. Reddy,"Demo residence 58, Bengaluru Urban, Karnataka",91-72378-20034,2009 Nov 23,2010 Apr 15,2024 Feb 04,2023 Oct 21,127,09:00-18:00,Sunday,true,Consent letter,Aadhaar reference copy,Partnership deed,,,,
MDB-00199,CG-0058,Factories,FACTORIES-0058-2,M/s Namma Foods Public Ltd,Public Ltd,CGLRX1058J,29CGLRX1058J1Z8,Prakash Hegde,records058@synthetic-setu.test,91-72378-20034,"No 68, Bommanahalli Industrial Area, Bommanahalli 560068",Bommanahalli,Bengaluru Urban,Karnataka,560068,IT Services,FAC-10058,,,,,,,Closed,2024 Dec 28,Prakash Hegde; Kiran Kumar,P. Hegde,"Demo residence 58, Bengaluru Urban, Karnataka",91-72378-20034,2009 Jan 08,2009 Jun 11,2022 Jan 16,2022 Jun 13,128,09:30-18:30,Monday,false,,Director KYC extract,Shop registration extract,Lease deed,PLAN-10058,STAB-10058,
MDB-00200,CG-0058,Labour,LABOUR-0058-3,Namma Foods Public Ltd,Public Ltd,CGLRX1058J,29CGLRX1058J1Z8,Naveen Shetty,records058@synthetic-setu.test,91-72378-20034,"Plot 68, Bommanahalli Industrial Area, Bommanahalli 560068",Bommanahalli,Bengaluru Urban,Karnataka,560068,IT Services,,,LAB-10058,,,,,Active,2026 Apr 10,Naveen Shetty; Kiran Kumar,N. Shetty,"Demo residence 58, Bengaluru Urban, Karnataka",91-72378-20034,2009 Jan 20,2009 Jul 05,2026 Apr 08,2025 Aug 25,129,10:00-19:00,Second Saturday,true,Lease deed,Partnership deed,Factory licence application,,,,
MDB-00201,CG-0059,Shops and Establishments,SHOPS-0059-1,Udaya Chemicals Enterprises,Other,CHMSY1059K,29CHMSY1059K1Z9,Raghavendra Murthy,records059@synthetic-setu.test,91-72419-20207,"Plot 69, Electronic City Phase 2, Electronic City 560100",Electronic City,Bengaluru Urban,Karnataka,560100,Electronics,,SHOP-10059,,,,,,Closed,2024 Dec 24,Raghavendra Murthy; Meera Gowda,R. Murthy,"Demo residence 59, Bengaluru Urban, Karnataka",91-72419-20207,2010 Jan 14,2010 Jun 17,2022 Jan 18,2022 Jun 21,137,09:00-18:00,Sunday,false,Rent agreement,PAN card copy,Incorporation certificate,,,,
MDB-00202,CG-0059,Factories,FACTORIES-0059-2,M/s Udaya Chemicals Enterprises,Other,CHMSY1059K,29CHMSY1059K1Z9,Divya Prasad,records059@synthetic-setu.test,91-72419-20207,"No 69, Electronic City Phase 2, Electronic City 560100",Electronic City,Bengaluru Urban,Karnataka,560100,Electronics,FAC-10059,,,,,,,Active,2026 Apr 05,Divya Prasad; Meera Gowda,D. Prasad,"Demo residence 59, Bengaluru Urban, Karnataka",91-72419-20207,2010 Jan 25,2010 Jul 09,2026 Apr 09,2025 Sep 01,138,09:30-18:30,Monday,true,Utility bill,Aadhaar reference copy,Partnership deed,Lease deed,PLAN-10059,STAB-10059,
MDB-00203,CG-0059,Labour,LABOUR-0059-3,Udaya Chemicals Enterprises,Other,CHMSY1059K,29CHMSY1059K1Z9,Mohammed Sameer,records059@synthetic-setu.test,91-72419-20207,"Plot 69, Electronic City Phase 2, Electronic City 560100",Electronic City,Bengaluru Urban,Karnataka,560100,Electronics,,,LAB-10059,,,,,Active,2026 Apr 17,Mohammed Sameer; Meera Gowda,M. Sameer,"Demo residence 59, Bengaluru Urban, Karnataka",91-72419-20207,2010 Feb 06,2010 Aug 02,2026 Apr 21,2025 Sep 13,139,10:00-19:00,Second Saturday,true,Consent letter,Director KYC extract,Shop registration extract,,,,
MDB-00204,CG-0060,Shops and Establishments,SHOPS-0060-1,Basava Industries Proprietorship,Proprietorship,CINTZ1060L,29CINTZ1060L1Z0,Asha Rao,records060@synthetic-setu.test,91-72460-20380,"Plot 70, Bannerghatta Rd, Bannerghatta Rd 560076",Bannerghatta Road,Bengaluru Urban,Karnataka,560076,Manufacturing,,SHOP-10060,,,,,,Active,2026 Apr 01,Asha Rao; Farhan Ahmed,A. Rao,,91-72460-20380,2011 Jan 31,2011 Jul 15,2026 Apr 11,2025 Sep 09,147,09:00-18:00,Sunday,true,Lease deed,,,,,,
MDB-00205,CG-0060,Factories,FACTORIES-0060-2,M/s Basava Industries Proprietorship,Proprietorship,CINTZ1060L,29NVCKS9220N1Z0,Kiran Kumar,records060@synthetic-setu.test,91-72460-20380,"No 70, Bannerghatta Road, Bannerghatta Road 560076",Bannerghatta Road,Bengaluru Urban,Karnataka,560076,Manufacturing,FAC-10060,,,,,,,Active,2026 Apr 12,Kiran Kumar; Farhan Ahmed,K. Kumar,,91-72460-20380,2011 Feb 11,2011 Aug 06,2026 Apr 22,2025 Sep 20,148,09:30-18:30,Monday,true,Property tax receipt,,Incorporation certificate,,,,
MDB-00206,CG-0060,Labour,LABOUR-0060-3,Basava Industries Proprietorship,Proprietorship,,,Meera Gowda,records060@synthetic-setu.test,91-72460-20380,"Plot 70, Bannerghatta Road, Bannerghatta Road 560076",Bannerghatta Road,Bengaluru Urban,Karnataka,560076,Manufacturing,,,LAB-10060,,,,,Active,2026 Apr 24,Meera Gowda; Farhan Ahmed,M. Gowda,,91-72460-20380,2011 Feb 23,2011 Aug 30,2026 May 04,2025 Oct 02,149,10:00-19:00,Second Saturday,true,Rent agreement,,Partnership deed,,,,
MDB-00207,CG-0060,KSPCB,KSPCB-0060-4,BASAVA INDUSTRIES PROPRIETORSHIP,Proprietorship,,,Farhan Ahmed,records060@synthetic-setu.test,91-72460-20380,"No 70, Bannerghatta Road, Bannerghatta Road 560076",Bannerghatta Road,Bengaluru Urban,Karnataka,560076,Manufacturing,,,,KSPCB-10060,,,,Dormant,2025 Oct 28,Farhan Ahmed; Farhan Ahmed,F. Ahmed,,91-72460-20380,2011 Mar 09,2011 Sep 27,2024 Apr 07,2024 Jan 04,150,Shift-based,Rotational,false,Utility bill,,Shop registration extract,,,,
MDB-00208,CG-0061,Shops and Establishments,SHOPS-0061-1,Chamundi Components Partnership,Partnership,CJOUA1061M,29CJOUA1061M1Z1,Prakash Hegde,records061@synthetic-setu.test,91-72501-20553,"Plot 71, Yelahanka Indl Area, Yelahanka 560064",Yelahanka,Bengaluru Urban,Karnataka,560064,Chemicals,,SHOP-10061,,,,,,Active,2026 Apr 08,Prakash Hegde; Sowmya Reddy,P. Hegde,"Demo residence 61, Bengaluru Urban, Karnataka",91-72501-20553,2012 Feb 17,2012 Aug 11,2026 Apr 24,2025 Sep 28,158,09:30-18:30,Monday,true,,,,,,,
MDB-00209,CG-0061,Factories,FACTORIES-0061-2,M/s Chamundi Components Partnership,Partnership,CJOUA1061M,29CJOUA1061M1Z1,Naveen Shetty,records061@synthetic-setu.test,91-72501-20553,"No 71, Yelahanka Industrial Area, Yelahanka 560064",Yelahanka,Bengaluru Urban,Karnataka,560064,Chemicals,FAC-10061,,,,,,,Active,2026 Apr 19,Naveen Shetty; Sowmya Reddy,N. Shetty,"Demo residence 61, Bengaluru Urban, Karnataka",91-72501-20553,2012 Feb 28,2012 Sep 02,2026 May 05,2025 Oct 09,159,10:00-19:00,Second Saturday,true,Lease deed,PAN card copy,Incorporation certificate,Lease deed,PLAN-10061,STAB-10061,
MDB-00210,CG-0061,Labour,LABOUR-0061-3,Chamundi Comp Partnership,Partnership,CJOUA1061M,29CJOUA1061M1Z1,Anita Nair,records061@synthetic-setu.test,91-72501-20553,"Plot 71, Yelahanka Industrial Area, Yelahanka 560064",Yelahanka,Bengaluru Urban,Karnataka,560064,Chemicals,,,LAB-10061,,,,,Dormant,2025 Oct 21,Anita Nair; Sowmya Reddy,A. Nair,"Demo residence 61, Bengaluru Urban, Karnataka",91-72501-20553,2012 Mar 11,2012 Sep 26,2024 Apr 06,2024 Jan 09,160,Shift-based,Rotational,true,Property tax receipt,Aadhaar reference copy,Partnership deed,,,,
MDB-00211,CG-0062,Shops and Establishments,SHOPS-0062-1,Rajatha Pharma LLP,LLP,CKPVB1062N,29CKPVB1062N1Z2,Divya Prasad,records062@synthetic-setu.test,91-72542-20726,"Plot 72, Whitefield Industrial Layout, Whitefield 560066",Whitefield,Bengaluru Urban,Karnataka,560066,Auto Components,,SHOP-10062,,,,,,Active,2026 Apr 15,Divya Prasad; Prakash Hegde,D. Prasad,"Demo residence 62, Bengaluru Urban, Karnataka",91-72542-20726,2013 Mar 06,2013 Sep 09,2026 May 07,2025 Oct 17,168,09:30-18:30,Monday,true,Utility bill,Partnership deed,Factory licence application,,,,
MDB-00212,CG-0062,Factories,FACTORIES-0062-2,M/s Rajatha Pharma LLP,LLP,CKPVB1062N,29CKPVB1062N1Z2,Mohammed Sameer,records062@synthetic-setu.test,91-72542-20726,"No 72, Whitefield Industrial Layout, Whitefield 560066",Whitefield,Bengaluru Urban,Karnataka,560066,Auto Components,FAC-10062,,,,,,,Dormant,2025 Oct 16,Mohammed Sameer; Prakash Hegde,M. Sameer,"Demo residence 62, Bengaluru Urban, Karnataka",91-72542-20726,2013 Mar 17,2013 Oct 01,2024 Apr 07,2024 Jan 16,169,10:00-19:00,Second Saturday,true,Consent letter,,,Lease deed,PLAN-10062,STAB-10062,
MDB-00213,CG-0062,Labour,LABOUR-0062-3,Rajatha Pharma LLP,LLP,CKPVB1062N,29CKPVB1062N1Z2,Sunita Patil,records062@synthetic-setu.test,91-72542-20726,"Plot 72, Whitefield Industrial Layout, Whitefield 560066",Whitefield,Bengaluru Urban,Karnataka,560066,Auto Components,,,LAB-10062,,,,,Closed,2025 Feb 06,Sunita Patil; Prakash Hegde,S. Patil,"Demo residence 62, Bengaluru Urban, Karnataka",91-72542-20726,2013 Mar 29,2013 Oct 25,2022 Mar 21,2022 Sep 09,170,Shift-based,Rotational,false,,PAN card copy,Incorporation certificate,,,,
MDB-00214,CG-0063,Shops and Establishments,SHOPS-0063-1,Hemavathi Works Pvt Ltd,Pvt Ltd,CLQWC1063O,29CLQWC1063O1Z3,Kiran Kumar,,91-72583-20899,"Plot 73, Marathahalli Outer Ring Rd, Marathahalli 560037",Marathahalli,Bengaluru Urban,Karnataka,560037,Retail,,SHOP-10063,,,,,,Dormant,2025 Oct 12,Kiran Kumar; Naveen Shetty,K. Kumar,"Demo residence 63, Bengaluru Urban, Karnataka",91-72583-20899,2014 Mar 23,2014 Oct 07,2024 Apr 09,2024 Jan 24,178,09:30-18:30,Monday,false,,Director KYC extract,Shop registration extract,,,,
MDB-00215,CG-0063,Factories,FACTORIES-0063-2,M/s Hemavathi Works Pvt Ltd,Pvt Ltd,CLQWC1063O,29CLQWC1063O1Z3,Meera Gowda,,91-72583-20899,"No 73, Marathahalli Outer Ring Road, Marathahalli 560037",Marathahalli,Bengaluru Urban,Karnataka,560037,Retail,FAC-10063,,,,,,,Closed,2025 Feb 01,Meera Gowda; Naveen Shetty,M. Gowda,"Demo residence 63, Bengaluru Urban, Karnataka",91-72583-20899,2014 Apr 03,2014 Oct 29,2022 Mar 22,2022 Sep 16,179,10:00-19:00,Second Saturday,false,,Partnership deed,Factory licence application,Lease deed,PLAN-10063,STAB-10063,
MDB-00216,CG-0063,BESCOM,BESCOM-0063-3,Hemavathi Works Pvt Ltd,Pvt Ltd,,,Farhan Ahmed,,91-72583-20899,"Plot 73, Marathahalli Outer Ring Road, Marathahalli 560037",Marathahalli,Bengaluru Urban,Karnataka,560037,Retail,,,,,BESCOM-10063,,,Active,2026 Apr 01,Farhan Ahmed; Naveen Shetty,F. Ahmed,"Demo residence 63, Bengaluru Urban, Karnataka",91-72583-20899,2014 May 11,2014 Jul 17,2026 Jan 19,2025 Dec 24,180,Shift-based,Rotational,true,,,Utility service connection record,,,,
MDB-00217,CG-0064,Shops and Establishments,SHOPS-0064-1,Kaveri Tools Public Ltd,Public Ltd,CMRXD1064P,29CMRXD1064P1Z4,Prakash Hegde,records064@synthetic-setu.test,91-72624-21072,"Plot 74, Peenya Indl Area, Peenya 560058",Peenya,Bengaluru Urban,Karnataka,560058,Textiles,,SHOP-10064,,,,,,Closed,2025 Jan 28,Prakash Hegde; Anita Nair,P. Hegde,"Demo residence 64, Bengaluru Urban, Karnataka",91-72624-21072,2015 Apr 09,2015 Nov 04,2022 Mar 24,2022 Sep 24,188,09:30-18:30,Monday,false,,Aadhaar reference copy,,,,,
MDB-00218,CG-0064,Factories,FACTORIES-0064-2,M/s Kaveri Tools Public Ltd,Public Ltd,CMRXD1064P,29CMRXD1064P1Z4,Naveen Shetty,records064@synthetic-setu.test,91-72624-21072,"No 74, Peenya Industrial Area, Peenya 560058",Peenya,Bengaluru Urban,Karnataka,560058,Textiles,FAC-10064,,,,,,,Active,2026 Apr 05,Naveen Shetty; Anita Nair,N. Shetty,"Demo residence 64, Bengaluru Urban, Karnataka",91-72624-21072,2015 Apr 20,2015 Nov 26,2026 Jun 13,2025 Dec 05,189,10:00-19:00,Second Saturday,true,Lease deed,Director KYC extract,,Lease deed,PLAN-10064,,
MDB-00219,CG-0064,Labour,LABOUR-0064-3,Kaveri Tools Public Ltd,Public Ltd,CMRXD1064P,,Anita Nair,records064@synthetic-setu.test,91-72624-21072,"Plot 74, Peenya Industrial Area, Peenya 560058",Peenya,Bengaluru Urban,Karnataka,560058,Textiles,,,LAB-10064,,,,,Active,2026 Apr 17,Anita Nair; Anita Nair,A. Nair,"Demo residence 64, Bengaluru Urban, Karnataka",91-72624-21072,2015 May 02,2015 Jun 23,2026 Jan 06,2025 Dec 17,190,Shift-based,Rotational,true,Property tax receipt,Partnership deed,,,,,
MDB-00220,CG-0065,Shops and Establishments,SHOPS-0065-1,Malnad Logistics Enterprises,Other,CNSYE1065Q,29CNSYE1065Q1Z5,Divya Prasad,records065@synthetic-setu.test,91-72665-21245,"Plot 75, MG Rd, Bengaluru Central 560001",Bengaluru Central,Bengaluru Urban,Karnataka,560001,Pharma,,SHOP-10065,,,,,,Active,2026 Apr 01,Divya Prasad; Raghavendra Murthy,D. Prasad,"Demo residence 65, Bengaluru Urban, Karnataka",91-72665-21245,2016 Apr 25,2016 Dec 01,2026 Jun 15,2025 Dec 13,198,09:30-18:30,Monday,true,Utility bill,PAN card copy,Incorporation certificate,,,,
MDB-00221,CG-0065,Factories,FACTORIES-0065-2,M/s Malnad Logistics Enterprises,Other,CNSYE1065Q,29CNSYE1065Q1Z5,Mohammed Sameer,records065@synthetic-setu.test,91-72665-21245,"No 75, MG Road, Bengaluru Central 560001",Bengaluru Central,Bengaluru Urban,Karnataka,560001,Pharma,FAC-10065,,,,,,,Active,2026 Apr 12,Mohammed Sameer; Raghavendra Murthy,M. Sameer,"Demo residence 65, Bengaluru Urban, Karnataka",91-72665-21245,2016 May 06,2016 Jun 26,2026 Jan 07,2025 Dec 24,199,10:00-19:00,Second Saturday,true,Consent letter,Aadhaar reference copy,Partnership deed,Lease deed,,STAB-10065,
MDB-00222,CG-0065,Labour,LABOUR-0065-3,Malnad Logistics Enterprises,Other,,29CNSYE1065Q1Z5,Sunita Patil,records065@synthetic-setu.test,91-72665-21245,"Plot 75, MG Road, Bengaluru Central 560001",Bengaluru Central,Bengaluru Urban,Karnataka,560001,Pharma,,,LAB-10065,,,,,Active,2026 Apr 24,Sunita Patil; Raghavendra Murthy,S. Patil,"Demo residence 65, Bengaluru Urban, Karnataka",91-72665-21245,2016 May 18,2016 Jul 20,2026 Jan 19,2026 Jan 05,200,Shift-based,Rotational,true,,Director KYC extract,Shop registration extract,,,,
MDB-00223,CG-0065,KSPCB,KSPCB-0065-4,MALNAD LOGISTICS ENTERPRISES,Other,CNSYE1065Q,29CNSYE1065Q1Z5,Asha Rao,records065@synthetic-setu.test,91-72665-21245,"No 75, MG Road, Bengaluru Central 560001",Bengaluru Central,Bengaluru Urban,Karnataka,560001,Pharma,,,,KSPCB-10065,,,,Dormant,2025 Dec 02,Asha Rao; Raghavendra Murthy,A. Rao,"Demo residence 65, Bengaluru Urban, Karnataka",91-72665-21245,2016 Jun 01,2016 Aug 17,2024 Jun 11,2024 Apr 08,201,09:00-18:00,Sunday,true,Lease deed,Partnership deed,Factory licence application,,,,
MDB-00224,CG-0066,Shops and Establishments,SHOPS-0066-1,Vijaya Retail Proprietorship,Proprietorship,COTZF1066R,,Meera Gowda,records066@synthetic-setu.test,91-72706-21418,"Plot 76, Bommanahalli Indl Area, Bommanahalli 560068",Bommanahalli,Bengaluru Urban,Karnataka,560068,Packaging,,SHOP-10066,,,,,,Active,2026 Apr 08,Meera Gowda; Divya Prasad,M. Gowda,"Demo residence 66, Bengaluru Urban, Karnataka",91-72706-21418,2017 May 13,2017 Jul 03,2026 Jan 09,2026 Jan 01,209,10:00-19:00,Second Saturday,true,Rent agreement,,Incorporation certificate,,,,
MDB-00225,CG-0066,Factories,FACTORIES-0066-2,M/s Vijaya Retail Proprietorship,Proprietorship,COTZF1066R,29COTZF1066R1Z6,Farhan Ahmed,records066@synthetic-setu.test,91-72706-21418,"No 76, Bommanahalli Industrial Area, Bommanahalli 560068",Bommanahalli,Bengaluru Urban,Karnataka,560068,Packaging,FAC-10066,,,,,,,Active,2026 Apr 19,Farhan Ahmed; Divya Prasad,F. Ahmed,"Demo residence 66, Bengaluru Urban, Karnataka",91-72706-21418,2017 May 24,2017 Jul 25,2026 Jan 20,2026 Jan 12,210,Shift-based,Rotational,true,Utility bill,,Partnership deed,,PLAN-10066,STAB-10066,
MDB-00226,CG-0066,BWSSB,BWSSB-0066-3,Vijaya Retail Proprietorship,Proprietorship,,,Sowmya Reddy,,91-72706-21418,"Plot 76, Bommanahalli Industrial Area, Bommanahalli 560068",Bommanahalli,Bengaluru Urban,Karnataka,560068,Packaging,,,,,,BWSSB-10066,,Dormant,2025 Sep 24,Sowmya Reddy; Divya Prasad,S. Reddy,"Demo residence 66, Bengaluru Urban, Karnataka",91-72706-21418,2017 Jul 13,2017 Nov 02,2024 Jul 18,2024 May 21,211,09:00-18:00,Sunday,false,Consent letter,,Utility service connection record,,,,
MDB-00227,CG-0067,Shops and Establishments,SHOPS-0067-1,Hoysala Exports Partnership,Partnership,CPUAG1067S,29CPUAG1067S1Z7,Naveen Shetty,records067@synthetic-setu.test,91-72747-21591,"Plot 77, Electronic City Phase 2, Electronic City 560100",Electronic City,Bengaluru Urban,Karnataka,560100,Precision Tools,,SHOP-10067,,,,,,Active,2026 Apr 15,Naveen Shetty; Mohammed Sameer,N. Shetty,"Demo residence 67, Bengaluru Urban, Karnataka",91-72747-21591,2018 May 30,2018 Jul 31,2026 Jan 22,2026 Jan 20,219,10:00-19:00,Second Saturday,true,Lease deed,,,,,,
MDB-00228,CG-0067,Factories,FACTORIES-0067-2,M/s Hoysala Exports Partnership,Partnership,CPUAG1067S,29CPUAG1067S1Z7,Anita Nair,records067@synthetic-setu.test,91-72747-21591,"No 77, Electronic City Phase 2, Electronic City 560100",Electronic City,Bengaluru Urban,Karnataka,560100,Precision Tools,FAC-10067,,,,,,,Dormant,2025 Nov 20,Anita Nair; Mohammed Sameer,A. Nair,"Demo residence 67, Bengaluru Urban, Karnataka",91-72747-21591,2018 Jun 10,2018 Aug 22,2024 Jun 11,2024 Apr 20,220,Shift-based,Rotational,true,Property tax receipt,PAN card copy,Incorporation certificate,Lease deed,PLAN-10067,STAB-10067,
MDB-00229,CG-0067,Labour,LABOUR-0067-3,Hoysala Exports Partnership,Partnership,CPUAG1067S,29CPUAG1067S1Z7,Raghavendra Murthy,records067@synthetic-setu.test,91-72747-21591,"Plot 77, Electronic City Phase 2, Electronic City 560100",Electronic City,Bengaluru Urban,Karnataka,560100,Precision Tools,,,LAB-10067,,,,,Closed,2024 Nov 13,Raghavendra Murthy; Mohammed Sameer,R. Murthy,"Demo residence 67, Bengaluru Urban, Karnataka",91-72747-21591,2018 Jun 22,2018 Sep 15,2022 May 25,2022 Dec 13,221,09:00-18:00,Sunday,false,Rent agreement,Aadhaar reference copy,Partnership deed,,,,
MDB-00230,CG-0068,Shops and Establishments,SHOPS-0068-1,Mysore Electronics LLP,LLP,CQVBH1068T,29CQVBH1068T1Z8,Mohammed Sameer,records068@synthetic-setu.test,91-72788-21764,"Plot 78, Bannerghatta Rd, Bannerghatta Rd 560076",Bannerghatta Road,Bengaluru Urban,Karnataka,560076,Logistics,,SHOP-10068,,,,,,Dormant,2025 Nov 16,Mohammed Sameer; Sunita Patil,M. Sameer,"Demo residence 68, Bengaluru Urban, Karnataka",91-72788-21764,2019 Jun 16,2019 Aug 28,2024 Jun 13,2024 Apr 28,229,,Second Saturday,true,Consent letter,Partnership deed,Factory licence application,,,,
MDB-00231,CG-0068,Factories,FACTORIES-0068-2,M/s Mysore Electronics LLP,LLP,,29CQVBH1068T1Z8,Sunita Patil,records068@synthetic-setu.test,91-72788-21764,"No 78, Bannerghatta Road, Bannerghatta Road 560076",Bannerghatta Road,Bengaluru Urban,Karnataka,560076,Logistics,FAC-10068,,,,,,,Closed,2024 Nov 08,Sunita Patil; Sunita Patil,S. Patil,"Demo residence 68, Bengaluru Urban, Karnataka",91-72788-21764,2019 Jun 27,2019 Sep 19,2022 May 26,2022 Apr 04,230,,Rotational,false,,,,Lease deed,PLAN-10068,,
MDB-00232,CG-0068,Labour,LABOUR-0068-3,Mysore Electronix LLP,LLP,CQVBH1068T,29CQVBH1068T1Z8,Asha Rao,records068@synthetic-setu.test,91-72788-21764,"Plot 78, Bannerghatta Road, Bannerghatta Road 560076",Bannerghatta Road,Bengaluru Urban,Karnataka,560076,Logistics,,,LAB-10068,,,,,Active,2026 Apr 10,Asha Rao; Sunita Patil,A. Rao,"Demo residence 68, Bengaluru Urban, Karnataka",91-72788-21764,2019 Jul 09,2019 Oct 13,2026 Feb 27,2025 Jun 16,231,,Sunday,true,Lease deed,PAN card copy,Incorporation certificate,,,,
MDB-00233,CG-0069,Shops and Establishments,SHOPS-0069-1,Bengaluru Systems Pvt Ltd,Pvt Ltd,CRWCI1069U,29CRWCI1069U1Z9,Meera Gowda,records069@synthetic-setu.test,91-72829-21937,"Plot 79, Yelahanka Indl Area, Yelahanka 560064",Yelahanka,Bengaluru Urban,Karnataka,560064,Food Processing,,SHOP-10069,,,,,,Closed,2024 Nov 04,Meera Gowda; Asha Rao,M. Gowda,"Demo residence 69, Bengaluru Urban, Karnataka",91-72829-21937,2020 Jul 02,2020 Sep 24,2022 May 28,2022 Apr 12,239,10:00-19:00,Second Saturday,false,Rent agreement,Director KYC extract,Shop registration extract,,,,
MDB-00234,CG-0069,Factories,FACTORIES-0069-2,M/s Bengaluru Systems Pvt Ltd,Pvt Ltd,CRWCI1069U,29CRWCI1069U1Z9,Farhan Ahmed,records069@synthetic-setu.test,91-72829-21937,"No 79, Yelahanka Industrial Area, Yelahanka 560064",Yelahanka,Bengaluru Urban,Karnataka,560064,Food Processing,FAC-10069,,,,,,,Active,2026 Apr 05,Farhan Ahmed; Asha Rao,F. Ahmed,"Demo residence 69, Bengaluru Urban, Karnataka",91-72829-21937,2020 Jul 13,2020 Oct 16,2026 Feb 28,2025 Jun 23,240,Shift-based,Rotational,true,Utility bill,Partnership deed,Factory licence application,Lease deed,PLAN-10069,STAB-10069,
MDB-00235,CG-0069,Labour,LABOUR-0069-3,Bengaluru Systems Pvt Ltd,Pvt Ltd,CRWCI1069U,,Sowmya Reddy,records069@synthetic-setu.test,91-72829-21937,"Plot 79, Yelahanka Industrial Area, Yelahanka 560064",Yelahanka,Bengaluru Urban,Karnataka,560064,Food Processing,,,LAB-10069,,,,,Active,2026 Apr 17,Sowmya Reddy; Asha Rao,S. Reddy,"Demo residence 69, Bengaluru Urban, Karnataka",91-72829-21937,2020 Jul 25,2020 Nov 09,2026 Mar 12,2025 Jul 05,241,09:00-18:00,Sunday,true,Consent letter,,,,,,
MDB-00236,CG-0070,Shops and Establishments,SHOPS-0070-1,Karnataka Fabricators Public Ltd,Public Ltd,CSXDJ1070V,29CSXDJ1070V1Z0,Naveen Shetty,records070@synthetic-setu.test,91-72870-22110,"Plot 80, Whitefield Industrial Layout, Whitefield 560066",Whitefield,Bengaluru Urban,Karnataka,560066,IT Services,,SHOP-10070,,,,,,Active,2026 Apr 01,Naveen Shetty; Kiran Kumar,N. Shetty,,91-72870-22110,2007 Jul 20,2007 Oct 23,2026 Mar 02,2025 Jul 01,9,10:00-19:00,Second Saturday,true,,Aadhaar reference copy,Partnership deed,,,,
MDB-00237,CG-0070,Factories,FACTORIES-0070-2,M/s Karnataka Fabricators Public Ltd,Public Ltd,CSXDJ1070V,29CSXDJ1070V1Z0,Anita Nair,records070@synthetic-setu.test,91-72870-22110,"No 80, Whitefield Industrial Layout, Whitefield 560066",Whitefield,Bengaluru Urban,Karnataka,560066,IT Services,FAC-10070,,,,,,,Active,2026 Apr 12,Anita Nair; Kiran Kumar,A. Nair,,91-72870-22110,2007 Jul 31,2007 Nov 14,2026 Mar 13,2025 Jul 12,10,Shift-based,Rotational,true,,Director KYC extract,Shop registration extract,Lease deed,,STAB-10070,
MDB-00238,CG-0070,Labour,LABOUR-0070-3,Karnataka Fabricators Public Ltd,Public Ltd,,29CSXDJ1070V1Z0,Raghavendra Murthy,records070@synthetic-setu.test,91-72870-22110,"Plot 80, Whitefield Industrial Layout, Whitefield 560066",Whitefield,Bengaluru Urban,Karnataka,560066,IT Services,,,LAB-10070,,,,,Active,2026 Apr 24,Raghavendra Murthy; Kiran Kumar,R. Murthy,,91-72870-22110,2007 Aug 12,2007 Dec 08,2026 Mar 25,2025 Jul 24,11,09:00-18:00,Sunday,true,,Partnership deed,Factory licence application,,,,
MDB-00239,CG-0070,BESCOM,BESCOM-0070-4,KARNATAKA FABRICATORS PUBLIC LTD,Public Ltd,CSXDJ1070V,,Divya Prasad,records070@synthetic-setu.test,91-72870-22110,"No 80, Whitefield Industrial Layout, Whitefield 560066",Whitefield,Bengaluru Urban,Karnataka,560066,IT Services,,,,,BESCOM-10070,,,Dormant,2025 Oct 10,Divya Prasad; Kiran Kumar,D. Prasad,,91-72870-22110,2007 Sep 07,2008 Jan 29,2024 Aug 27,2023 Aug 29,12,09:30-18:30,Monday,true,,,Utility service connection record,,,,
MDB-00240,CG-0071,Shops and Establishments,SHOPS-0071-1,Sampige Packaging Enterprises,Other,CTYEK1071W,29CTYEK1071W1Z1,Sunita Patil,records071@synthetic-setu.test,91-72911-22283,"Plot 81, Marathahalli Outer Ring Rd, Marathahalli 560037",Marathahalli,Bengaluru Urban,Karnataka,560037,Electronics,,SHOP-10071,,,,,,Active,2026 Apr 08,Sunita Patil; Meera Gowda,S. Patil,"Demo residence 71, Bengaluru Urban, Karnataka",91-72911-22283,2008 Aug 05,2008 Nov 19,2026 Mar 15,2025 Jul 20,20,Shift-based,Rotational,true,,Aadhaar reference copy,Partnership deed,,,,
MDB-00241,CG-0071,Factories,FACTORIES-0071-2,M/s Sampige Packaging Enterprises,Other,CTYEK1071W,29CTYEK1071W1Z1,Asha Rao,records071@synthetic-setu.test,91-72911-22283,"No 81, Marathahalli Outer Ring Road, Marathahalli 560037",Marathahalli,Bengaluru Urban,Karnataka,560037,Electronics,FAC-10071,,,,,,,Active,2026 Apr 19,Asha Rao; Meera Gowda,A. Rao,"Demo residence 71, Bengaluru Urban, Karnataka",91-72911-22283,2008 Aug 16,2008 Dec 11,2026 Mar 26,2025 Jul 31,21,09:00-18:00,Sunday,true,Lease deed,Director KYC extract,Shop registration extract,Lease deed,PLAN-10071,STAB-10071,
MDB-00242,CG-0071,Labour,LABOUR-0071-3,Sampige Packaging Enterprises,Other,CTYEK1071W,29CTYEK1071W1Z1,Kiran Kumar,records071@synthetic-setu.test,91-72911-22283,"Plot 81, Marathahalli Outer Ring Road, Marathahalli 560037",Marathahalli,Bengaluru Urban,Karnataka,560037,Electronics,,,LAB-10071,,,,,Dormant,2025 Sep 21,Kiran Kumar; Meera Gowda,K. Kumar,"Demo residence 71, Bengaluru Urban, Karnataka",91-72911-22283,2008 Aug 28,2009 Jan 04,2024 Aug 14,2023 Aug 22,22,09:30-18:30,Monday,true,Property tax receipt,Partnership deed,Factory licence application,,,,
MDB-00243,CG-0072,Shops and Establishments,SHOPS-0072-1,Deccan Textiles Proprietorship,Proprietorship,CUZFL1072X,29CUZFL1072X1Z2,Farhan Ahmed,,91-72952-22456,"Plot 82, Peenya Indl Area, Peenya 560058",Peenya,Bengaluru Urban,Karnataka,560058,Manufacturing,,SHOP-10072,,,,,,Active,2026 Apr 15,Farhan Ahmed; Farhan Ahmed,F. Ahmed,"Demo residence 72, Bengaluru Urban, Karnataka",91-72952-22456,2009 Aug 23,2009 Dec 18,2026 Mar 28,2025 Aug 08,30,Shift-based,Rotational,true,Utility bill,,,,,,
MDB-00244,CG-0072,Factories,FACTORIES-0072-2,M/s Deccan Textiles Proprietorship,Proprietorship,CUZFL1072X,29CUZFL1072X1Z2,Sowmya Reddy,,91-72952-22456,"No 82, Peenya Industrial Area, Peenya 560058",Peenya,Bengaluru Urban,Karnataka,560058,Manufacturing,FAC-10072,,,,,,,Dormant,2025 Sep 16,Sowmya Reddy; Farhan Ahmed,S. Reddy,"Demo residence 72, Bengaluru Urban, Karnataka",91-72952-22456,2009 Sep 03,2010 Jan 09,2024 Aug 15,2023 Aug 29,31,09:00-18:00,Sunday,false,Consent letter,,,,PLAN-10072,,
MDB-00245,CG-0072,Labour,LABOUR-0072-3,Deccan Textiles Proprietorship,Proprietorship,CUZFL1072X,,Prakash Hegde,,91-72952-22456,"Plot 82, Peenya Industrial Area, Peenya 560058",Peenya,Bengaluru Urban,Karnataka,560058,Manufacturing,,,LAB-10072,,,,,Closed,2024 Dec 18,Prakash Hegde; Farhan Ahmed,P. Hegde,"Demo residence 72, Bengaluru Urban, Karnataka",91-72952-22456,2009 Sep 15,2010 Feb 02,2022 Jul 29,2022 Jul 01,32,09:30-18:30,Monday,false,,,,,,,
MDB-00246,CG-0073,Shops and Establishments,SHOPS-0073-1,Sahyadri Devices Partnership,Partnership,CVAGM1073Y,29CVAGM1073Y1Z3,Anita Nair,records073@synthetic-setu.test,91-72993-22629,"Plot 83, MG Rd, Bengaluru Central 560001",Bengaluru Central,Bengaluru Urban,Karnataka,560001,Chemicals,,SHOP-10073,,,,,,Dormant,2025 Sep 12,Anita Nair; Sowmya Reddy,A. Nair,"Demo residence 73, Bengaluru Urban, Karnataka",91-72993-22629,2010 Sep 09,2011 Jan 15,2024 Aug 17,2023 Sep 06,40,Shift-based,Rotational,true,Property tax receipt,,,,,,
MDB-00247,CG-0073,Factories,FACTORIES-0073-2,M/s Sahyadri Devices Partnership,Partnership,CVAGM1073Y,29CVAGM1073Y1Z3,Raghavendra Murthy,records073@synthetic-setu.test,91-72993-22629,"No 83, MG Road, Bengaluru Central 560001",Bengaluru Central,Bengaluru Urban,Karnataka,560001,Chemicals,FAC-10073,,,,,,,Closed,2024 Dec 13,Raghavendra Murthy; Sowmya Reddy,R. Murthy,"Demo residence 73, Bengaluru Urban, Karnataka",91-72993-22629,2010 Sep 20,2011 Feb 06,2022 Jul 30,2022 Jul 08,41,09:00-18:00,Sunday,false,Rent agreement,PAN card copy,Incorporation certificate,Lease deed,PLAN-10073,STAB-10073,
MDB-00248,CG-0073,Labour,LABOUR-0073-3,Sahyadri Devices Partnership,Partnership,CVAGM1073Y,29CVAGM1073Y1Z3,Divya Prasad,records073@synthetic-setu.test,91-72993-22629,"Plot 83, MG Road, Bengaluru Central 560001",Bengaluru Central,Bengaluru Urban,Karnataka,560001,Chemicals,,,LAB-10073,,,,,Active,2026 Apr 10,Divya Prasad; Sowmya Reddy,D. Prasad,"Demo residence 73, Bengaluru Urban, Karnataka",91-72993-22629,2010 Oct 02,2011 Mar 02,2026 May 03,2025 Sep 19,42,09:30-18:30,Monday,true,Utility bill,Aadhaar reference copy,Partnership deed,,,,
MDB-00249,CG-0074,Shops and Establishments,SHOPS-0074-1,Namma Foods LLP,LLP,CWBHN1074Z,29CWBHN1074Z1Z4,Sunita Patil,records074@synthetic-setu.test,91-73034-22802,"Plot 84, Bommanahalli Indl Area, Bommanahalli 560068",Bommanahalli,Bengaluru Urban,Karnataka,560068,Auto Components,,SHOP-10074,,,,,,Closed,2024 Dec 09,Sunita Patil; Prakash Hegde,S. Patil,"Demo residence 74, Bengaluru Urban, Karnataka",91-73034-22802,2011 Sep 26,2012 Feb 12,2022 Aug 01,2022 Jul 16,50,Shift-based,Rotational,false,,Partnership deed,Factory licence application,,,,
MDB-00250,CG-0074,Factories,FACTORIES-0074-2,M/s Namma Foods LLP,LLP,CWBHN1074Z,29CWBHN1074Z1Z4,Asha Rao,records074@synthetic-setu.test,91-73034-22802,"No 84, Bommanahalli Industrial Area, Bommanahalli 560068",Bommanahalli,Bengaluru Urban,Karnataka,560068,Auto Components,FAC-10074,,,,,,,Active,2026 Apr 05,Asha Rao; Prakash Hegde,A. Rao,"Demo residence 74, Bengaluru Urban, Karnataka",91-73034-22802,2011 Oct 07,2012 Mar 05,2026 May 04,2025 Sep 26,51,09:00-18:00,Sunday,true,Lease deed,,,Lease deed,PLAN-10074,STAB-10074,
MDB-00251,CG-0074,Labour,LABOUR-0074-3,Namma Foods LLP,LLP,CWBHN1074Z,29CWBHN1074Z1Z4,Kiran Kumar,records074@synthetic-setu.test,91-73034-22802,"Plot 84, Bommanahalli Industrial Area, Bommanahalli 560068",Bommanahalli,Bengaluru Urban,Karnataka,560068,Auto Components,,,LAB-10074,,,,,Active,2026 Apr 17,Kiran Kumar; Prakash Hegde,K. Kumar,"Demo residence 74, Bengaluru Urban, Karnataka",91-73034-22802,2011 Oct 19,2012 Mar 29,2026 May 16,2025 Oct 08,52,09:30-18:30,Monday,true,Property tax receipt,PAN card copy,Incorporation certificate,,,,
MDB-00252,CG-0075,Shops and Establishments,SHOPS-0075-1,Udaya Chemicals Pvt Ltd,Pvt Ltd,CXCIO1075A,29CXCIO1075A1Z5,Farhan Ahmed,records075@synthetic-setu.test,91-73075-22975,"Plot 85, Electronic City Phase 2, Electronic City 560100",Electronic City,Bengaluru Urban,Karnataka,560100,Retail,,SHOP-10075,,,,,,Active,2026 Apr 01,Farhan Ahmed; Naveen Shetty,F. Ahmed,"Demo residence 75, Bengaluru Urban, Karnataka",91-73075-22975,2012 Oct 12,2013 Mar 11,2026 May 06,2025 Oct 04,60,Shift-based,Rotational,true,Utility bill,Director KYC extract,Shop registration extract,,,,
MDB-00253,CG-0075,Factories,FACTORIES-0075-2,M/s Udaya Chemicals Pvt Ltd,Pvt Ltd,CXCIO1075A,29DLTAH2275K1Z5,Sowmya Reddy,records075@synthetic-setu.test,91-73075-22975,"No 85, Electronic City Phase 2, Electronic City 560100",Electronic City,Bengaluru Urban,Karnataka,560100,Retail,FAC-10075,,,,,,,Active,2026 Apr 12,Sowmya Reddy; Naveen Shetty,S. Reddy,"Demo residence 75, Bengaluru Urban, Karnataka",91-73075-22975,2012 Oct 23,2013 Apr 02,2026 May 17,2025 Oct 15,61,09:00-18:00,Sunday,true,Consent letter,Partnership deed,Factory licence application,Lease deed,,STAB-10075,
MDB-00254,CG-0075,Labour,LABOUR-0075-3,Udaya Chemicals Pvt Ltd,Pvt Ltd,,,Prakash Hegde,records075@synthetic-setu.test,91-73075-22975,"Plot 85, Electronic City Phase 2, Electronic City 560100",Electronic City,Bengaluru Urban,Karnataka,560100,Retail,,,LAB-10075,,,,,Active,2026 Apr 24,Prakash Hegde; Naveen Shetty,P. Hegde,"Demo residence 75, Bengaluru Urban, Karnataka",91-73075-22975,2012 Nov 04,2013 Apr 26,2026 May 29,2025 Oct 27,62,09:30-18:30,Monday,true,,,,,,,
MDB-00255,CG-0075,KSPCB,KSPCB-0075-4,UDAYA CHEMICALS PVT LTD,Pvt Ltd,CXCIO1075A,29CXCIO1075A1Z5,Naveen Shetty,records075@synthetic-setu.test,91-73075-22975,"No 85, Electronic City Phase 2, Electronic City 560100",Electronic City,Bengaluru Urban,Karnataka,560100,Retail,,,,KSPCB-10075,,,,Dormant,2025 Nov 02,Naveen Shetty; Naveen Shetty,N. Shetty,"Demo residence 75, Bengaluru Urban, Karnataka",91-73075-22975,2012 Nov 18,2013 May 24,2024 Feb 22,2023 Nov 20,63,10:00-19:00,Second Saturday,false,Lease deed,PAN card copy,Incorporation certificate,,,,
MDB-00256,CG-0076,Shops and Establishments,SHOPS-0076-1,Basava Industries Public Ltd,Public Ltd,WDLTA7412E,29CYDJP1076B1Z6,Raghavendra Murthy,records076@synthetic-setu.test,91-73116-23148,"Plot 86, Bannerghatta Rd, Bannerghatta Rd 560076",Bannerghatta Road,Bengaluru Urban,Karnataka,560076,Textiles,,SHOP-10076,,,,,,Active,2026 Apr 08,Raghavendra Murthy; Anita Nair,R. Murthy,"Demo residence 76, Bengaluru Urban, Karnataka",91-73116-23148,2013 Oct 30,2014 Apr 09,2026 May 19,2025 Oct 23,71,09:00-18:00,Sunday,true,Rent agreement,Director KYC extract,Shop registration extract,,,,
MDB-00257,CG-0076,Factories,FACTORIES-0076-2,M/s Basava Industries Public Ltd,Public Ltd,CYDJP1076B,29CYDJP1076B1Z6,Divya Prasad,records076@synthetic-setu.test,91-73116-23148,"No 86, Bannerghatta Road, Bannerghatta Road 560076",Bannerghatta Road,Bengaluru Urban,Karnataka,560076,Textiles,FAC-10076,,,,,,,Active,2026 Apr 19,Divya Prasad; Anita Nair,D. Prasad,"Demo residence 76, Bengaluru Urban, Karnataka",91-73116-23148,2013 Nov 10,2014 May 01,2026 May 30,2025 Nov 03,72,09:30-18:30,Monday,true,Utility bill,Partnership deed,Factory licence application,Lease deed,PLAN-10076,,
MDB-00258,CG-0076,Labour,LABOUR-0076-3,Basava Industries Public Ltd,Public Ltd,CYDJP1076B,29CYDJP1076B1Z6,Mohammed Sameer,records076@synthetic-setu.test,91-73116-23148,"Plot 86, Bannerghatta Road, Bannerghatta Road 560076",Bannerghatta Road,Bengaluru Urban,Karnataka,560076,Textiles,,,LAB-10076,,,,,Dormant,2025 Oct 26,Mohammed Sameer; Anita Nair,M. Sameer,"Demo residence 76, Bengaluru Urban, Karnataka",91-73116-23148,2013 Nov 22,2014 May 25,2024 Feb 21,2023 Nov 25,73,10:00-19:00,Second Saturday,true,Consent letter,,,,,,
MDB-00259,CG-0077,Shops and Establishments,SHOPS-0077-1,Chamundi Components Enterprises,Other,CZEKQ1077C,,Asha Rao,records077@synthetic-setu.test,91-73157-23321,"Plot 87, Yelahanka Indl Area, Yelahanka 560064",Yelahanka,Bengaluru Urban,Karnataka,560064,Pharma,,SHOP-10077,,,,,,Active,2026 Apr 15,Asha Rao; Raghavendra Murthy,A. Rao,"Demo residence 77, Bengaluru Urban, Karnataka",91-73157-23321,2014 Nov 16,2015 May 07,2026 Jun 01,2025 Nov 11,81,09:00-18:00,Sunday,true,,Aadhaar reference copy,Partnership deed,,,,
MDB-00260,CG-0077,Factories,FACTORIES-0077-2,M/s Chamundi Components Enterprises,Other,CZEKQ1077C,29CZEKQ1077C1Z7,Kiran Kumar,records077@synthetic-setu.test,91-73157-23321,"No 87, Yelahanka Industrial Area, Yelahanka 560064",Yelahanka,Bengaluru Urban,Karnataka,560064,Pharma,FAC-10077,,,,,,,Dormant,2025 Oct 21,Kiran Kumar; Raghavendra Murthy,K. Kumar,"Demo residence 77, Bengaluru Urban, Karnataka",91-73157-23321,2014 Jan 01,2014 Jul 03,2024 Feb 22,2023 Dec 02,82,09:30-18:30,Monday,true,,Director KYC extract,Shop registration extract,Lease deed,PLAN-10077,STAB-10077,
MDB-00261,CG-0077,BWSSB,BWSSB-0077-3,Chamundi Comp Enterprises,Other,,29CZEKQ1077C1Z7,Meera Gowda,records077@synthetic-setu.test,91-73157-23321,"Plot 87, Yelahanka Industrial Area, Yelahanka 560064",Yelahanka,Bengaluru Urban,Karnataka,560064,Pharma,,,,,,BWSSB-10077,,Closed,2024 Nov 01,Meera Gowda; Raghavendra Murthy,M. Gowda,"Demo residence 77, Bengaluru Urban, Karnataka",91-73157-23321,2014 Feb 20,2014 Apr 14,2022 Mar 04,2022 Nov 11,83,10:00-19:00,Second Saturday,false,,Partnership deed,Utility service connection record,,,,
MDB-00262,CG-0078,Shops and Establishments,SHOPS-0078-1,Rajatha Pharma Proprietorship,Proprietorship,DAFLR1078D,29DAFLR1078D1Z8,Sowmya Reddy,records078@synthetic-setu.test,91-73198-23494,"Plot 88, Whitefield Industrial Layout, Whitefield 560066",Whitefield,Bengaluru Urban,Karnataka,560066,Packaging,,SHOP-10078,,,,,,Dormant,2025 Oct 17,Sowmya Reddy; Divya Prasad,S. Reddy,"Demo residence 78, Bengaluru Urban, Karnataka",91-73198-23494,2015 Jan 07,2015 Jul 09,2024 Feb 24,2023 Dec 10,91,09:00-18:00,Sunday,false,Consent letter,,Incorporation certificate,,,,
MDB-00263,CG-0078,Factories,FACTORIES-0078-2,M/s Rajatha Pharma Proprietorship,Proprietorship,DAFLR1078D,29DAFLR1078D1Z8,Prakash Hegde,records078@synthetic-setu.test,91-73198-23494,"No 88, Whitefield Industrial Layout, Whitefield 560066",Whitefield,Bengaluru Urban,Karnataka,560066,Packaging,FAC-10078,,,,,,,Closed,2025 Jan 17,Prakash Hegde; Divya Prasad,P. Hegde,"Demo residence 78, Bengaluru Urban, Karnataka",91-73198-23494,2015 Jan 18,2015 Jul 31,2022 Jan 26,2022 Oct 11,92,09:30-18:30,Monday,false,,,Partnership deed,,PLAN-10078,STAB-10078,
MDB-00264,CG-0078,Labour,LABOUR-0078-3,Rajatha Pharma Proprietorship,Proprietorship,DAFLR1078D,,Naveen Shetty,records078@synthetic-setu.test,91-73198-23494,"Plot 88, Whitefield Industrial Layout, Whitefield 560066",Whitefield,Bengaluru Urban,Karnataka,560066,Packaging,,,LAB-10078,,,,,Active,2026 Apr 10,Naveen Shetty; Divya Prasad,N. Shetty,"Demo residence 78, Bengaluru Urban, Karnataka",91-73198-23494,2015 Jan 30,2015 Aug 24,2026 Jan 18,2025 Dec 23,93,10:00-19:00,Second Saturday,true,Lease deed,,Shop registration extract,,,,
MDB-00265,CG-0079,Shops and Establishments,SHOPS-0079-1,Hemavathi Works Partnership,Partnership,DBGMS1079E,29DBGMS1079E1Z9,Raghavendra Murthy,records079@synthetic-setu.test,91-73239-23667,"Plot 89, Marathahalli Outer Ring Rd, Marathahalli 560037",Marathahalli,Bengaluru Urban,Karnataka,560037,Precision Tools,,SHOP-10079,,,,,,Closed,2025 Jan 13,Raghavendra Murthy; Mohammed Sameer,R. Murthy,"Demo residence 79, Bengaluru Urban, Karnataka",91-73239-23667,2016 Jan 24,2016 Aug 05,2022 Jan 28,2022 Oct 19,101,09:00-18:00,Sunday,false,Rent agreement,,,,,,
MDB-00266,CG-0079,Factories,FACTORIES-0079-2,M/s Hemavathi Works Partnership,Partnership,DBGMS1079E,29DBGMS1079E1Z9,Divya Prasad,records079@synthetic-setu.test,91-73239-23667,"No 89, Marathahalli Outer Ring Road, Marathahalli 560037",Marathahalli,Bengaluru Urban,Karnataka,560037,Precision Tools,FAC-10079,,,,,,,Active,2026 Apr 05,Divya Prasad; Mohammed Sameer,D. Prasad,"Demo residence 79, Bengaluru Urban, Karnataka",91-73239-23667,2016 Feb 04,2016 Aug 27,2026 Jan 19,2025 Dec 30,102,09:30-18:30,Monday,true,Utility bill,PAN card copy,Incorporation certificate,Lease deed,PLAN-10079,STAB-10079,
MDB-00267,CG-0079,Labour,LABOUR-0079-3,Hemavathi Works Partnership,Partnership,DBGMS1079E,29DBGMS1079E1Z9,Mohammed Sameer,records079@synthetic-setu.test,91-73239-23667,"Plot 89, Marathahalli Outer Ring Road, Marathahalli 560037",Marathahalli,Bengaluru Urban,Karnataka,560037,Precision Tools,,,LAB-10079,,,,,Active,2026 Apr 17,Mohammed Sameer; Mohammed Sameer,M. Sameer,"Demo residence 79, Bengaluru Urban, Karnataka",91-73239-23667,2016 Feb 16,2016 Sep 20,2026 Jan 31,2026 Jan 11,103,10:00-19:00,Second Saturday,true,Consent letter,Aadhaar reference copy,Partnership deed,,,,
MDB-00268,CG-0080,Shops and Establishments,SHOPS-0080-1,Kaveri Tools LLP,LLP,DCHNT1080F,29DCHNT1080F1Z0,Asha Rao,records080@synthetic-setu.test,91-73280-23840,"Plot 90, Peenya Indl Area, Peenya 560058",Peenya,Bengaluru Urban,Karnataka,560058,Logistics,,SHOP-10080,,,,,,Active,2026 Apr 01,Asha Rao; Sunita Patil,A. Rao,,91-73280-23840,2017 Feb 10,2017 Sep 03,2026 Jan 21,2026 Jan 07,111,09:00-18:00,Sunday,true,Lease deed,Partnership deed,,,,,
MDB-00269,CG-0080,Factories,FACTORIES-0080-2,M/s Kaveri Tools LLP,LLP,DCHNT1080F,29DCHNT1080F1Z0,Kiran Kumar,records080@synthetic-setu.test,91-73280-23840,"No 90, Peenya Industrial Area, Peenya 560058",Peenya,Bengaluru Urban,Karnataka,560058,Logistics,FAC-10080,,,,,,,Active,2026 Apr 12,Kiran Kumar; Sunita Patil,K. Kumar,,91-73280-23840,2017 Feb 21,2017 Sep 25,2026 Feb 01,2026 Jan 18,112,09:30-18:30,Monday,true,Property tax receipt,,,Lease deed,,,
MDB-00270,CG-0080,Labour,LABOUR-0080-3,Kaveri Tools LLP,LLP,,,Meera Gowda,records080@synthetic-setu.test,91-73280-23840,"Plot 90, Peenya Industrial Area, Peenya 560058",Peenya,Bengaluru Urban,Karnataka,560058,Logistics,,,LAB-10080,,,,,Active,2026 Apr 24,Meera Gowda; Sunita Patil,M. Gowda,,91-73280-23840,2017 Mar 05,2017 Apr 22,2026 Feb 13,2026 Jan 30,113,10:00-19:00,Second Saturday,true,Rent agreement,PAN card copy,,,,,
MDB-00271,CG-0080,KSPCB,KSPCB-0080-4,KAVERI TOOLS LLP,LLP,,29DCHNT1080F1Z0,Farhan Ahmed,records080@synthetic-setu.test,,"No 90, Peenya Industrial Area, Peenya 560058",Peenya,Bengaluru Urban,Karnataka,560058,Logistics,,,,KSPCB-10080,,,,Dormant,2025 Dec 07,Farhan Ahmed; Sunita Patil,F. Ahmed,,,2017 Mar 19,2017 May 20,2024 Apr 27,2024 Feb 23,114,Shift-based,Rotational,true,Utility bill,Aadhaar reference copy,,,,,
MDB-00272,CG-0081,Shops and Establishments,SHOPS-0081-1,Malnad Logistics Pvt Ltd,Pvt Ltd,DDIOU1081G,29DDIOU1081G1Z1,Prakash Hegde,,91-73321-24013,"Plot 91, MG Rd, Bengaluru Central 560001",Bengaluru Central,Bengaluru Urban,Karnataka,560001,Food Processing,,SHOP-10081,,,,,,Active,2026 Apr 08,Prakash Hegde; Asha Rao,P. Hegde,"Demo residence 81, Bengaluru Urban, Karnataka",91-73321-24013,2018 Feb 27,2018 Oct 01,2026 Feb 03,2026 Jan 26,122,09:30-18:30,Monday,true,,Partnership deed,Factory licence application,,,,
MDB-00273,CG-0081,Factories,FACTORIES-0081-2,M/s Malnad Logistics Pvt Ltd,Pvt Ltd,DDIOU1081G,29DDIOU1081G1Z1,Naveen Shetty,,91-73321-24013,"No 91, MG Road, Bengaluru Central 560001",Bengaluru Central,Bengaluru Urban,Karnataka,560001,Food Processing,FAC-10081,,,,,,,Active,2026 Apr 19,Naveen Shetty; Asha Rao,N. Shetty,"Demo residence 81, Bengaluru Urban, Karnataka",91-73321-24013,2018 Mar 10,2018 Apr 26,2026 Feb 14,2026 Feb 06,123,10:00-19:00,Second Saturday,true,Lease deed,,,Lease deed,PLAN-10081,STAB-10081,
MDB-00274,CG-0081,Labour,LABOUR-0081-3,Malnad Logistics Pvt Ltd,Pvt Ltd,DDIOU1081G,,Anita Nair,,91-73321-24013,"Plot 91, MG Road, Bengaluru Central 560001",Bengaluru Central,Bengaluru Urban,Karnataka,560001,Food Processing,,,LAB-10081,,,,,Dormant,2025 Nov 30,Anita Nair; Asha Rao,A. Nair,"Demo residence 81, Bengaluru Urban, Karnataka",91-73321-24013,2018 Mar 22,2018 May 20,2024 Apr 26,2024 Feb 28,124,Shift-based,Rotational,false,Property tax receipt,PAN card copy,Incorporation certificate,,,,
MDB-00275,CG-0082,Shops and Establishments,SHOPS-0082-1,Vijaya Retail Public Ltd,Public Ltd,DEJPV1082H,29DEJPV1082H1Z2,Divya Prasad,records082@synthetic-setu.test,91-73362-24186,"Plot 92, Bommanahalli Indl Area, Bommanahalli 560068",Bommanahalli,Bengaluru Urban,Karnataka,560068,IT Services,,SHOP-10082,,,,,,Active,2026 Apr 15,Divya Prasad; Kiran Kumar,D. Prasad,"Demo residence 82, Bengaluru Urban, Karnataka",91-73362-24186,2019 Mar 16,2019 May 02,2026 Feb 16,2026 Feb 14,132,09:30-18:30,Monday,true,Utility bill,Director KYC extract,Shop registration extract,,,,
MDB-00276,CG-0082,Factories,FACTORIES-0082-2,M/s Vijaya Retail Public Ltd,Public Ltd,DEJPV1082H,29DEJPV1082H1Z2,Mohammed Sameer,records082@synthetic-setu.test,91-73362-24186,"No 92, Bommanahalli Industrial Area, Bommanahalli 560068",Bommanahalli,Bengaluru Urban,Karnataka,560068,IT Services,FAC-10082,,,,,,,Dormant,2025 Nov 25,Mohammed Sameer; Kiran Kumar,M. Sameer,"Demo residence 82, Bengaluru Urban, Karnataka",91-73362-24186,2019 Mar 27,2019 May 24,2024 Apr 27,2024 Mar 06,133,10:00-19:00,Second Saturday,true,Consent letter,Partnership deed,Factory licence application,Lease deed,PLAN-10082,STAB-10082,
MDB-00277,CG-0082,Labour,LABOUR-0082-3,Vijaya Retail Public Ltd,Public Ltd,DEJPV1082H,29DEJPV1082H1Z2,Sunita Patil,records082@synthetic-setu.test,91-73362-24186,"Plot 92, Bommanahalli Industrial Area, Bommanahalli 560068",Bommanahalli,Bengaluru Urban,Karnataka,560068,IT Services,,,LAB-10082,,,,,Closed,2025 Feb 26,Sunita Patil; Kiran Kumar,S. Patil,"Demo residence 82, Bengaluru Urban, Karnataka",91-73362-24186,2019 Apr 08,2019 Jun 17,2022 Mar 31,2022 Apr 22,134,Shift-based,Rotational,false,,,,,,,
MDB-00278,CG-0083,Shops and Establishments,SHOPS-0083-1,Hoysala Exports Enterprises,Other,DFKQW1083I,29DFKQW1083I1Z3,Kiran Kumar,records083@synthetic-setu.test,91-73403-24359,"Plot 93, Electronic City Phase 2, Electronic City 560100",Electronic City,Bengaluru Urban,Karnataka,560100,Electronics,,SHOP-10083,,,,,,Dormant,2025 Nov 21,Kiran Kumar; Meera Gowda,K. Kumar,"Demo residence 83, Bengaluru Urban, Karnataka",91-73403-24359,2020 Apr 01,2020 May 29,2024 Apr 29,2024 Mar 14,142,09:30-18:30,Monday,true,Property tax receipt,Aadhaar reference copy,Partnership deed,,,,
MDB-00279,CG-0083,Factories,FACTORIES-0083-2,M/s Hoysala Exports Enterprises,Other,DFKQW1083I,29DFKQW1083I1Z3,Meera Gowda,records083@synthetic-setu.test,91-73403-24359,"No 93, Electronic City Phase 2, Electronic City 560100",Electronic City,Bengaluru Urban,Karnataka,560100,Electronics,FAC-10083,,,,,,,Closed,2025 Feb 21,Meera Gowda; Meera Gowda,M. Gowda,"Demo residence 83, Bengaluru Urban, Karnataka",91-73403-24359,2020 Apr 12,2020 Jun 20,2022 Apr 01,2022 Apr 29,143,10:00-19:00,Second Saturday,false,Rent agreement,Director KYC extract,Shop registration extract,Lease deed,PLAN-10083,STAB-10083,
MDB-00280,CG-0083,Labour,LABOUR-0083-3,Hoysala Exports Enterprises,Other,DFKQW1083I,29DFKQW1083I1Z3,Farhan Ahmed,records083@synthetic-setu.test,91-73403-24359,"Plot 93, Electronic City Phase 2, Electronic City 560100",Electronic City,Bengaluru Urban,Karnataka,560100,Electronics,,,LAB-10083,,,,,Active,2026 Apr 10,Farhan Ahmed; Meera Gowda,F. Ahmed,"Demo residence 83, Bengaluru Urban, Karnataka",91-73403-24359,2020 Apr 24,2020 Jul 14,2026 Mar 24,2025 Jul 11,144,Shift-based,Rotational,true,Utility bill,Partnership deed,Factory licence application,,,,
MDB-00281,CG-0084,Shops and Establishments,SHOPS-0084-1,Mysore Electronics Proprietorship,Proprietorship,DGLRX1084J,29DGLRX1084J1Z4,Prakash Hegde,records084@synthetic-setu.test,91-73444-24532,"Plot 94, Bannerghatta Rd, Bannerghatta Rd 560076",Bannerghatta Road,Bengaluru Urban,Karnataka,560076,Manufacturing,,SHOP-10084,,,,,,Closed,2025 Feb 17,Prakash Hegde; Farhan Ahmed,P. Hegde,"Demo residence 84, Bengaluru Urban, Karnataka",91-73444-24532,2007 Apr 19,2007 Jun 27,2022 Apr 03,2022 May 07,152,09:30-18:30,Monday,false,,,Incorporation certificate,,,,
MDB-00282,CG-0084,Factories,FACTORIES-0084-2,M/s Mysore Electronics Proprietorship,Proprietorship,DGLRX1084J,29DGLRX1084J1Z4,Naveen Shetty,records084@synthetic-setu.test,91-73444-24532,"No 94, Bannerghatta Road, Bannerghatta Road 560076",Bannerghatta Road,Bengaluru Urban,Karnataka,560076,Manufacturing,FAC-10084,,,,,,,Active,2026 Apr 05,Naveen Shetty; Farhan Ahmed,N. Shetty,"Demo residence 84, Bengaluru Urban, Karnataka",91-73444-24532,2007 Apr 30,2007 Jul 19,2026 Mar 25,2025 Jul 18,153,10:00-19:00,Second Saturday,true,,,Partnership deed,,PLAN-10084,,
MDB-00283,CG-0084,BESCOM,BESCOM-0084-3,Mysore Electronix Proprietorship,Proprietorship,,29DGLRX1084J1Z4,Anita Nair,,91-73444-24532,"Plot 94, Bannerghatta Road, Bannerghatta Road 560076",Bannerghatta Road,Bengaluru Urban,Karnataka,560076,Manufacturing,,,,,BESCOM-10084,,,Active,2026 Apr 08,Anita Nair; Farhan Ahmed,A. Nair,"Demo residence 84, Bengaluru Urban, Karnataka",91-73444-24532,2007 Jun 07,2007 Oct 03,2026 May 02,2025 Aug 25,,Shift-based,Rotational,true,,,Utility service connection record,,,,
MDB-00284,CG-0085,Shops and Establishments,SHOPS-0085-1,Bengaluru Systems Partnership,Partnership,DHMSY1085K,29DHMSY1085K1Z5,Divya Prasad,records085@synthetic-setu.test,91-73485-24705,"Plot 95, Yelahanka Indl Area, Yelahanka 560064",Yelahanka,Bengaluru Urban,Karnataka,560064,Chemicals,,SHOP-10085,,,,,,Active,2026 Apr 01,Divya Prasad; Sowmya Reddy,D. Prasad,"Demo residence 85, Bengaluru Urban, Karnataka",91-73485-24705,2008 May 05,2008 Jul 24,2026 Mar 27,2025 Jul 26,162,,Monday,true,Utility bill,,,,,,
MDB-00285,CG-0085,Factories,FACTORIES-0085-2,M/s Bengaluru Systems Partnership,Partnership,,29DHMSY1085K1Z5,Mohammed Sameer,records085@synthetic-setu.test,91-73485-24705,"No 95, Yelahanka Industrial Area, Yelahanka 560064",Yelahanka,Bengaluru Urban,Karnataka,560064,Chemicals,FAC-10085,,,,,,,Active,2026 Apr 12,Mohammed Sameer; Sowmya Reddy,M. Sameer,"Demo residence 85, Bengaluru Urban, Karnataka",91-73485-24705,2008 May 16,2008 Aug 15,2026 Apr 07,2025 Aug 06,163,,Second Saturday,true,Consent letter,PAN card copy,Incorporation certificate,Lease deed,,STAB-10085,
MDB-00286,CG-0085,Labour,LABOUR-0085-3,Bengaluru Systems Partnership,Partnership,,29DHMSY1085K1Z5,Sunita Patil,records085@synthetic-setu.test,91-73485-24705,"Plot 95, Yelahanka Industrial Area, Yelahanka 560064",Yelahanka,Bengaluru Urban,Karnataka,560064,Chemicals,,,LAB-10085,,,,,Active,2026 Apr 24,Sunita Patil; Sowmya Reddy,S. Patil,"Demo residence 85, Bengaluru Urban, Karnataka",91-73485-24705,2008 May 28,2008 Sep 08,2026 Apr 19,2025 Aug 18,164,,Rotational,true,,Aadhaar reference copy,Partnership deed,,,,
MDB-00287,CG-0085,KSPCB,KSPCB-0085-4,BENGALURU SYSTEMS PARTNERSHIP,Partnership,DHMSY1085K,29DHMSY1085K1Z5,Asha Rao,records085@synthetic-setu.test,91-73485-24705,"No 95, Yelahanka Industrial Area, Yelahanka 560064",Yelahanka,Bengaluru Urban,Karnataka,560064,Chemicals,,,,KSPCB-10085,,,,Dormant,2025 Oct 03,Asha Rao; Sowmya Reddy,A. Rao,"Demo residence 85, Bengaluru Urban, Karnataka",91-73485-24705,2008 Jun 11,2008 Oct 06,2024 Jul 01,2023 Jul 03,165,,Sunday,true,Lease deed,Director KYC extract,Shop registration extract,,,,
MDB-00288,CG-0086,Shops and Establishments,SHOPS-0086-1,Karnataka Fabricators LLP,LLP,DINTZ1086L,29DINTZ1086L1Z6,Meera Gowda,records086@synthetic-setu.test,91-73526-24878,"Plot 96, Whitefield Industrial Layout, Whitefield 560066",Whitefield,Bengaluru Urban,Karnataka,560066,Auto Components,,SHOP-10086,,,,,,Active,2026 Apr 08,Meera Gowda; Prakash Hegde,M. Gowda,"Demo residence 86, Bengaluru Urban, Karnataka",91-73526-24878,2009 May 23,2009 Aug 22,2026 Apr 09,2025 Aug 14,173,10:00-19:00,Second Saturday,true,Rent agreement,,,,,,
MDB-00289,CG-0086,Factories,FACTORIES-0086-2,M/s Karnataka Fabricators LLP,LLP,DINTZ1086L,29DINTZ1086L1Z6,Farhan Ahmed,records086@synthetic-setu.test,91-73526-24878,"No 96, Whitefield Industrial Layout, Whitefield 560066",Whitefield,Bengaluru Urban,Karnataka,560066,Auto Components,FAC-10086,,,,,,,Active,2026 Apr 19,Farhan Ahmed; Prakash Hegde,F. Ahmed,"Demo residence 86, Bengaluru Urban, Karnataka",91-73526-24878,2009 Jun 03,2009 Sep 13,2026 Apr 20,2025 Aug 25,174,Shift-based,Rotational,true,Utility bill,PAN card copy,Incorporation certificate,Lease deed,PLAN-10086,STAB-10086,
MDB-00290,CG-0086,Labour,LABOUR-0086-3,Karnataka Fabricators LLP,LLP,DINTZ1086L,29DINTZ1086L1Z6,Sowmya Reddy,records086@synthetic-setu.test,91-73526-24878,"Plot 96, Whitefield Industrial Layout, Whitefield 560066",Whitefield,Bengaluru Urban,Karnataka,560066,Auto Components,,,LAB-10086,,,,,Dormant,2025 Sep 26,Sowmya Reddy; Prakash Hegde,S. Reddy,"Demo residence 86, Bengaluru Urban, Karnataka",91-73526-24878,2009 Jun 15,2009 Oct 07,2024 Jun 30,2023 Jul 08,175,09:00-18:00,Sunday,true,Consent letter,Aadhaar reference copy,Partnership deed,,,,
MDB-00291,CG-0087,Shops and Establishments,SHOPS-0087-1,Sampige Packaging Pvt Ltd,Pvt Ltd,DJOUA1087M,29DJOUA1087M1Z7,Naveen Shetty,records087@synthetic-setu.test,91-73567-25051,"Plot 97, Marathahalli Outer Ring Rd, Marathahalli 560037",Marathahalli,Bengaluru Urban,Karnataka,560037,Retail,,SHOP-10087,,,,,,Active,2026 Apr 15,Naveen Shetty; Naveen Shetty,N. Shetty,"Demo residence 87, Bengaluru Urban, Karnataka",91-73567-25051,2010 Jun 09,2010 Sep 19,2026 Apr 22,2025 Sep 02,183,10:00-19:00,Second Saturday,true,Lease deed,Partnership deed,Factory licence application,,,,
MDB-00292,CG-0087,Factories,FACTORIES-0087-2,M/s Sampige Packaging Pvt Ltd,Pvt Ltd,DJOUA1087M,29DJOUA1087M1Z7,Anita Nair,records087@synthetic-setu.test,91-73567-25051,"No 97, Marathahalli Outer Ring Road, Marathahalli 560037",Marathahalli,Bengaluru Urban,Karnataka,560037,Retail,FAC-10087,,,,,,,Dormant,2025 Sep 21,Anita Nair; Naveen Shetty,A. Nair,"Demo residence 87, Bengaluru Urban, Karnataka",91-73567-25051,2010 Jun 20,2010 Oct 11,2024 Jul 01,2023 Jul 15,184,Shift-based,Rotational,false,Property tax receipt,,,Lease deed,PLAN-10087,STAB-10087,
MDB-00293,CG-0087,Labour,LABOUR-0087-3,Sampige Packaging Pvt Ltd,Pvt Ltd,DJOUA1087M,,Raghavendra Murthy,records087@synthetic-setu.test,91-73567-25051,"Plot 97, Marathahalli Outer Ring Road, Marathahalli 560037",Marathahalli,Bengaluru Urban,Karnataka,560037,Retail,,,LAB-10087,,,,,Closed,2024 Dec 03,Raghavendra Murthy; Naveen Shetty,R. Murthy,"Demo residence 87, Bengaluru Urban, Karnataka",91-73567-25051,2010 Jul 02,2010 Nov 04,2022 Jun 04,2022 Jul 26,185,09:00-18:00,Sunday,false,Rent agreement,PAN card copy,Incorporation certificate,,,,
MDB-00294,CG-0088,Shops and Establishments,SHOPS-0088-1,Deccan Textiles Public Ltd,Public Ltd,DKPVB1088N,,Mohammed Sameer,records088@synthetic-setu.test,91-73608-25224,"Plot 98, Peenya Indl Area, Peenya 560058",Peenya,Bengaluru Urban,Karnataka,560058,Textiles,,SHOP-10088,,,,,,Dormant,2025 Sep 17,Mohammed Sameer; Anita Nair,M. Sameer,"Demo residence 88, Bengaluru Urban, Karnataka",91-73608-25224,2011 Jun 26,2011 Oct 17,2024 Jul 03,2023 Jul 23,193,10:00-19:00,Second Saturday,true,Consent letter,Director KYC extract,,,,,
MDB-00295,CG-0088,Factories,FACTORIES-0088-2,M/s Deccan Textiles Public Ltd,Public Ltd,DKPVB1088N,29DKPVB1088N1Z8,Sunita Patil,records088@synthetic-setu.test,91-73608-25224,"No 98, Peenya Industrial Area, Peenya 560058",Peenya,Bengaluru Urban,Karnataka,560058,Textiles,FAC-10088,,,,,,,Closed,2024 Nov 28,Sunita Patil; Anita Nair,S. Patil,"Demo residence 88, Bengaluru Urban, Karnataka",91-73608-25224,2011 Jul 07,2011 Nov 08,2022 Jun 05,2022 Aug 02,194,Shift-based,Rotational,false,,Partnership deed,,Lease deed,PLAN-10088,,
MDB-00296,CG-0088,BWSSB,BWSSB-0088-3,Deccan Textiles Public Ltd,Public Ltd,,29DKPVB1088N1Z8,Asha Rao,records088@synthetic-setu.test,,"Plot 98, Peenya Industrial Area, Peenya 560058",Peenya,Bengaluru Urban,Karnataka,560058,Textiles,,,,,,BWSSB-10088,,Active,2026 Apr 13,Asha Rao; Anita Nair,A. Rao,"Demo residence 88, Bengaluru Urban, Karnataka",,2011 Aug 26,2012 Feb 16,2026 Jan 16,2025 Nov 21,,09:00-18:00,Sunday,true,Lease deed,,Utility service connection record,,,,
MDB-00297,CG-0089,Shops and Establishments,SHOPS-0089-1,Sahyadri Devices Enterprises,Other,DLQWC1089O,29DLQWC1089O1Z9,Meera Gowda,records089@synthetic-setu.test,91-73649-25397,"Plot 99, MG Rd, Bengaluru Central 560001",Bengaluru Central,Bengaluru Urban,Karnataka,560001,Pharma,,SHOP-10089,,,,,,Closed,2024 Nov 24,Meera Gowda; Raghavendra Murthy,M. Gowda,"Demo residence 89, Bengaluru Urban, Karnataka",91-73649-25397,2012 Jul 12,2012 Nov 13,2022 Jun 07,2022 Aug 10,203,10:00-19:00,Second Saturday,false,Rent agreement,Aadhaar reference copy,Partnership deed,,,,
MDB-00298,CG-0089,Factories,FACTORIES-0089-2,M/s Sahyadri Devices Enterprises,Other,DLQWC1089O,29DLQWC1089O1Z9,Farhan Ahmed,records089@synthetic-setu.test,91-73649-25397,"No 99, MG Road, Bengaluru Central 560001",Bengaluru Central,Bengaluru Urban,Karnataka,560001,Pharma,FAC-10089,,,,,,,Active,2026 Apr 05,Farhan Ahmed; Raghavendra Murthy,F. Ahmed,"Demo residence 89, Bengaluru Urban, Karnataka",91-73649-25397,2012 Jul 23,2012 Dec 05,2026 May 29,2025 Oct 21,204,Shift-based,Rotational,true,Utility bill,Director KYC extract,Shop registration extract,Lease deed,PLAN-10089,STAB-10089,
MDB-00299,CG-0089,Labour,LABOUR-0089-3,Sahyadri Devices Enterprises,Other,DLQWC1089O,29DLQWC1089O1Z9,Sowmya Reddy,records089@synthetic-setu.test,91-73649-25397,"Plot 99, MG Road, Bengaluru Central 560001",Bengaluru Central,Bengaluru Urban,Karnataka,560001,Pharma,,,LAB-10089,,,,,Active,2026 Apr 17,Sowmya Reddy; Raghavendra Murthy,S. Reddy,"Demo residence 89, Bengaluru Urban, Karnataka",91-73649-25397,2012 Aug 04,2012 Dec 29,2026 Jun 10,2025 Nov 02,205,09:00-18:00,Sunday,true,Consent letter,Partnership deed,Factory licence application,,,,
MDB-00300,CG-0090,Shops and Establishments,SHOPS-0090-1,Namma Foods Proprietorship,Proprietorship,DMRXD1090P,29DMRXD1090P1Z0,Naveen Shetty,,91-73690-25570,"Plot 100, Bommanahalli Indl Area, Bommanahalli 560068",Bommanahalli,Bengaluru Urban,Karnataka,560068,Packaging,,SHOP-10090,,,,,,Active,2026 Apr 01,Naveen Shetty; Divya Prasad,N. Shetty,,91-73690-25570,2013 Jul 30,2013 Dec 12,2026 May 31,2025 Oct 29,213,10:00-19:00,Second Saturday,true,Lease deed,,Incorporation certificate,,,,
MDB-00301,CG-0090,Factories,FACTORIES-0090-2,M/s Namma Foods Proprietorship,Proprietorship,DMRXD1090P,29UBJRY4330G1Z0,Anita Nair,,91-73690-25570,"No 100, Bommanahalli Industrial Area, Bommanahalli 560068",Bommanahalli,Bengaluru Urban,Karnataka,560068,Packaging,FAC-10090,,,,,,,Active,2026 Apr 12,Anita Nair; Divya Prasad,A. Nair,,91-73690-25570,2013 Aug 10,2014 Jan 03,2026 Jun 11,2025 Nov 09,214,Shift-based,Rotational,true,Property tax receipt,,Partnership deed,,,STAB-10090,
MDB-00302,CG-0090,Labour,LABOUR-0090-3,Namma Foods Proprietorship,Proprietorship,,,Raghavendra Murthy,,91-73690-25570,"Plot 100, Bommanahalli Industrial Area, Bommanahalli 560068",Bommanahalli,Bengaluru Urban,Karnataka,560068,Packaging,,,LAB-10090,,,,,Active,2026 Apr 24,Raghavendra Murthy; Divya Prasad,R. Murthy,,91-73690-25570,2013 Aug 22,2014 Jan 27,2026 Jan 04,2025 Nov 21,215,09:00-18:00,Sunday,true,Rent agreement,,Shop registration extract,,,,
MDB-00303,CG-0090,KSPCB,KSPCB-0090-4,NAMMA FOODS PROPRIETORSHIP,Proprietorship,,,Divya Prasad,,91-73690-25570,"No 100, Bommanahalli Industrial Area, Bommanahalli 560068",Bommanahalli,Bengaluru Urban,Karnataka,560068,Packaging,,,,KSPCB-10090,,,,Dormant,2025 Nov 07,Divya Prasad; Divya Prasad,D. Prasad,,91-73690-25570,2013 Sep 05,2014 Feb 24,2024 Jan 08,2023 Oct 06,216,09:30-18:30,Monday,false,Utility bill,,Factory licence application,,,,
MDB-00304,CG-0091,Shops and Establishments,SHOPS-0091-1,Udaya Chemicals Partnership,Partnership,DNSYE1091Q,29DNSYE1091Q1Z1,Sunita Patil,records091@synthetic-setu.test,91-73731-25743,"Plot 101, Electronic City Phase 2, Electronic City 560100",Electronic City,Bengaluru Urban,Karnataka,560100,Precision Tools,,SHOP-10091,,,,,,Active,2026 Apr 08,Sunita Patil; Mohammed Sameer,S. Patil,"Demo residence 91, Bengaluru Urban, Karnataka",91-73731-25743,2014 Aug 16,2015 Jan 09,2026 Jun 13,2025 Nov 17,224,Shift-based,Rotational,true,,PAN card copy,Incorporation certificate,,,,
MDB-00305,CG-0091,Factories,FACTORIES-0091-2,M/s Udaya Chemicals Partnership,Partnership,DNSYE1091Q,29DNSYE1091Q1Z1,Asha Rao,records091@synthetic-setu.test,91-73731-25743,"No 101, Electronic City Phase 2, Electronic City 560100",Electronic City,Bengaluru Urban,Karnataka,560100,Precision Tools,FAC-10091,,,,,,,Active,2026 Apr 19,Asha Rao; Mohammed Sameer,A. Rao,"Demo residence 91, Bengaluru Urban, Karnataka",91-73731-25743,2014 Aug 27,2015 Jan 31,2026 Jan 05,2025 Nov 28,225,09:00-18:00,Sunday,true,,Aadhaar reference copy,Partnership deed,Lease deed,PLAN-10091,STAB-10091,
MDB-00306,CG-0091,BESCOM,BESCOM-0091-3,Udaya Chemicals Partnership,Partnership,,,Kiran Kumar,records091@synthetic-setu.test,91-73731-25743,"Plot 101, Electronic City Phase 2, Electronic City 560100",Electronic City,Bengaluru Urban,Karnataka,560100,Precision Tools,,,,,BESCOM-10091,,,Dormant,2025 Nov 26,Kiran Kumar; Mohammed Sameer,K. Kumar,"Demo residence 91, Bengaluru Urban, Karnataka",91-73731-25743,2014 Oct 04,2015 Apr 17,2024 Feb 02,2023 Nov 06,226,09:30-18:30,Monday,true,,Director KYC extract,Utility service connection record,,,,
MDB-00307,CG-0092,Shops and Establishments,SHOPS-0092-1,Basava Industries LLP,LLP,DOTZF1092R,29DOTZF1092R1Z2,Farhan Ahmed,records092@synthetic-setu.test,91-73772-25916,"Plot 102, Bannerghatta Rd, Bannerghatta Rd 560076",Bannerghatta Road,Bengaluru Urban,Karnataka,560076,Logistics,,SHOP-10092,,,,,,Active,2026 Apr 15,Farhan Ahmed; Sunita Patil,F. Ahmed,"Demo residence 92, Bengaluru Urban, Karnataka",91-73772-25916,2015 Sep 02,2016 Feb 06,2026 Jan 07,2025 Dec 06,234,Shift-based,Rotational,true,Utility bill,,,,,,
MDB-00308,CG-0092,Factories,FACTORIES-0092-2,M/s Basava Industries LLP,LLP,DOTZF1092R,29DOTZF1092R1Z2,Sowmya Reddy,records092@synthetic-setu.test,91-73772-25916,"No 102, Bannerghatta Road, Bannerghatta Road 560076",Bannerghatta Road,Bengaluru Urban,Karnataka,560076,Logistics,FAC-10092,,,,,,,Dormant,2025 Oct 26,Sowmya Reddy; Sunita Patil,S. Reddy,"Demo residence 92, Bengaluru Urban, Karnataka",91-73772-25916,2015 Sep 13,2016 Feb 28,2024 Jan 08,2023 Oct 18,235,09:00-18:00,Sunday,true,Consent letter,PAN card copy,Incorporation certificate,Lease deed,PLAN-10092,,
MDB-00309,CG-0092,Labour,LABOUR-0092-3,Basava Industries LLP,LLP,DOTZF1092R,29DOTZF1092R1Z2,Prakash Hegde,records092@synthetic-setu.test,91-73772-25916,"Plot 102, Bannerghatta Road, Bannerghatta Road 560076",Bannerghatta Road,Bengaluru Urban,Karnataka,560076,Logistics,,,LAB-10092,,,,,Closed,2025 Jan 07,Prakash Hegde; Sunita Patil,P. Hegde,"Demo residence 92, Bengaluru Urban, Karnataka",91-73772-25916,2015 Sep 25,2016 Mar 23,2022 Aug 08,2022 Oct 29,236,09:30-18:30,Monday,false,,Aadhaar reference copy,Partnership deed,,,,
MDB-00310,CG-0093,Shops and Establishments,SHOPS-0093-1,Chamundi Components Pvt Ltd,Pvt Ltd,DPUAG1093S,29DPUAG1093S1Z3,Anita Nair,records093@synthetic-setu.test,91-73813-26089,"Plot 103, Yelahanka Indl Area, Yelahanka 560064",Yelahanka,Bengaluru Urban,Karnataka,560064,Food Processing,,SHOP-10093,,,,,,Dormant,2025 Oct 22,Anita Nair; Asha Rao,A. Nair,"Demo residence 93, Bengaluru Urban, Karnataka",91-73813-26089,2016 Sep 18,2017 Mar 05,2024 Jan 10,2023 Oct 26,4,Shift-based,Rotational,false,Property tax receipt,Partnership deed,Factory licence application,,,,
MDB-00311,CG-0093,Factories,FACTORIES-0093-2,M/s Chamundi Components Pvt Ltd,Pvt Ltd,DPUAG1093S,29DPUAG1093S1Z3,Raghavendra Murthy,records093@synthetic-setu.test,91-73813-26089,"No 103, Yelahanka Industrial Area, Yelahanka 560064",Yelahanka,Bengaluru Urban,Karnataka,560064,Food Processing,FAC-10093,,,,,,,Closed,2025 Jan 02,Raghavendra Murthy; Asha Rao,R. Murthy,"Demo residence 93, Bengaluru Urban, Karnataka",91-73813-26089,2016 Sep 29,2017 Mar 27,2022 Aug 09,2022 Nov 05,5,09:00-18:00,Sunday,false,Rent agreement,,,Lease deed,PLAN-10093,STAB-10093,
MDB-00312,CG-0093,Labour,LABOUR-0093-3,Chamundi Comp Pvt Ltd,Pvt Ltd,DPUAG1093S,,Divya Prasad,records093@synthetic-setu.test,91-73813-26089,"Plot 103, Yelahanka Industrial Area, Yelahanka 560064",Yelahanka,Bengaluru Urban,Karnataka,560064,Food Processing,,,LAB-10093,,,,,Active,2026 Apr 10,Divya Prasad; Asha Rao,D. Prasad,"Demo residence 93, Bengaluru Urban, Karnataka",91-73813-26089,2016 Oct 11,2017 Apr 20,2026 Feb 12,2026 Jan 17,6,09:30-18:30,Monday,true,Utility bill,PAN card copy,Incorporation certificate,,,,
MDB-00313,CG-0094,Shops and Establishments,SHOPS-0094-1,Rajatha Pharma Public Ltd,Public Ltd,BADPAN094,29DQVBH1094T1Z4,Sunita Patil,records094@synthetic-setu.test,91-73854-26262,"Plot 104, Whitefield Industrial Layout, Whitefield 560066",Whitefield,Bengaluru Urban,Karnataka,560066,IT Services,,SHOP-10094,,,,,,Closed,2024 Dec 29,Sunita Patil; Kiran Kumar,S. Patil,"Demo residence 94, Bengaluru Urban, Karnataka",91-73854-26262,2017 Oct 06,2018 Apr 03,2022 Aug 11,2022 Nov 13,14,Shift-based,Rotational,false,,Director KYC extract,Shop registration extract,,,,
MDB-00314,CG-0094,Factories,FACTORIES-0094-2,M/s Rajatha Pharma Public Ltd,Public Ltd,DQVBH1094T,29DQVBH1094T1Z4,Asha Rao,records094@synthetic-setu.test,91-73854-26262,"No 104, Whitefield Industrial Layout, Whitefield 560066",Whitefield,Bengaluru Urban,Karnataka,560066,IT Services,FAC-10094,,,,,,,Active,2026 Apr 05,Asha Rao; Kiran Kumar,A. Rao,"Demo residence 94, Bengaluru Urban, Karnataka",91-73854-26262,2017 Oct 17,2018 Apr 25,2026 Feb 13,2026 Jan 24,15,09:00-18:00,Sunday,true,Lease deed,Partnership deed,Factory licence application,Lease deed,PLAN-10094,STAB-10094,
MDB-00315,CG-0094,Labour,LABOUR-0094-3,Rajatha Pharma Public Ltd,Public Ltd,DQVBH1094T,29DQVBH1094T1Z4,Kiran Kumar,records094@synthetic-setu.test,91-73854-26262,"Plot 104, Whitefield Industrial Layout, Whitefield 560066",Whitefield,Bengaluru Urban,Karnataka,560066,IT Services,,,LAB-10094,,,,,Active,2026 Apr 17,Kiran Kumar; Kiran Kumar,K. Kumar,"Demo residence 94, Bengaluru Urban, Karnataka",91-73854-26262,2017 Oct 29,2018 May 19,2026 Feb 25,2026 Feb 05,16,09:30-18:30,Monday,true,Property tax receipt,,,,,,
MDB-00316,CG-0095,Shops and Establishments,SHOPS-0095-1,Hemavathi Works Enterprises,Other,RYFNV1015X,29DRWCI1095U1Z5,Farhan Ahmed,records095@synthetic-setu.test,91-73895-26435,"Plot 105, Marathahalli Outer Ring Rd, Marathahalli 560037",Marathahalli,Bengaluru Urban,Karnataka,560037,Electronics,,SHOP-10095,,,,,,Active,2026 Apr 01,Farhan Ahmed; Meera Gowda,F. Ahmed,"Demo residence 95, Bengaluru Urban, Karnataka",91-73895-26435,2018 Oct 23,2019 May 01,2026 Feb 15,2026 Feb 01,24,Shift-based,Rotational,true,Utility bill,Aadhaar reference copy,Partnership deed,,,,
MDB-00317,CG-0095,Factories,FACTORIES-0095-2,M/s Hemavathi Works Enterprises,Other,DRWCI1095U,29DRWCI1095U1Z5,Sowmya Reddy,records095@synthetic-setu.test,91-73895-26435,"No 105, Marathahalli Outer Ring Road, Marathahalli 560037",Marathahalli,Bengaluru Urban,Karnataka,560037,Electronics,FAC-10095,,,,,,,Active,2026 Apr 12,Sowmya Reddy; Meera Gowda,S. Reddy,"Demo residence 95, Bengaluru Urban, Karnataka",91-73895-26435,2018 Nov 03,2019 May 23,2026 Feb 26,2026 Feb 12,25,09:00-18:00,Sunday,true,Consent letter,Director KYC extract,Shop registration extract,Lease deed,,STAB-10095,
MDB-00318,CG-0095,Labour,LABOUR-0095-3,Hemavathi Works Enterprises,Other,,29DRWCI1095U1Z5,Prakash Hegde,records095@synthetic-setu.test,91-73895-26435,"Plot 105, Marathahalli Outer Ring Road, Marathahalli 560037",Marathahalli,Bengaluru Urban,Karnataka,560037,Electronics,,,LAB-10095,,,,,Active,2026 Apr 24,Prakash Hegde; Meera Gowda,P. Hegde,"Demo residence 95, Bengaluru Urban, Karnataka",91-73895-26435,2018 Nov 15,2019 Jun 16,2026 Mar 10,2025 Jun 09,26,09:30-18:30,Monday,true,,Partnership deed,Factory licence application,,,,
MDB-00319,CG-0095,KSPCB,KSPCB-0095-4,HEMAVATHI WORKS ENTERPRISES,Other,DRWCI1095U,29DRWCI1095U1Z5,Naveen Shetty,records095@synthetic-setu.test,91-73895-26435,"No 105, Marathahalli Outer Ring Road, Marathahalli 560037",Marathahalli,Bengaluru Urban,Karnataka,560037,Electronics,,,,KSPCB-10095,,,,Dormant,2025 Sep 03,Naveen Shetty; Meera Gowda,N. Shetty,"Demo residence 95, Bengaluru Urban, Karnataka",91-73895-26435,2018 Jan 03,2018 Feb 19,2024 Mar 13,2024 Jan 09,27,10:00-19:00,Second Saturday,true,Lease deed,,,,,,
MDB-00320,CG-0096,Shops and Establishments,SHOPS-0096-1,Kaveri Tools Proprietorship,Proprietorship,BADPAN096,29DSXDJ1096V1Z6,Raghavendra Murthy,records096@synthetic-setu.test,91-73936-26608,"Plot 106, Peenya Indl Area, Peenya 560058",Peenya,Bengaluru Urban,Karnataka,560058,Manufacturing,,SHOP-10096,,,,,,Active,2026 Apr 08,Raghavendra Murthy; Farhan Ahmed,R. Murthy,"Demo residence 96, Bengaluru Urban, Karnataka",91-73936-26608,2019 Nov 09,2020 May 28,2026 Feb 28,2025 Jun 05,35,09:00-18:00,Sunday,true,Rent agreement,,,,,,
MDB-00321,CG-0096,Factories,FACTORIES-0096-2,M/s Kaveri Tools Proprietorship,Proprietorship,DSXDJ1096V,29DSXDJ1096V1Z6,Divya Prasad,records096@synthetic-setu.test,91-73936-26608,"No 106, Peenya Industrial Area, Peenya 560058",Peenya,Bengaluru Urban,Karnataka,560058,Manufacturing,FAC-10096,,,,,,,Active,2026 Apr 19,Divya Prasad; Farhan Ahmed,D. Prasad,"Demo residence 96, Bengaluru Urban, Karnataka",91-73936-26608,2019 Nov 20,2020 Jun 19,2026 Mar 11,2025 Jun 16,36,09:30-18:30,Monday,true,Utility bill,,,,PLAN-10096,,
MDB-00322,CG-0096,Labour,LABOUR-0096-3,Kaveri Tools Proprietorship,Proprietorship,DSXDJ1096V,,Mohammed Sameer,records096@synthetic-setu.test,91-73936-26608,"Plot 106, Peenya Industrial Area, Peenya 560058",Peenya,Bengaluru Urban,Karnataka,560058,Manufacturing,,,LAB-10096,,,,,Dormant,2025 Dec 05,Mohammed Sameer; Farhan Ahmed,M. Sameer,"Demo residence 96, Bengaluru Urban, Karnataka",91-73936-26608,2019 Jan 06,2019 Aug 18,2024 Mar 12,2024 Jan 14,37,10:00-19:00,Second Saturday,false,Consent letter,,,,,,
MDB-00323,CG-0097,Shops and Establishments,SHOPS-0097-1,Malnad Logistics Partnership,Partnership,BADPAN097,29DTYEK1097W1Z7,Asha Rao,records097@synthetic-setu.test,91-73977-26781,"Plot 107, MG Rd, Bengaluru Central 560001",Bengaluru Central,Bengaluru Urban,Karnataka,560001,Chemicals,,SHOP-10097,,,,,,Active,2026 Apr 15,Asha Rao; Sowmya Reddy,A. Rao,"Demo residence 97, Bengaluru Urban, Karnataka",91-73977-26781,2020 Nov 25,2021 Jun 25,2026 Mar 13,2025 Jun 24,45,09:00-18:00,Sunday,true,Lease deed,PAN card copy,Incorporation certificate,,,,
MDB-00324,CG-0097,Factories,FACTORIES-0097-2,M/s Malnad Logistics Partnership,Partnership,DTYEK1097W,29DTYEK1097W1Z7,Kiran Kumar,records097@synthetic-setu.test,91-73977-26781,"No 107, MG Road, Bengaluru Central 560001",Bengaluru Central,Bengaluru Urban,Karnataka,560001,Chemicals,FAC-10097,,,,,,,Dormant,2025 Nov 30,Kiran Kumar; Sowmya Reddy,K. Kumar,"Demo residence 97, Bengaluru Urban, Karnataka",91-73977-26781,2020 Jan 11,2020 Aug 21,2024 Mar 13,2024 Jan 21,46,09:30-18:30,Monday,true,Property tax receipt,Aadhaar reference copy,Partnership deed,Lease deed,PLAN-10097,STAB-10097,
MDB-00325,CG-0097,Labour,LABOUR-0097-3,Malnad Logistics Partnership,Partnership,DTYEK1097W,29DTYEK1097W1Z7,Meera Gowda,records097@synthetic-setu.test,91-73977-26781,"Plot 107, MG Road, Bengaluru Central 560001",Bengaluru Central,Bengaluru Urban,Karnataka,560001,Chemicals,,,LAB-10097,,,,,Closed,2025 Feb 11,Meera Gowda; Sowmya Reddy,M. Gowda,"Demo residence 97, Bengaluru Urban, Karnataka",91-73977-26781,2020 Jan 23,2020 Mar 18,2022 Feb 04,2022 May 17,47,10:00-19:00,Second Saturday,false,Rent agreement,Director KYC extract,Shop registration extract,,,,
MDB-00326,CG-0098,Shops and Establishments,SHOPS-0098-1,Vijaya Retail LLP,LLP,BADPAN098,29DUZFL1098X1Z8,Sowmya Reddy,records098@synthetic-setu.test,91-74018-26954,"Plot 108, Bommanahalli Indl Area, Bommanahalli 560068",Bommanahalli,Bengaluru Urban,Karnataka,560068,Auto Components,,SHOP-10098,,,,,,Dormant,2025 Nov 26,Sowmya Reddy; Prakash Hegde,S. Reddy,"Demo residence 98, Bengaluru Urban, Karnataka",91-74018-26954,2007 Jan 17,2007 Aug 28,2024 Mar 15,2024 Jan 29,55,09:00-18:00,Sunday,true,,,,,,,
MDB-00327,CG-0098,Factories,FACTORIES-0098-2,M/s Vijaya Retail LLP,LLP,DUZFL1098X,29DUZFL1098X1Z8,Prakash Hegde,records098@synthetic-setu.test,91-74018-26954,"No 108, Bommanahalli Industrial Area, Bommanahalli 560068",Bommanahalli,Bengaluru Urban,Karnataka,560068,Auto Components,FAC-10098,,,,,,,Closed,2025 Feb 06,Prakash Hegde; Prakash Hegde,P. Hegde,"Demo residence 98, Bengaluru Urban, Karnataka",91-74018-26954,2007 Jan 28,2007 Mar 23,2022 Feb 05,2022 May 24,56,09:30-18:30,Monday,false,,PAN card copy,Incorporation certificate,Lease deed,PLAN-10098,STAB-10098,
MDB-00328,CG-0098,BESCOM,BESCOM-0098-3,Vijaya Retail LLP,LLP,,,Naveen Shetty,records098@synthetic-setu.test,91-74018-26954,"Plot 108, Bommanahalli Industrial Area, Bommanahalli 560068",Bommanahalli,Bengaluru Urban,Karnataka,560068,Auto Components,,,,,BESCOM-10098,,,Active,2026 Apr 01,Naveen Shetty; Prakash Hegde,N. Shetty,"Demo residence 98, Bengaluru Urban, Karnataka",91-74018-26954,2007 Mar 07,2007 Jun 07,2026 May 14,2025 Aug 31,57,10:00-19:00,Second Saturday,true,,Aadhaar reference copy,Utility service connection record,,,,
MDB-00329,CG-0099,Shops and Establishments,SHOPS-0099-1,Hoysala Exports Pvt Ltd,Pvt Ltd,BADPAN099,,Raghavendra Murthy,,91-74059-27127,"Plot 109, Electronic City Phase 2, Electronic City 560100",Electronic City,Bengaluru Urban,Karnataka,560100,Retail,,SHOP-10099,,,,,,Closed,2025 Feb 02,Raghavendra Murthy; Naveen Shetty,R. Murthy,"Demo residence 99, Bengaluru Urban, Karnataka",91-74059-27127,2008 Feb 03,2008 Mar 28,2022 Feb 07,2022 Jun 01,65,09:00-18:00,Sunday,false,Rent agreement,Partnership deed,Factory licence application,,,,
MDB-00330,CG-0099,Factories,FACTORIES-0099-2,M/s Hoysala Exports Pvt Ltd,Pvt Ltd,DVAGM1099Y,29DVAGM1099Y1Z9,Divya Prasad,,91-74059-27127,"No 109, Electronic City Phase 2, Electronic City 560100",Electronic City,Bengaluru Urban,Karnataka,560100,Retail,FAC-10099,,,,,,,Active,2026 Apr 05,Divya Prasad; Naveen Shetty,D. Prasad,"Demo residence 99, Bengaluru Urban, Karnataka",91-74059-27127,2008 Feb 14,2008 Apr 19,2026 Apr 19,2025 Aug 12,66,09:30-18:30,Monday,true,Utility bill,,,Lease deed,PLAN-10099,STAB-10099,
MDB-00331,CG-0099,BWSSB,BWSSB-0099-3,Hoysala Exports Pvt Ltd,Pvt Ltd,,,Mohammed Sameer,,91-74059-27127,"Plot 109, Electronic City Phase 2, Electronic City 560100",Electronic City,Bengaluru Urban,Karnataka,560100,Retail,,,,,,BWSSB-10099,,Active,2026 Apr 20,Mohammed Sameer; Naveen Shetty,M. Sameer,"Demo residence 99, Bengaluru Urban, Karnataka",91-74059-27127,2008 Apr 04,2008 Jul 28,2026 Jun 08,2025 Oct 01,67,10:00-19:00,Second Saturday,true,Consent letter,PAN card copy,Utility service connection record,,,,
MDB-00332,CG-0100,Shops and Establishments,SHOPS-0100-1,Mysore Electronics Public Ltd,Public Ltd,BADPAN100,29DWBHN1100Z1Z0,Asha Rao,records100@synthetic-setu.test,91-74100-27300,"Plot 110, Bannerghatta Rd, Bannerghatta Rd 560076",Bannerghatta Road,Bengaluru Urban,Karnataka,560076,Textiles,,SHOP-10100,,,,,,Active,2026 Apr 01,Asha Rao; Anita Nair,A. Rao,,91-74100-27300,2009 Feb 20,2009 Apr 26,2026 Apr 21,2025 Aug 20,75,09:00-18:00,Sunday,true,Lease deed,Director KYC extract,Shop registration extract,,,,
MDB-00333,CG-0100,Factories,FACTORIES-0100-2,M/s Mysore Electronics Public Ltd,Public Ltd,DWBHN1100Z,29DWBHN1100Z1Z0,Kiran Kumar,records100@synthetic-setu.test,91-74100-27300,"No 110, Bannerghatta Road, Bannerghatta Road 560076",Bannerghatta Road,Bengaluru Urban,Karnataka,560076,Textiles,FAC-10100,,,,,,,Active,2026 Apr 12,Kiran Kumar; Anita Nair,K. Kumar,,91-74100-27300,2009 Mar 03,2009 May 18,2026 May 02,2025 Aug 31,76,09:30-18:30,Monday,true,Property tax receipt,Partnership deed,Factory licence application,Lease deed,,,
MDB-00334,CG-0100,Labour,LABOUR-0100-3,Mysore Electronix Public Ltd,Public Ltd,,29DWBHN1100Z1Z0,Meera Gowda,records100@synthetic-setu.test,91-74100-27300,"Plot 110, Bannerghatta Road, Bannerghatta Road 560076",Bannerghatta Road,Bengaluru Urban,Karnataka,560076,Textiles,,,LAB-10100,,,,,Active,2026 Apr 24,Meera Gowda; Anita Nair,M. Gowda,,91-74100-27300,2009 Mar 15,2009 Jun 11,2026 May 14,2025 Sep 12,77,10:00-19:00,Second Saturday,true,Rent agreement,,,,,,
MDB-00335,CG-0100,KSPCB,KSPCB-0100-4,MYSORE ELECTRONICS PUBLIC LTD,Public Ltd,,29DWBHN1100Z1Z0,Farhan Ahmed,records100@synthetic-setu.test,91-74100-27300,"No 110, Bannerghatta Road, Bannerghatta Road 560076",Bannerghatta Road,Bengaluru Urban,Karnataka,560076,Textiles,,,,KSPCB-10100,,,,Dormant,2025 Oct 08,Farhan Ahmed; Anita Nair,F. Ahmed,,91-74100-27300,2009 Mar 29,2009 Jul 09,2024 May 17,2024 Apr 13,78,Shift-based,Rotational,true,Utility bill,PAN card copy,Incorporation certificate,,,,
MDB-00336,CG-0101,Shops and Establishments,SHOPS-0101-1,Bengaluru Systems Enterprises,Other,BADPAN101,29DXCIO1101A1Z1,Prakash Hegde,records101@synthetic-setu.test,91-74141-27473,"Plot 111, Yelahanka Indl Area, Yelahanka 560064",Yelahanka,Bengaluru Urban,Karnataka,560064,Pharma,,SHOP-10101,,,,,,Active,2026 Apr 08,Prakash Hegde; Raghavendra Murthy,P. Hegde,"Demo residence 101, Bengaluru Urban, Karnataka",91-74141-27473,2010 Mar 09,2010 May 24,2026 May 04,2025 Sep 08,86,09:30-18:30,Monday,true,,Director KYC extract,Shop registration extract,,,,
MDB-00337,CG-0101,Factories,FACTORIES-0101-2,M/s Bengaluru Systems Enterprises,Other,DXCIO1101A,29DXCIO1101A1Z1,Naveen Shetty,records101@synthetic-setu.test,91-74141-27473,"No 111, Yelahanka Industrial Area, Yelahanka 560064",Yelahanka,Bengaluru Urban,Karnataka,560064,Pharma,FAC-10101,,,,,,,Active,2026 Apr 19,Naveen Shetty; Raghavendra Murthy,N. Shetty,"Demo residence 101, Bengaluru Urban, Karnataka",91-74141-27473,2010 Mar 20,2010 Jun 15,2026 May 15,2025 Sep 19,87,10:00-19:00,Second Saturday,true,Lease deed,Partnership deed,Factory licence application,Lease deed,PLAN-10101,STAB-10101,
MDB-00338,CG-0101,Labour,LABOUR-0101-3,Bengaluru Systems Enterprises,Other,DXCIO1101A,29DXCIO1101A1Z1,Anita Nair,records101@synthetic-setu.test,91-74141-27473,"Plot 111, Yelahanka Industrial Area, Yelahanka 560064",Yelahanka,Bengaluru Urban,Karnataka,560064,Pharma,,,LAB-10101,,,,,Dormant,2025 Oct 01,Anita Nair; Raghavendra Murthy,A. Nair,"Demo residence 101, Bengaluru Urban, Karnataka",91-74141-27473,2010 Apr 01,2010 Jul 09,2024 May 16,2024 Apr 18,88,Shift-based,Rotational,true,Property tax receipt,,,,,,
MDB-00339,CG-0102,Shops and Establishments,SHOPS-0102-1,Karnataka Fabricators Proprietorship,Proprietorship,BADPAN102,29DYDJP1102B1Z2,Divya Prasad,records102@synthetic-setu.test,91-74182-27646,"Plot 112, Whitefield Industrial Layout, Whitefield 560066",Whitefield,Bengaluru Urban,Karnataka,560066,Packaging,,SHOP-10102,,,,,,Active,2026 Apr 15,Divya Prasad; Divya Prasad,D. Prasad,"Demo residence 102, Bengaluru Urban, Karnataka",91-74182-27646,2011 Mar 26,2011 Jun 21,2026 May 17,2025 Sep 27,96,,Monday,true,Utility bill,,Partnership deed,,,,
MDB-00340,CG-0102,Factories,FACTORIES-0102-2,M/s Karnataka Fabricators Proprietorship,Proprietorship,,29DYDJP1102B1Z2,Mohammed Sameer,records102@synthetic-setu.test,91-74182-27646,"No 112, Whitefield Industrial Layout, Whitefield 560066",Whitefield,Bengaluru Urban,Karnataka,560066,Packaging,FAC-10102,,,,,,,Dormant,2025 Sep 26,Mohammed Sameer; Divya Prasad,M. Sameer,"Demo residence 102, Bengaluru Urban, Karnataka",91-74182-27646,2011 Apr 06,2011 Jul 13,2024 May 17,2024 Apr 25,97,,Second Saturday,false,Consent letter,,Shop registration extract,,PLAN-10102,STAB-10102,
MDB-00341,CG-0102,Labour,LABOUR-0102-3,Karnataka Fabricators Proprietorship,Proprietorship,DYDJP1102B,,Sunita Patil,records102@synthetic-setu.test,91-74182-27646,"Plot 112, Whitefield Industrial Layout, Whitefield 560066",Whitefield,Bengaluru Urban,Karnataka,560066,Packaging,,,LAB-10102,,,,,Closed,2024 Nov 18,Sunita Patil; Divya Prasad,S. Patil,"Demo residence 102, Bengaluru Urban, Karnataka",91-74182-27646,2011 Apr 18,2011 Aug 06,2022 Apr 10,2022 Aug 20,98,,Rotational,false,,,Factory licence application,,,,
MDB-00342,CG-0103,Shops and Establishments,SHOPS-0103-1,Sampige Packaging Partnership,Partnership,BADPAN103,29DZEKQ1103C1Z3,Kiran Kumar,records103@synthetic-setu.test,91-74223-27819,"Plot 113, Marathahalli Outer Ring Rd, Marathahalli 560037",Marathahalli,Bengaluru Urban,Karnataka,560037,Precision Tools,,SHOP-10103,,,,,,Dormant,2025 Sep 22,Kiran Kumar; Mohammed Sameer,K. Kumar,"Demo residence 103, Bengaluru Urban, Karnataka",91-74223-27819,2012 Apr 11,2012 Jul 18,2024 May 19,2024 May 03,106,09:30-18:30,Monday,true,Property tax receipt,PAN card copy,Incorporation certificate,,,,
MDB-00343,CG-0103,Factories,FACTORIES-0103-2,M/s Sampige Packaging Partnership,Partnership,DZEKQ1103C,29DZEKQ1103C1Z3,Meera Gowda,records103@synthetic-setu.test,91-74223-27819,"No 113, Marathahalli Outer Ring Road, Marathahalli 560037",Marathahalli,Bengaluru Urban,Karnataka,560037,Precision Tools,FAC-10103,,,,,,,Closed,2024 Nov 13,Meera Gowda; Mohammed Sameer,M. Gowda,"Demo residence 103, Bengaluru Urban, Karnataka",91-74223-27819,2012 Apr 22,2012 Aug 09,2022 Apr 11,2022 Aug 27,107,10:00-19:00,Second Saturday,false,Rent agreement,Aadhaar reference copy,Partnership deed,Lease deed,PLAN-10103,STAB-10103,
MDB-00344,CG-0103,Labour,LABOUR-0103-3,Sampige Packaging Partnership,Partnership,DZEKQ1103C,29DZEKQ1103C1Z3,Farhan Ahmed,records103@synthetic-setu.test,91-74223-27819,"Plot 113, Marathahalli Outer Ring Road, Marathahalli 560037",Marathahalli,Bengaluru Urban,Karnataka,560037,Precision Tools,,,LAB-10103,,,,,Active,2026 Apr 10,Farhan Ahmed; Mohammed Sameer,F. Ahmed,"Demo residence 103, Bengaluru Urban, Karnataka",91-74223-27819,2012 May 04,2012 Sep 02,2026 Jan 03,2025 Nov 08,108,Shift-based,Rotational,true,Utility bill,Director KYC extract,Shop registration extract,,,,
MDB-00345,CG-0104,Shops and Establishments,SHOPS-0104-1,Deccan Textiles LLP,LLP,BADPAN104,29EAFLR1104D1Z4,Prakash Hegde,records104@synthetic-setu.test,91-74264-27992,"Plot 114, Peenya Indl Area, Peenya 560058",Peenya,Bengaluru Urban,Karnataka,560058,Logistics,,SHOP-10104,,,,,,Closed,2024 Nov 09,Prakash Hegde; Sunita Patil,P. Hegde,"Demo residence 104, Bengaluru Urban, Karnataka",91-74264-27992,2013 Apr 29,2013 Aug 16,2022 Apr 13,2022 Sep 04,116,09:30-18:30,Monday,false,,,,,,,
MDB-00346,CG-0104,Factories,FACTORIES-0104-2,M/s Deccan Textiles LLP,LLP,EAFLR1104D,29EAFLR1104D1Z4,Naveen Shetty,records104@synthetic-setu.test,91-74264-27992,"No 114, Peenya Industrial Area, Peenya 560058",Peenya,Bengaluru Urban,Karnataka,560058,Logistics,FAC-10104,,,,,,,Active,2026 Apr 05,Naveen Shetty; Sunita Patil,N. Shetty,"Demo residence 104, Bengaluru Urban, Karnataka",91-74264-27992,2013 May 10,2013 Sep 07,2026 Jan 04,2025 Nov 15,117,10:00-19:00,Second Saturday,true,Lease deed,PAN card copy,,Lease deed,PLAN-10104,,
MDB-00347,CG-0104,Labour,LABOUR-0104-3,Deccan Textiles LLP,LLP,EAFLR1104D,,Anita Nair,records104@synthetic-setu.test,91-74264-27992,"Plot 114, Peenya Industrial Area, Peenya 560058",Peenya,Bengaluru Urban,Karnataka,560058,Logistics,,,LAB-10104,,,,,Active,2026 Apr 17,Anita Nair; Sunita Patil,A. Nair,"Demo residence 104, Bengaluru Urban, Karnataka",91-74264-27992,2013 May 22,2013 Oct 01,2026 Jan 16,2025 Nov 27,118,Shift-based,Rotational,true,Property tax receipt,Aadhaar reference copy,,,,,
MDB-00348,CG-0105,Shops and Establishments,SHOPS-0105-1,Sahyadri Devices Pvt Ltd,Pvt Ltd,EBGMS1105E,29BADGSTIN105XX,Divya Prasad,records105@synthetic-setu.test,91-74305-28165,"Plot 115, MG Rd, Bengaluru Central 560001",Bengaluru Central,Bengaluru Urban,Karnataka,560001,Food Processing,,SHOP-10105,,,,,,Active,2026 Apr 01,Divya Prasad; Asha Rao,D. Prasad,"Demo residence 105, Bengaluru Urban, Karnataka",91-74305-28165,2014 May 16,2014 Sep 13,2026 Jan 06,2025 Nov 23,126,09:30-18:30,Monday,true,,Partnership deed,Factory licence application,,,,
MDB-00349,CG-0105,Factories,FACTORIES-0105-2,M/s Sahyadri Devices Pvt Ltd,Pvt Ltd,EBGMS1105E,29KSZGP6385D1Z5,Mohammed Sameer,records105@synthetic-setu.test,91-74305-28165,"No 115, MG Road, Bengaluru Central 560001",Bengaluru Central,Bengaluru Urban,Karnataka,560001,Food Processing,FAC-10105,,,,,,,Active,2026 Apr 12,Mohammed Sameer; Asha Rao,M. Sameer,"Demo residence 105, Bengaluru Urban, Karnataka",91-74305-28165,2014 May 27,2014 Oct 05,2026 Jan 17,2025 Dec 04,127,10:00-19:00,Second Saturday,true,,,,Lease deed,,STAB-10105,
MDB-00350,CG-0105,Labour,LABOUR-0105-3,Sahyadri Devices Pvt Ltd,Pvt Ltd,,,Sunita Patil,records105@synthetic-setu.test,91-74305-28165,"Plot 115, MG Road, Bengaluru Central 560001",Bengaluru Central,Bengaluru Urban,Karnataka,560001,Food Processing,,,LAB-10105,,,,,Active,2026 Apr 24,Sunita Patil; Asha Rao,S. Patil,"Demo residence 105, Bengaluru Urban, Karnataka",91-74305-28165,2014 Jun 08,2014 Oct 29,2026 Jan 29,2025 Dec 16,128,Shift-based,Rotational,true,,PAN card copy,Incorporation certificate,,,,
MDB-00351,CG-0105,BESCOM,BESCOM-0105-4,SAHYADRI DEVICES PVT LTD,Pvt Ltd,EBGMS1105E,29EBGMS1105E1Z5,Asha Rao,,91-74305-28165,"No 115, MG Road, Bengaluru Central 560001",Bengaluru Central,Bengaluru Urban,Karnataka,560001,Food Processing,,,,,BESCOM-10105,,,Dormant,2025 Nov 24,Asha Rao; Asha Rao,A. Rao,"Demo residence 105, Bengaluru Urban, Karnataka",91-74305-28165,2014 Jul 04,2014 Dec 20,2024 Aug 02,2023 Sep 03,129,09:00-18:00,Sunday,false,,Aadhaar reference copy,Utility service connection record,,,,
MDB-00352,CG-0106,Shops and Establishments,SHOPS-0106-1,Namma Foods Public Ltd,Public Ltd,ECHNT1106F,29BADGSTIN106XX,Meera Gowda,records106@synthetic-setu.test,91-74346-28338,"Plot 116, Bommanahalli Indl Area, Bommanahalli 560068",Bommanahalli,Bengaluru Urban,Karnataka,560068,IT Services,,SHOP-10106,,,,,,Active,2026 Apr 08,Meera Gowda; Kiran Kumar,M. Gowda,"Demo residence 106, Bengaluru Urban, Karnataka",91-74346-28338,2015 Jun 02,2015 Oct 11,2026 Jan 19,2025 Dec 12,137,10:00-19:00,Second Saturday,true,Rent agreement,Partnership deed,Factory licence application,,,,
MDB-00353,CG-0106,Factories,FACTORIES-0106-2,M/s Namma Foods Public Ltd,Public Ltd,ECHNT1106F,29ECHNT1106F1Z6,Farhan Ahmed,records106@synthetic-setu.test,91-74346-28338,"No 116, Bommanahalli Industrial Area, Bommanahalli 560068",Bommanahalli,Bengaluru Urban,Karnataka,560068,IT Services,FAC-10106,,,,,,,Active,2026 Apr 19,Farhan Ahmed; Kiran Kumar,F. Ahmed,"Demo residence 106, Bengaluru Urban, Karnataka",91-74346-28338,2015 Jun 13,2015 Nov 02,2026 Jan 30,2025 Dec 23,138,Shift-based,Rotational,true,Utility bill,,,Lease deed,PLAN-10106,STAB-10106,
MDB-00354,CG-0106,Labour,LABOUR-0106-3,Namma Foods Public Ltd,Public Ltd,ECHNT1106F,29ECHNT1106F1Z6,Sowmya Reddy,records106@synthetic-setu.test,91-74346-28338,"Plot 116, Bommanahalli Industrial Area, Bommanahalli 560068",Bommanahalli,Bengaluru Urban,Karnataka,560068,IT Services,,,LAB-10106,,,,,Dormant,2025 Nov 05,Sowmya Reddy; Kiran Kumar,S. Reddy,"Demo residence 106, Bengaluru Urban, Karnataka",91-74346-28338,2015 Jun 25,2015 Nov 26,2024 Jul 20,2023 Aug 27,139,09:00-18:00,Sunday,true,Consent letter,PAN card copy,Incorporation certificate,,,,
MDB-00355,CG-0107,Shops and Establishments,SHOPS-0107-1,Udaya Chemicals Enterprises,Other,EDIOU1107G,29BADGSTIN107XX,Naveen Shetty,records107@synthetic-setu.test,91-74387-28511,"Plot 117, Electronic City Phase 2, Electronic City 560100",Electronic City,Bengaluru Urban,Karnataka,560100,Electronics,,SHOP-10107,,,,,,Active,2026 Apr 15,Naveen Shetty; Meera Gowda,N. Shetty,"Demo residence 107, Bengaluru Urban, Karnataka",91-74387-28511,2016 Jun 18,2016 Nov 07,2026 Feb 01,2025 Dec 31,147,10:00-19:00,Second Saturday,true,Lease deed,Director KYC extract,Shop registration extract,,,,
MDB-00356,CG-0107,Factories,FACTORIES-0107-2,M/s Udaya Chemicals Enterprises,Other,EDIOU1107G,29EDIOU1107G1Z7,Anita Nair,records107@synthetic-setu.test,91-74387-28511,"No 117, Electronic City Phase 2, Electronic City 560100",Electronic City,Bengaluru Urban,Karnataka,560100,Electronics,FAC-10107,,,,,,,Dormant,2025 Oct 31,Anita Nair; Meera Gowda,A. Nair,"Demo residence 107, Bengaluru Urban, Karnataka",91-74387-28511,2016 Jun 29,2016 Nov 29,2024 Jul 21,2023 Sep 03,148,Shift-based,Rotational,true,Property tax receipt,Partnership deed,Factory licence application,Lease deed,PLAN-10107,STAB-10107,
MDB-00357,CG-0107,Labour,LABOUR-0107-3,Udaya Chemicals Enterprises,Other,EDIOU1107G,29EDIOU1107G1Z7,Raghavendra Murthy,records107@synthetic-setu.test,91-74387-28511,"Plot 117, Electronic City Phase 2, Electronic City 560100",Electronic City,Bengaluru Urban,Karnataka,560100,Electronics,,,LAB-10107,,,,,Closed,2024 Dec 23,Raghavendra Murthy; Meera Gowda,R. Murthy,"Demo residence 107, Bengaluru Urban, Karnataka",91-74387-28511,2016 Jul 11,2016 Dec 23,2022 Jun 14,2022 Nov 23,149,09:00-18:00,Sunday,false,Rent agreement,,,,,,
MDB-00358,CG-0108,Shops and Establishments,SHOPS-0108-1,Basava Industries Proprietorship,Proprietorship,EEJPV1108H,29BADGSTIN108XX,Mohammed Sameer,,91-74428-28684,"Plot 118, Bannerghatta Rd, Bannerghatta Rd 560076",Bannerghatta Road,Bengaluru Urban,Karnataka,560076,Manufacturing,,SHOP-10108,,,,,,Dormant,2025 Oct 27,Mohammed Sameer; Farhan Ahmed,M. Sameer,"Demo residence 108, Bengaluru Urban, Karnataka",91-74428-28684,2017 Jul 06,2017 Dec 06,2024 Jul 23,2023 Sep 11,157,10:00-19:00,Second Saturday,false,Consent letter,,Partnership deed,,,,
MDB-00359,CG-0108,Factories,FACTORIES-0108-2,M/s Basava Industries Proprietorship,Proprietorship,EEJPV1108H,29EEJPV1108H1Z8,Sunita Patil,,91-74428-28684,"No 118, Bannerghatta Road, Bannerghatta Road 560076",Bannerghatta Road,Bengaluru Urban,Karnataka,560076,Manufacturing,FAC-10108,,,,,,,Closed,2024 Dec 18,Sunita Patil; Farhan Ahmed,S. Patil,"Demo residence 108, Bengaluru Urban, Karnataka",91-74428-28684,2017 Jul 17,2017 Dec 28,2022 Jun 15,2022 Nov 30,158,Shift-based,Rotational,false,,,Shop registration extract,,PLAN-10108,,
MDB-00360,CG-0108,Labour,LABOUR-0108-3,Basava Industries Proprietorship,Proprietorship,EEJPV1108H,,Asha Rao,,91-74428-28684,"Plot 118, Bannerghatta Road, Bannerghatta Road 560076",Bannerghatta Road,Bengaluru Urban,Karnataka,560076,Manufacturing,,,LAB-10108,,,,,Active,2026 Apr 10,Asha Rao; Farhan Ahmed,A. Rao,"Demo residence 108, Bengaluru Urban, Karnataka",91-74428-28684,2017 Jul 29,2018 Jan 21,2026 Mar 09,2026 Feb 11,159,09:00-18:00,Sunday,true,Lease deed,,Factory licence application,,,,
MDB-00361,CG-0109,Shops and Establishments,SHOPS-0109-1,Chamundi Components Partnership,Partnership,EFKQW1109I,29BADGSTIN109XX,Meera Gowda,records109@synthetic-setu.test,91-74469-28857,"Plot 119, Yelahanka Indl Area, Yelahanka 560064",Yelahanka,Bengaluru Urban,Karnataka,560064,Chemicals,,SHOP-10109,,,,,,Closed,2024 Dec 14,Meera Gowda; Sowmya Reddy,M. Gowda,"Demo residence 109, Bengaluru Urban, Karnataka",91-74469-28857,2018 Jul 23,2019 Jan 03,2022 Jun 17,2022 Dec 08,167,10:00-19:00,Second Saturday,false,Rent agreement,PAN card copy,Incorporation certificate,,,,
MDB-00362,CG-0109,Factories,FACTORIES-0109-2,M/s Chamundi Components Partnership,Partnership,EFKQW1109I,29EFKQW1109I1Z9,Farhan Ahmed,records109@synthetic-setu.test,91-74469-28857,"No 119, Yelahanka Industrial Area, Yelahanka 560064",Yelahanka,Bengaluru Urban,Karnataka,560064,Chemicals,FAC-10109,,,,,,,Active,2026 Apr 05,Farhan Ahmed; Sowmya Reddy,F. Ahmed,"Demo residence 109, Bengaluru Urban, Karnataka",91-74469-28857,2018 Aug 03,2019 Jan 25,2026 Mar 10,2025 Jun 03,168,Shift-based,Rotational,true,Utility bill,Aadhaar reference copy,Partnership deed,Lease deed,PLAN-10109,STAB-10109,
MDB-00363,CG-0109,Labour,LABOUR-0109-3,Chamundi Comp Partnership,Partnership,EFKQW1109I,29EFKQW1109I1Z9,Sowmya Reddy,records109@synthetic-setu.test,91-74469-28857,"Plot 119, Yelahanka Industrial Area, Yelahanka 560064",Yelahanka,Bengaluru Urban,Karnataka,560064,Chemicals,,,LAB-10109,,,,,Active,2026 Apr 17,Sowmya Reddy; Sowmya Reddy,S. Reddy,"Demo residence 109, Bengaluru Urban, Karnataka",91-74469-28857,2018 Aug 15,2019 Feb 18,2026 Mar 22,2025 Jun 15,169,09:00-18:00,Sunday,true,Consent letter,Director KYC extract,Shop registration extract,,,,
MDB-00364,CG-0110,Shops and Establishments,SHOPS-0110-1,Rajatha Pharma LLP,LLP,EGLRX1110J,,Naveen Shetty,records110@synthetic-setu.test,91-74510-29030,"Plot 120, Whitefield Industrial Layout, Whitefield 560066",Whitefield,Bengaluru Urban,Karnataka,560066,Auto Components,,SHOP-10110,,,,,,Active,2026 Apr 01,Naveen Shetty; Prakash Hegde,N. Shetty,,91-74510-29030,2019 Aug 09,2020 Jan 31,2026 Mar 12,2025 Jun 11,177,10:00-19:00,Second Saturday,true,Lease deed,,,,,,
MDB-00365,CG-0110,Factories,FACTORIES-0110-2,M/s Rajatha Pharma LLP,LLP,EGLRX1110J,29EGLRX1110J1Z0,Anita Nair,records110@synthetic-setu.test,91-74510-29030,"No 120, Whitefield Industrial Layout, Whitefield 560066",Whitefield,Bengaluru Urban,Karnataka,560066,Auto Components,FAC-10110,,,,,,,Active,2026 Apr 12,Anita Nair; Prakash Hegde,A. Nair,,91-74510-29030,2019 Aug 20,2020 Feb 22,2026 Mar 23,2025 Jun 22,178,Shift-based,Rotational,true,Property tax receipt,PAN card copy,Incorporation certificate,Lease deed,,STAB-10110,
MDB-00366,CG-0110,Labour,LABOUR-0110-3,Rajatha Pharma LLP,LLP,,29EGLRX1110J1Z0,Raghavendra Murthy,records110@synthetic-setu.test,91-74510-29030,"Plot 120, Whitefield Industrial Layout, Whitefield 560066",Whitefield,Bengaluru Urban,Karnataka,560066,Auto Components,,,LAB-10110,,,,,Active,2026 Apr 24,Raghavendra Murthy; Prakash Hegde,R. Murthy,,91-74510-29030,2019 Sep 01,2020 Mar 17,2026 Apr 04,2025 Jul 04,179,09:00-18:00,Sunday,true,Rent agreement,Aadhaar reference copy,Partnership deed,,,,
MDB-00367,CG-0110,BWSSB,BWSSB-0110-4,RAJATHA PHARMA LLP,LLP,EGLRX1110J,,Divya Prasad,records110@synthetic-setu.test,91-74510-29030,"No 120, Whitefield Industrial Layout, Whitefield 560066",Whitefield,Bengaluru Urban,Karnataka,560066,Auto Components,,,,,,BWSSB-10110,,Dormant,2025 Oct 02,Divya Prasad; Prakash Hegde,D. Prasad,,91-74510-29030,2019 Oct 09,2019 Dec 04,2024 Feb 21,2023 Dec 19,180,09:30-18:30,Monday,true,Utility bill,Director KYC extract,Utility service connection record,,,,
MDB-00368,CG-0111,Shops and Establishments,SHOPS-0111-1,Hemavathi Works Pvt Ltd,Pvt Ltd,EHMSY1111K,29BADGSTIN111XX,Sunita Patil,records111@synthetic-setu.test,91-74551-29203,"Plot 121, Marathahalli Outer Ring Rd, Marathahalli 560037",Marathahalli,Bengaluru Urban,Karnataka,560037,Retail,,SHOP-10111,,,,,,Active,2026 Apr 08,Sunita Patil; Naveen Shetty,S. Patil,"Demo residence 111, Bengaluru Urban, Karnataka",91-74551-29203,2020 Aug 25,2021 Feb 27,2026 Mar 25,2025 Jun 30,188,Shift-based,Rotational,true,,,,,,,
MDB-00369,CG-0111,Factories,FACTORIES-0111-2,M/s Hemavathi Works Pvt Ltd,Pvt Ltd,EHMSY1111K,29EHMSY1111K1Z1,Asha Rao,records111@synthetic-setu.test,91-74551-29203,"No 121, Marathahalli Outer Ring Road, Marathahalli 560037",Marathahalli,Bengaluru Urban,Karnataka,560037,Retail,FAC-10111,,,,,,,Active,2026 Apr 19,Asha Rao; Naveen Shetty,A. Rao,"Demo residence 111, Bengaluru Urban, Karnataka",91-74551-29203,2020 Sep 05,2021 Mar 21,2026 Apr 05,2025 Jul 11,189,09:00-18:00,Sunday,true,Lease deed,PAN card copy,Incorporation certificate,Lease deed,PLAN-10111,STAB-10111,
MDB-00370,CG-0111,Labour,LABOUR-0111-3,Hemavathi Works Pvt Ltd,Pvt Ltd,EHMSY1111K,,Kiran Kumar,records111@synthetic-setu.test,91-74551-29203,"Plot 121, Marathahalli Outer Ring Road, Marathahalli 560037",Marathahalli,Bengaluru Urban,Karnataka,560037,Retail,,,LAB-10111,,,,,Dormant,2025 Sep 01,Kiran Kumar; Naveen Shetty,K. Kumar,"Demo residence 111, Bengaluru Urban, Karnataka",91-74551-29203,2020 Sep 17,2021 Apr 14,2024 Jan 27,2023 Nov 30,190,09:30-18:30,Monday,false,Property tax receipt,Aadhaar reference copy,Partnership deed,,,,
MDB-00371,CG-0112,Shops and Establishments,SHOPS-0112-1,Kaveri Tools Public Ltd,Public Ltd,EINTZ1112L,29BADGSTIN112XX,Farhan Ahmed,records112@synthetic-setu.test,91-74592-29376,"Plot 122, Peenya Indl Area, Peenya 560058",Peenya,Bengaluru Urban,Karnataka,560058,Textiles,,SHOP-10112,,,,,,Active,2026 Apr 15,Farhan Ahmed; Anita Nair,F. Ahmed,"Demo residence 112, Bengaluru Urban, Karnataka",91-74592-29376,2007 Sep 12,2008 Mar 27,2026 Apr 07,2025 Jul 19,198,Shift-based,Rotational,true,,Partnership deed,,,,,
MDB-00372,CG-0112,Factories,FACTORIES-0112-2,M/s Kaveri Tools Public Ltd,Public Ltd,EINTZ1112L,29EINTZ1112L1Z2,Sowmya Reddy,records112@synthetic-setu.test,91-74592-29376,"No 122, Peenya Industrial Area, Peenya 560058",Peenya,Bengaluru Urban,Karnataka,560058,Textiles,FAC-10112,,,,,,,Dormant,2025 Dec 05,Sowmya Reddy; Anita Nair,S. Reddy,"Demo residence 112, Bengaluru Urban, Karnataka",91-74592-29376,2007 Sep 23,2008 Apr 18,2024 Jan 28,2023 Dec 07,199,09:00-18:00,Sunday,true,,,,Lease deed,PLAN-10112,,
MDB-00373,CG-0112,BESCOM,BESCOM-0112-3,Kaveri Tools Public Ltd,Public Ltd,,29EINTZ1112L1Z2,Prakash Hegde,records112@synthetic-setu.test,,"Plot 122, Peenya Industrial Area, Peenya 560058",Peenya,Bengaluru Urban,Karnataka,560058,Textiles,,,,,BESCOM-10112,,,Closed,2025 Feb 22,Prakash Hegde; Anita Nair,P. Hegde,"Demo residence 112, Bengaluru Urban, Karnataka",,2007 Oct 31,2008 Jan 05,2022 Jan 06,2022 Jul 07,,09:30-18:30,Monday,false,,PAN card copy,Utility service connection record,,,,
MDB-00374,CG-0113,Shops and Establishments,SHOPS-0113-1,Malnad Logistics Enterprises,Other,EJOUA1113M,29BADGSTIN113XX,Anita Nair,records113@synthetic-setu.test,91-74633-29549,"Plot 123, MG Rd, Bengaluru Central 560001",Bengaluru Central,Bengaluru Urban,Karnataka,560001,Pharma,,SHOP-10113,,,,,,Dormant,2025 Dec 01,Anita Nair; Raghavendra Murthy,A. Nair,"Demo residence 113, Bengaluru Urban, Karnataka",91-74633-29549,2008 Sep 28,2009 Apr 24,2024 Jan 30,2023 Dec 15,208,Shift-based,Rotational,true,Property tax receipt,Director KYC extract,Shop registration extract,,,,
MDB-00375,CG-0113,Factories,FACTORIES-0113-2,M/s Malnad Logistics Enterprises,Other,EJOUA1113M,29EJOUA1113M1Z3,Raghavendra Murthy,records113@synthetic-setu.test,91-74633-29549,"No 123, MG Road, Bengaluru Central 560001",Bengaluru Central,Bengaluru Urban,Karnataka,560001,Pharma,FAC-10113,,,,,,,Closed,2025 Jan 22,Raghavendra Murthy; Raghavendra Murthy,R. Murthy,"Demo residence 113, Bengaluru Urban, Karnataka",91-74633-29549,2008 Oct 09,2009 May 16,2022 Aug 19,2022 Jun 18,209,09:00-18:00,Sunday,false,Rent agreement,Partnership deed,Factory licence application,Lease deed,PLAN-10113,STAB-10113,
MDB-00376,CG-0113,Labour,LABOUR-0113-3,Malnad Logistics Enterprises,Other,EJOUA1113M,29EJOUA1113M1Z3,Divya Prasad,records113@synthetic-setu.test,91-74633-29549,"Plot 123, MG Road, Bengaluru Central 560001",Bengaluru Central,Bengaluru Urban,Karnataka,560001,Pharma,,,LAB-10113,,,,,Active,2026 Apr 10,Divya Prasad; Raghavendra Murthy,D. Prasad,"Demo residence 113, Bengaluru Urban, Karnataka",91-74633-29549,2008 Oct 21,2008 Dec 11,2026 May 13,2025 Aug 30,210,09:30-18:30,Monday,true,Utility bill,,,,,,
MDB-00377,CG-0114,Shops and Establishments,SHOPS-0114-1,Vijaya Retail Proprietorship,Proprietorship,LTAHQ3618Q,29FOTZF1144R1Z4,Sunita Patil,records114@synthetic-setu.test,91-74674-29722,"Plot 124, Bommanahalli Indl Area, Bommanahalli 560068",Bommanahalli,Bengaluru Urban,Karnataka,560068,Packaging,,SHOP-10114,,,,,,Closed,2025 Jan 18,Sunita Patil; Divya Prasad,S. Patil,"Demo residence 114, Bengaluru Urban, Karnataka",91-74674-29722,2009 Oct 16,2010 May 23,2022 Aug 21,2022 Jun 26,218,Shift-based,Rotational,false,,,Partnership deed,,,,
MDB-00378,CG-0114,Factories,FACTORIES-0114-2,M/s Vijaya Retail Proprietorship,Proprietorship,EKPVB1114N,29EKPVB1114N1Z4,Asha Rao,records114@synthetic-setu.test,91-74674-29722,"No 124, Bommanahalli Industrial Area, Bommanahalli 560068",Bommanahalli,Bengaluru Urban,Karnataka,560068,Packaging,FAC-10114,,,,,,,Active,2026 Apr 05,Asha Rao; Divya Prasad,A. Rao,"Demo residence 114, Bengaluru Urban, Karnataka",91-74674-29722,2009 Oct 27,2009 Dec 16,2026 May 14,2025 Sep 06,219,09:00-18:00,Sunday,true,Lease deed,,Shop registration extract,,PLAN-10114,STAB-10114,
MDB-00379,CG-0114,Labour,LABOUR-0114-3,Vijaya Retail Proprietorship,Proprietorship,EKPVB1114N,,Kiran Kumar,records114@synthetic-setu.test,91-74674-29722,"Plot 124, Bommanahalli Industrial Area, Bommanahalli 560068",Bommanahalli,Bengaluru Urban,Karnataka,560068,Packaging,,,LAB-10114,,,,,Active,2026 Apr 17,Kiran Kumar; Divya Prasad,K. Kumar,"Demo residence 114, Bengaluru Urban, Karnataka",91-74674-29722,2009 Nov 08,2010 Jan 09,2026 May 26,2025 Sep 18,220,09:30-18:30,Monday,true,Property tax receipt,,Factory licence application,,,,
MDB-00380,CG-0115,Shops and Establishments,SHOPS-0115-1,Hoysala Exports Partnership,Partnership,ELQWC1115O,29FPUAG1145S1Z5,Farhan Ahmed,records115@synthetic-setu.test,91-74715-29895,"Plot 125, Electronic City Phase 2, Electronic City 560100",Electronic City,Bengaluru Urban,Karnataka,560100,Precision Tools,,SHOP-10115,,,,,,Active,2026 Apr 01,Farhan Ahmed; Mohammed Sameer,F. Ahmed,"Demo residence 115, Bengaluru Urban, Karnataka",91-74715-29895,2010 Nov 02,2010 Dec 22,2026 May 16,2025 Sep 14,228,Shift-based,Rotational,true,Utility bill,PAN card copy,Incorporation certificate,,,,
MDB-00381,CG-0115,Factories,FACTORIES-0115-2,M/s Hoysala Exports Partnership,Partnership,ELQWC1115O,29ELQWC1115O1Z5,Sowmya Reddy,records115@synthetic-setu.test,91-74715-29895,"No 125, Electronic City Phase 2, Electronic City 560100",Electronic City,Bengaluru Urban,Karnataka,560100,Precision Tools,FAC-10115,,,,,,,Active,2026 Apr 12,Sowmya Reddy; Mohammed Sameer,S. Reddy,"Demo residence 115, Bengaluru Urban, Karnataka",91-74715-29895,2010 Nov 13,2011 Jan 13,2026 May 27,2025 Sep 25,229,09:00-18:00,Sunday,true,Consent letter,Aadhaar reference copy,Partnership deed,Lease deed,,STAB-10115,
MDB-00382,CG-0115,Labour,LABOUR-0115-3,Hoysala Exports Partnership,Partnership,,29ELQWC1115O1Z5,Prakash Hegde,records115@synthetic-setu.test,91-74715-29895,"Plot 125, Electronic City Phase 2, Electronic City 560100",Electronic City,Bengaluru Urban,Karnataka,560100,Precision Tools,,,LAB-10115,,,,,Active,2026 Apr 24,Prakash Hegde; Mohammed Sameer,P. Hegde,"Demo residence 115, Bengaluru Urban, Karnataka",91-74715-29895,2010 Nov 25,2011 Feb 06,2026 Jun 08,2025 Oct 07,230,09:30-18:30,Monday,true,,Director KYC extract,Shop registration extract,,,,
MDB-00383,CG-0115,KSPCB,KSPCB-0115-4,HOYSALA EXPORTS PARTNERSHIP,Partnership,ELQWC1115O,29ELQWC1115O1Z5,Naveen Shetty,records115@synthetic-setu.test,91-74715-29895,"No 125, Electronic City Phase 2, Electronic City 560100",Electronic City,Bengaluru Urban,Karnataka,560100,Precision Tools,,,,KSPCB-10115,,,,Dormant,2025 Oct 13,Naveen Shetty; Mohammed Sameer,N. Shetty,"Demo residence 115, Bengaluru Urban, Karnataka",91-74715-29895,2010 Jan 13,2010 Apr 10,2024 Apr 02,2024 Feb 28,231,10:00-19:00,Second Saturday,true,Lease deed,Partnership deed,Factory licence application,,,,
MDB-00384,CG-0116,Shops and Establishments,SHOPS-0116-1,Mysore Electronics LLP,LLP,EMRXD1116P,29FQVBH1146T1Z6,Raghavendra Murthy,records116@synthetic-setu.test,91-74756-30068,"Plot 126, Bannerghatta Rd, Bannerghatta Rd 560076",Bannerghatta Road,Bengaluru Urban,Karnataka,560076,Logistics,,SHOP-10116,,,,,,Active,2026 Apr 08,Raghavendra Murthy; Sunita Patil,R. Murthy,"Demo residence 116, Bengaluru Urban, Karnataka",91-74756-30068,2011 Nov 19,2012 Jan 19,2026 May 29,2025 Oct 03,239,09:00-18:00,Sunday,true,Rent agreement,PAN card copy,Incorporation certificate,,,,
MDB-00385,CG-0116,Factories,FACTORIES-0116-2,M/s Mysore Electronics LLP,LLP,EMRXD1116P,29EMRXD1116P1Z6,Divya Prasad,records116@synthetic-setu.test,91-74756-30068,"No 126, Bannerghatta Road, Bannerghatta Road 560076",Bannerghatta Road,Bengaluru Urban,Karnataka,560076,Logistics,FAC-10116,,,,,,,Active,2026 Apr 19,Divya Prasad; Sunita Patil,D. Prasad,"Demo residence 116, Bengaluru Urban, Karnataka",91-74756-30068,2011 Jan 04,2011 Mar 17,2026 Jun 09,2025 Oct 14,240,09:30-18:30,Monday,true,Utility bill,Aadhaar reference copy,Partnership deed,Lease deed,PLAN-10116,,
MDB-00386,CG-0116,Labour,LABOUR-0116-3,Mysore Electronix LLP,LLP,EMRXD1116P,29EMRXD1116P1Z6,Mohammed Sameer,records116@synthetic-setu.test,91-74756-30068,"Plot 126, Bannerghatta Road, Bannerghatta Road 560076",Bannerghatta Road,Bengaluru Urban,Karnataka,560076,Logistics,,,LAB-10116,,,,,Dormant,2025 Oct 06,Mohammed Sameer; Sunita Patil,M. Sameer,"Demo residence 116, Bengaluru Urban, Karnataka",91-74756-30068,2011 Jan 16,2011 Apr 10,2024 Apr 01,2024 Mar 04,241,10:00-19:00,Second Saturday,true,Consent letter,Director KYC extract,Shop registration extract,,,,
MDB-00387,CG-0117,Shops and Establishments,SHOPS-0117-1,Bengaluru Systems Pvt Ltd,Pvt Ltd,ENSYE1117Q,29FRWCI1147U1Z7,Asha Rao,,91-74797-30241,"Plot 127, Yelahanka Indl Area, Yelahanka 560064",Yelahanka,Bengaluru Urban,Karnataka,560064,Food Processing,,SHOP-10117,,,,,,Active,2026 Apr 15,Asha Rao; Asha Rao,A. Rao,"Demo residence 117, Bengaluru Urban, Karnataka",91-74797-30241,2012 Jan 10,2012 Mar 22,2026 Jun 11,2025 Oct 22,9,09:00-18:00,Sunday,true,Lease deed,,,,,,
MDB-00388,CG-0117,Factories,FACTORIES-0117-2,M/s Bengaluru Systems Pvt Ltd,Pvt Ltd,ENSYE1117Q,29ENSYE1117Q1Z7,Kiran Kumar,,91-74797-30241,"No 127, Yelahanka Industrial Area, Yelahanka 560064",Yelahanka,Bengaluru Urban,Karnataka,560064,Food Processing,FAC-10117,,,,,,,Dormant,2025 Oct 01,Kiran Kumar; Asha Rao,K. Kumar,"Demo residence 117, Bengaluru Urban, Karnataka",91-74797-30241,2012 Jan 21,2012 Apr 13,2024 Apr 02,2024 Mar 11,10,09:30-18:30,Monday,false,Property tax receipt,PAN card copy,Incorporation certificate,Lease deed,PLAN-10117,STAB-10117,
MDB-00389,CG-0117,Labour,LABOUR-0117-3,Bengaluru Systems Pvt Ltd,Pvt Ltd,ENSYE1117Q,,Meera Gowda,,91-74797-30241,"Plot 127, Yelahanka Industrial Area, Yelahanka 560064",Yelahanka,Bengaluru Urban,Karnataka,560064,Food Processing,,,LAB-10117,,,,,Closed,2024 Nov 03,Meera Gowda; Asha Rao,M. Gowda,"Demo residence 117, Bengaluru Urban, Karnataka",91-74797-30241,2012 Feb 02,2012 May 07,2022 Feb 14,2022 Sep 14,11,10:00-19:00,Second Saturday,false,Rent agreement,Aadhaar reference copy,Partnership deed,,,,
MDB-00390,CG-0118,Shops and Establishments,SHOPS-0118-1,Karnataka Fabricators Public Ltd,Public Ltd,EOTZF1118R,29FSXDJ1148V1Z8,Sowmya Reddy,records118@synthetic-setu.test,91-74838-30414,"Plot 128, Whitefield Industrial Layout, Whitefield 560066",Whitefield,Bengaluru Urban,Karnataka,560066,IT Services,,SHOP-10118,,,,,,Dormant,2025 Sep 27,Sowmya Reddy; Kiran Kumar,S. Reddy,"Demo residence 118, Bengaluru Urban, Karnataka",91-74838-30414,2013 Jan 27,2013 Apr 20,2024 Apr 04,2024 Mar 19,19,09:00-18:00,Sunday,true,Consent letter,Partnership deed,Factory licence application,,,,
MDB-00391,CG-0118,Factories,FACTORIES-0118-2,M/s Karnataka Fabricators Public Ltd,Public Ltd,EOTZF1118R,29EOTZF1118R1Z8,Prakash Hegde,records118@synthetic-setu.test,91-74838-30414,"No 128, Whitefield Industrial Layout, Whitefield 560066",Whitefield,Bengaluru Urban,Karnataka,560066,IT Services,FAC-10118,,,,,,,Closed,2025 Feb 26,Prakash Hegde; Kiran Kumar,P. Hegde,"Demo residence 118, Bengaluru Urban, Karnataka",91-74838-30414,2013 Feb 07,2013 May 12,2022 Feb 15,2022 Sep 21,20,09:30-18:30,Monday,false,,,,Lease deed,PLAN-10118,STAB-10118,
MDB-00392,CG-0118,Labour,LABOUR-0118-3,Karnataka Fabricators Public Ltd,Public Ltd,EOTZF1118R,29EOTZF1118R1Z8,Naveen Shetty,records118@synthetic-setu.test,91-74838-30414,"Plot 128, Whitefield Industrial Layout, Whitefield 560066",Whitefield,Bengaluru Urban,Karnataka,560066,IT Services,,,LAB-10118,,,,,Active,2026 Apr 10,Naveen Shetty; Kiran Kumar,N. Shetty,"Demo residence 118, Bengaluru Urban, Karnataka",91-74838-30414,2013 Feb 19,2013 Jun 05,2026 Jan 28,2025 Dec 03,21,10:00-19:00,Second Saturday,true,Lease deed,PAN card copy,Incorporation certificate,,,,
MDB-00393,CG-0119,Shops and Establishments,SHOPS-0119-1,Sampige Packaging Enterprises,Other,EPUAG1119S,29EPUAG1119S1Z0,Raghavendra Murthy,records119@synthetic-setu.test,91-74879-30587,"Plot 129, Marathahalli Outer Ring Rd, Marathahalli 560037",Marathahalli,Bengaluru Urban,Karnataka,560037,Electronics,,SHOP-10119,,,,,,Closed,2025 Feb 22,Raghavendra Murthy; Meera Gowda,R. Murthy,"Demo residence 119, Bengaluru Urban, Karnataka",91-74879-30587,2014 Feb 13,2014 May 18,2022 Feb 17,2022 Sep 29,29,,Sunday,false,,Director KYC extract,Shop registration extract,,,,
MDB-00394,CG-0119,Factories,FACTORIES-0119-2,M/s Sampige Packaging Enterprises,Other,,29EPUAG1119S1Z0,Divya Prasad,records119@synthetic-setu.test,91-74879-30587,"No 129, Marathahalli Outer Ring Road, Marathahalli 560037",Marathahalli,Bengaluru Urban,Karnataka,560037,Electronics,FAC-10119,,,,,,,Active,2026 Apr 05,Divya Prasad; Meera Gowda,D. Prasad,"Demo residence 119, Bengaluru Urban, Karnataka",91-74879-30587,2014 Feb 24,2014 Jun 09,2026 Jan 29,2025 Dec 10,30,,Monday,true,,Partnership deed,Factory licence application,Lease deed,PLAN-10119,STAB-10119,
MDB-00395,CG-0119,BESCOM,BESCOM-0119-3,Sampige Packaging Enterprises,Other,,,Mohammed Sameer,records119@synthetic-setu.test,91-74879-30587,"Plot 129, Marathahalli Outer Ring Road, Marathahalli 560037",Marathahalli,Bengaluru Urban,Karnataka,560037,Electronics,,,,,BESCOM-10119,,,Active,2026 Apr 08,Mohammed Sameer; Meera Gowda,M. Sameer,"Demo residence 119, Bengaluru Urban, Karnataka",91-74879-30587,2014 Apr 03,2014 Aug 24,2026 Mar 08,2026 Jan 17,31,,Second Saturday,true,,,Utility service connection record,,,,
MDB-00396,CG-0120,Shops and Establishments,SHOPS-0120-1,Deccan Textiles Proprietorship,Proprietorship,EQVBH1120T,29EQVBH1120T1Z0,Asha Rao,records120@synthetic-setu.test,91-74920-30760,"Plot 130, Peenya Indl Area, Peenya 560058",Peenya,Bengaluru Urban,Karnataka,560058,Manufacturing,,SHOP-10120,,,,,,Active,2026 Apr 01,Asha Rao; Farhan Ahmed,A. Rao,,91-74920-30760,2015 Mar 02,2015 Jun 15,2026 Jan 31,2025 Dec 18,39,09:00-18:00,Sunday,true,Lease deed,,,,,,
MDB-00397,CG-0120,Factories,FACTORIES-0120-2,M/s Deccan Textiles Proprietorship,Proprietorship,EQVBH1120T,29AHQXE8440A1Z0,Kiran Kumar,records120@synthetic-setu.test,91-74920-30760,"No 130, Peenya Industrial Area, Peenya 560058",Peenya,Bengaluru Urban,Karnataka,560058,Manufacturing,FAC-10120,,,,,,,Active,2026 Apr 12,Kiran Kumar; Farhan Ahmed,K. Kumar,,91-74920-30760,2015 Mar 13,2015 Jul 07,2026 Feb 11,2025 Dec 29,40,09:30-18:30,Monday,true,Property tax receipt,,,,,,
MDB-00398,CG-0120,Labour,LABOUR-0120-3,Deccan Textiles Proprietorship,Proprietorship,,,Meera Gowda,records120@synthetic-setu.test,91-74920-30760,"Plot 130, Peenya Industrial Area, Peenya 560058",Peenya,Bengaluru Urban,Karnataka,560058,Manufacturing,,,LAB-10120,,,,,Active,2026 Apr 24,Meera Gowda; Farhan Ahmed,M. Gowda,,91-74920-30760,2015 Mar 25,2015 Jul 31,2026 Feb 23,2026 Jan 10,41,10:00-19:00,Second Saturday,true,Rent agreement,,,,,,
MDB-00399,CG-0120,KSPCB,KSPCB-0120-4,DECCAN TEXTILES PROPRIETORSHIP,Proprietorship,,,Farhan Ahmed,records120@synthetic-setu.test,,"No 130, Peenya Industrial Area, Peenya 560058",Peenya,Bengaluru Urban,Karnataka,560058,Manufacturing,,,,KSPCB-10120,,,,Dormant,2025 Nov 17,Farhan Ahmed; Farhan Ahmed,F. Ahmed,,,2015 Apr 08,2015 Aug 28,2024 Jun 06,2023 Jul 08,42,Shift-based,Rotational,false,Utility bill,,,,,,
MDB-00400,AMB-001,BESCOM,BESCOM-9001,M/s Yelahanka Aero Components,Pvt Ltd,,,Utility Contact 001,records001@synthetic-setu.test,91-70041-10173,"Shed 1, Yelahanka Industrial Area, Yelahanka 560064",Yelahanka,Bengaluru Urban,Karnataka,560064,Auto Components,,,,,BESCOMU-10001,,,Active,2026 Apr 22,Prakash Hegde; Sowmya Reddy,P. Hegde,"Demo residence 1, Bengaluru Urban, Karnataka",91-70041-10173,2008 Mar 07,2008 Jun 20,2026 Mar 04,2025 Aug 08,170,09:30-18:30,Monday,true,,Aadhaar reference copy,Utility service connection record,,,,
MDB-00401,AMB-002,BWSSB,BWSSB-9002,Hemavathi Works Pvt Ltd,Pvt Ltd,,,Utility Contact 002,records002@synthetic-setu.test,91-70082-10346,"Shed 2, Marathahalli Outer Ring Road, Marathahalli 560037",Marathahalli,Bengaluru Urban,Karnataka,560037,Retail,,,,,,BWSSBU-10002,,Active,2026 Apr 06,Anita Nair; Prakash Hegde,A. Nair,"Demo residence 2, Bengaluru Urban, Karnataka",91-70082-10346,2009 Apr 06,2009 Aug 12,2026 Mar 29,2025 Sep 08,178,Shift-based,Rotational,true,Property tax receipt,Partnership deed,Utility service connection record,,,,
MDB-00402,AMB-003,BESCOM,BESCOM-9003,KARNATAKA FABRICATORS PUBLIC LTD,Public Ltd,,,Utility Contact 003,,91-70123-10519,"Shed 3, Whitefield Industrial Layout, Whitefield 560066",Whitefield,Bengaluru Urban,Karnataka,560066,IT Services,,,,,BESCOMU-10003,,,Dormant,2025 Nov 10,Divya Prasad; Naveen Shetty,D. Prasad,"Demo residence 3, Bengaluru Urban, Karnataka",91-70123-10519,2010 Apr 11,2010 Aug 16,2024 Mar 29,2023 Oct 15,186,09:30-18:30,Monday,false,Utility bill,PAN card copy,Utility service connection record,,,,
MDB-00403,AMB-004,BWSSB,BWSSB-9004,Chamundi Components Enterprises,Other,,,Utility Contact 004,records004@synthetic-setu.test,91-70164-10692,"Shed 4, Yelahanka Industrial Area, Yelahanka 560064",Yelahanka,Bengaluru Urban,Karnataka,560064,Pharma,,,,,,BWSSBU-10004,,Active,2026 Apr 20,Sunita Patil; Anita Nair,S. Patil,"Demo residence 4, Bengaluru Urban, Karnataka",91-70164-10692,2011 May 10,2011 Oct 07,2026 Apr 24,2025 Oct 16,,Shift-based,Rotational,true,,Director KYC extract,Utility service connection record,,,,
MDB-00404,AMB-005,BESCOM,BESCOM-9005,Mysore Electronics Proprietorship,Proprietorship,,,Utility Contact 005,records005@synthetic-setu.test,91-70205-10865,"Shed 5, Bannerghatta Road, Bannerghatta Road 560076",Bannerghatta Road,Bengaluru Urban,Karnataka,560076,Manufacturing,,,,,BESCOMU-10005,,,Active,2026 Apr 15,Kiran Kumar; Raghavendra Murthy,K. Kumar,"Demo residence 5, Bengaluru Urban, Karnataka",91-70205-10865,2012 May 14,2012 Oct 10,2026 Apr 25,2025 Oct 23,202,09:30-18:30,Monday,true,Property tax receipt,,Utility service connection record,,,,
MDB-00405,AMB-006,BWSSB,BWSSB-9006,M/s Udaya Chemicals Partnership,Partnership,,,Utility Contact 006,,91-70246-11038,"Shed 6, Electronic City Phase 2, Electronic City 560100",Electronic City,Bengaluru Urban,Karnataka,560100,Precision Tools,,,,,,BWSSBU-10006,,Dormant,2025 Sep 04,Farhan Ahmed; Divya Prasad,F. Ahmed,"Demo residence 6, Bengaluru Urban, Karnataka",91-70246-11038,2013 Jun 13,2013 Dec 02,2024 May 19,2023 Dec 23,210,Shift-based,Rotational,false,Utility bill,,Utility service connection record,,,,
MDB-00406,AMB-007,BESCOM,BESCOM-9007,Vijaya Retail LLP,LLP,,,Utility Contact 007,records007@synthetic-setu.test,91-70287-11211,"Shed 7, Bommanahalli Industrial Area, Bommanahalli 560068",Bommanahalli,Bengaluru Urban,Karnataka,560068,Auto Components,,,,,BESCOMU-10007,,,Active,2026 Apr 29,Prakash Hegde; Mohammed Sameer,P. Hegde,"Demo residence 7, Bengaluru Urban, Karnataka",91-70287-11211,2014 Jun 18,2014 Dec 06,2026 May 21,2025 Nov 30,218,09:30-18:30,Monday,true,,Partnership deed,Utility service connection record,,,,
MDB-00407,AMB-008,BWSSB,BWSSB-9008,SAHYADRI DEVICES PVT LTD,Pvt Ltd,,,Utility Contact 008,records008@synthetic-setu.test,,"Shed 8, MG Road, Bengaluru Central 560001",Bengaluru Central,Bengaluru Urban,Karnataka,560001,Food Processing,,,,,,BWSSBU-10008,,Active,2026 Apr 13,Anita Nair; Sunita Patil,A. Nair,"Demo residence 8, Bengaluru Urban, Karnataka",,2015 Jul 17,2016 Jan 27,2026 Jun 15,2025 Dec 31,,Shift-based,Rotational,true,Property tax receipt,PAN card copy,Utility service connection record,,,,
MDB-00408,AMB-009,BESCOM,BESCOM-9009,Kaveri Tools Public Ltd,Public Ltd,,,Utility Contact 009,,91-70369-11557,"Shed 9, Peenya Industrial Area, Peenya 560058",Peenya,Bengaluru Urban,Karnataka,560058,Textiles,,,,,BESCOMU-10009,,,Dormant,2025 Sep 13,Divya Prasad; Asha Rao,D. Prasad,"Demo residence 9, Bengaluru Urban, Karnataka",91-70369-11557,2016 Jul 21,2017 Jan 30,2024 Jun 15,2024 Feb 06,234,09:30-18:30,Monday,false,Utility bill,Director KYC extract,Utility service connection record,,,,
MDB-00409,AMB-010,BWSSB,BWSSB-9010,Sampige Packaging Enterprises,Other,,,Utility Contact 010,records010@synthetic-setu.test,91-70410-11730,"Shed 10, Marathahalli Outer Ring Road, Marathahalli 560037",Marathahalli,Bengaluru Urban,Karnataka,560037,Electronics,,,,,,BWSSBU-10010,,Active,2026 Apr 27,Sunita Patil; Kiran Kumar,S. Patil,,91-70410-11730,2017 Aug 20,2018 Mar 24,2026 Jan 22,2026 Feb 07,242,Shift-based,Rotational,true,,,Utility service connection record,,,,
MDB-00410,AMB-011,BESCOM,BESCOM-9011,M/s Rajatha Pharma Proprietorship,Proprietorship,,,Utility Contact 011,records011@synthetic-setu.test,91-70451-11903,"Shed 11, Whitefield Industrial Layout, Whitefield 560066",Whitefield,Bengaluru Urban,Karnataka,560066,Packaging,,,,,BESCOMU-10011,,,Active,2026 Apr 22,Kiran Kumar; Meera Gowda,K. Kumar,"Demo residence 11, Bengaluru Urban, Karnataka",91-70451-11903,2018 Aug 25,2019 Mar 28,2026 Jan 23,2026 Feb 14,10,09:30-18:30,Monday,true,Property tax receipt,Aadhaar reference copy,Utility service connection record,,,,
MDB-00411,AMB-012,BWSSB,BWSSB-9012,Bengaluru Systems Partnership,Partnership,,,Utility Contact 012,,91-70492-12076,"Shed 12, Yelahanka Industrial Area, Yelahanka 560064",Yelahanka,Bengaluru Urban,Karnataka,560064,Chemicals,,,,,,BWSSBU-10012,,Dormant,2025 Oct 16,Farhan Ahmed; Farhan Ahmed,F. Ahmed,"Demo residence 12, Bengaluru Urban, Karnataka",91-70492-12076,2019 Sep 23,2019 Nov 20,2024 Aug 05,2024 Apr 15,,Shift-based,Rotational,false,Utility bill,,Utility service connection record,,,,
MDB-00412,AMB-013,BESCOM,BESCOM-9013,BASAVA INDUSTRIES LLP,LLP,,,Utility Contact 013,records013@synthetic-setu.test,91-70533-12249,"Shed 13, Bannerghatta Road, Bannerghatta Road 560076",Bannerghatta Road,Bengaluru Urban,Karnataka,560076,Logistics,,,,,BESCOMU-10013,,,Active,2026 Apr 01,Prakash Hegde; Sowmya Reddy,P. Hegde,"Demo residence 13, Bengaluru Urban, Karnataka",91-70533-12249,2020 Sep 27,2020 Nov 23,2026 Feb 18,2025 Jul 07,26,09:30-18:30,Monday,true,,PAN card copy,Utility service connection record,,,,
MDB-00413,AMB-014,BWSSB,BWSSB-9014,Hoysala Exports Pvt Ltd,Pvt Ltd,,,Utility Contact 014,records014@synthetic-setu.test,91-70574-12422,"Shed 14, Electronic City Phase 2, Electronic City 560100",Electronic City,Bengaluru Urban,Karnataka,560100,Retail,,,,,,BWSSBU-10014,,Active,2026 Apr 20,Anita Nair; Prakash Hegde,A. Nair,"Demo residence 14, Bengaluru Urban, Karnataka",91-70574-12422,2007 Oct 27,2008 Jan 15,2026 Mar 15,2025 Aug 07,34,Shift-based,Rotational,true,,Director KYC extract,Utility service connection record,,,,
MDB-00414,AMB-015,BESCOM,BESCOM-9015,Namma Foods Public Ltd,Public Ltd,,,Utility Contact 015,,91-70615-12595,"Shed 15, Bommanahalli Industrial Area, Bommanahalli 560068",Bommanahalli,Bengaluru Urban,Karnataka,560068,IT Services,,,,,BESCOMU-10015,,,Dormant,2025 Oct 25,Divya Prasad; Naveen Shetty,D. Prasad,"Demo residence 15, Bengaluru Urban, Karnataka",91-70615-12595,2008 Oct 31,2009 Jan 18,2024 Jan 05,2023 Jul 05,42,09:30-18:30,Monday,false,Utility bill,,Utility service connection record,,,,
MDB-00415,AMB-016,BWSSB,BWSSB-9016,M/s Malnad Logistics Enterprises,Other,,,Utility Contact 016,records016@synthetic-setu.test,,"Shed 16, MG Road, Bengaluru Central 560001",Bengaluru Central,Bengaluru Urban,Karnataka,560001,Pharma,,,,,,BWSSBU-10016,,Active,2026 May 04,Sunita Patil; Anita Nair,S. Patil,"Demo residence 16, Bengaluru Urban, Karnataka",,2009 Jan 04,2009 Apr 16,2026 Apr 10,2025 Sep 14,,Shift-based,Rotational,true,,Aadhaar reference copy,Utility service connection record,,,,
MDB-00416,AMB-017,BESCOM,BESCOM-9017,Deccan Textiles Proprietorship,Proprietorship,,,Utility Contact 017,records017@synthetic-setu.test,91-70697-12941,"Shed 17, Peenya Industrial Area, Peenya 560058",Peenya,Bengaluru Urban,Karnataka,560058,Manufacturing,,,,,BESCOMU-10017,,,Active,2026 Apr 29,Kiran Kumar; Raghavendra Murthy,K. Kumar,"Demo residence 17, Bengaluru Urban, Karnataka",91-70697-12941,2010 Jan 09,2010 Apr 20,2026 Apr 11,2025 Sep 21,58,,Monday,true,Property tax receipt,Partnership deed,Utility service connection record,,,,
MDB-00417,AMB-018,BWSSB,BWSSB-9018,MARATHAHALLI ELECTRONICS,Pvt Ltd,,,Utility Contact 018,,91-70738-13114,"Shed 18, Marathahalli Outer Ring Road, Marathahalli 560037",Marathahalli,Bengaluru Urban,Karnataka,560037,Electronics,,,,,,BWSSBU-10018,,Dormant,2025 Nov 27,Farhan Ahmed; Divya Prasad,F. Ahmed,"Demo residence 18, Bengaluru Urban, Karnataka",91-70738-13114,2011 Feb 07,2011 Jun 11,2024 Feb 25,2023 Sep 12,66,Shift-based,Rotational,false,Utility bill,,Utility service connection record,,,,
MDB-00418,AMB-019,BESCOM,BESCOM-9019,Rajatha Pharma LLP,LLP,,,Utility Contact 019,records019@synthetic-setu.test,91-70779-13287,"Shed 19, Whitefield Industrial Layout, Whitefield 560066",Whitefield,Bengaluru Urban,Karnataka,560066,Auto Components,,,,,BESCOMU-10019,,,Active,2026 Apr 08,Prakash Hegde; Mohammed Sameer,P. Hegde,"Demo residence 19, Bengaluru Urban, Karnataka",91-70779-13287,2012 Feb 12,2012 Jun 14,2026 May 07,2025 Oct 29,74,09:30-18:30,Monday,true,,Director KYC extract,Utility service connection record,,,,
MDB-00419,AMB-020,BWSSB,BWSSB-9020,Bengaluru Systems Pvt Ltd,Pvt Ltd,,,Utility Contact 020,records020@synthetic-setu.test,91-70820-13460,"Shed 20, Yelahanka Industrial Area, Yelahanka 560064",Yelahanka,Bengaluru Urban,Karnataka,560064,Food Processing,,,,,,BWSSBU-10020,,Active,2026 Apr 27,Anita Nair; Sunita Patil,A. Nair,,91-70820-13460,2013 Mar 13,2013 Aug 06,2026 Jun 01,2025 Nov 29,,Shift-based,Rotational,true,Property tax receipt,,Utility service connection record,,,,
MDB-00420,AMB-021,BESCOM,BESCOM-9021,M/s Basava Industries Public Ltd,Public Ltd,,,Utility Contact 021,,91-70861-13633,"Shed 21, Bannerghatta Road, Bannerghatta Road 560076",Bannerghatta Road,Bengaluru Urban,Karnataka,560076,Textiles,,,,,BESCOMU-10021,,,Dormant,2025 Dec 06,Divya Prasad; Asha Rao,D. Prasad,"Demo residence 21, Bengaluru Urban, Karnataka",91-70861-13633,2014 Mar 18,2014 Aug 10,2024 Mar 23,2023 Oct 27,90,09:30-18:30,Monday,false,,Aadhaar reference copy,Utility service connection record,,,,
MDB-00421,AMB-022,BWSSB,BWSSB-9022,Hoysala Exports Enterprises,Other,,,Utility Contact 022,records022@synthetic-setu.test,91-70902-13806,"Shed 22, Electronic City Phase 2, Electronic City 560100",Electronic City,Bengaluru Urban,Karnataka,560100,Electronics,,,,,,BWSSBU-10022,,Active,2026 Apr 06,Sunita Patil; Kiran Kumar,S. Patil,"Demo residence 22, Bengaluru Urban, Karnataka",91-70902-13806,2015 Apr 16,2015 Oct 01,2026 Jan 08,2026 Jan 06,98,Shift-based,Rotational,true,,Partnership deed,Utility service connection record,,,,
MDB-00422,AMB-023,BESCOM,BESCOM-9023,NAMMA FOODS PROPRIETORSHIP,Proprietorship,,,Utility Contact 023,records023@synthetic-setu.test,91-70943-13979,"Shed 23, Bommanahalli Industrial Area, Bommanahalli 560068",Bommanahalli,Bengaluru Urban,Karnataka,560068,Packaging,,,,,BESCOMU-10023,,,Active,2026 Apr 01,Kiran Kumar; Meera Gowda,K. Kumar,"Demo residence 23, Bengaluru Urban, Karnataka",91-70943-13979,2016 Apr 20,2016 Oct 04,2026 Jan 09,2026 Jan 13,106,09:30-18:30,Monday,true,Property tax receipt,PAN card copy,Utility service connection record,,,,
MDB-00423,AMB-024,BWSSB,BWSSB-9024,Malnad Logistics Partnership,Partnership,,,Utility Contact 024,,,"Shed 24, MG Road, Bengaluru Central 560001",Bengaluru Central,Bengaluru Urban,Karnataka,560001,Chemicals,,,,,,BWSSBU-10024,,Dormant,2025 Sep 30,Farhan Ahmed; Farhan Ahmed,F. Ahmed,"Demo residence 24, Bengaluru Urban, Karnataka",,2017 May 20,2017 Nov 26,2024 May 13,2024 Jan 04,,Shift-based,Rotational,false,Utility bill,,Utility service connection record,,,,
MDB-00424,AMB-025,BESCOM,BESCOM-9025,Deccan Textiles LLP,LLP,,,Utility Contact 025,records025@synthetic-setu.test,91-71025-14325,"Shed 25, Peenya Industrial Area, Peenya 560058",Peenya,Bengaluru Urban,Karnataka,560058,Logistics,,,,,BESCOMU-10025,,,Active,2026 Apr 15,Prakash Hegde; Sowmya Reddy,P. Hegde,"Demo residence 25, Bengaluru Urban, Karnataka",91-71025-14325,2018 May 25,2018 Nov 30,2026 Feb 04,2025 Jun 05,122,09:30-18:30,Monday,true,,,Utility service connection record,,,,
MDB-00425,AMB-026,BWSSB,BWSSB-9026,M/s Hemavathi Works Pvt Ltd,Pvt Ltd,,,Utility Contact 026,records026@synthetic-setu.test,91-71066-14498,"Shed 26, Marathahalli Outer Ring Road, Marathahalli 560037",Marathahalli,Bengaluru Urban,Karnataka,560037,Retail,,,,,,BWSSBU-10026,,Active,2026 May 04,Anita Nair; Prakash Hegde,A. Nair,"Demo residence 26, Bengaluru Urban, Karnataka",91-71066-14498,2019 Jun 23,2020 Jan 21,2026 Mar 01,2025 Jul 06,130,Shift-based,Rotational,true,Property tax receipt,Aadhaar reference copy,Utility service connection record,,,,
MDB-00426,AMB-027,BESCOM,BESCOM-9027,Karnataka Fabricators Public Ltd,Public Ltd,,,Utility Contact 027,,91-71107-14671,"Shed 27, Whitefield Industrial Layout, Whitefield 560066",Whitefield,Bengaluru Urban,Karnataka,560066,IT Services,,,,,BESCOMU-10027,,,Dormant,2025 Oct 09,Divya Prasad; Naveen Shetty,D. Prasad,"Demo residence 27, Bengaluru Urban, Karnataka",91-71107-14671,2020 Jun 27,2021 Jan 24,2024 Jun 09,2024 Feb 18,138,09:30-18:30,Monday,false,Utility bill,Partnership deed,Utility service connection record,,,,
MDB-00427,AMB-028,BWSSB,BWSSB-9028,CHAMUNDI COMPONENTS ENTERPRISES,Other,,,Utility Contact 028,records028@synthetic-setu.test,91-71148-14844,"Shed 28, Yelahanka Industrial Area, Yelahanka 560064",Yelahanka,Bengaluru Urban,Karnataka,560064,Pharma,,,,,,BWSSBU-10028,,Active,2026 Apr 13,Sunita Patil; Anita Nair,S. Patil,"Demo residence 28, Bengaluru Urban, Karnataka",91-71148-14844,2007 Jul 27,2007 Sep 19,2026 Mar 27,2025 Aug 13,,Shift-based,Rotational,true,,PAN card copy,Utility service connection record,,,,
MDB-00428,AMB-029,BESCOM,BESCOM-9029,Mysore Electronics Proprietorship,Proprietorship,,,Utility Contact 029,records029@synthetic-setu.test,91-71189-15017,"Shed 29, Bannerghatta Road, Bannerghatta Road 560076",Bannerghatta Road,Bengaluru Urban,Karnataka,560076,Manufacturing,,,,,BESCOMU-10029,,,Active,2026 Apr 08,Kiran Kumar; Raghavendra Murthy,K. Kumar,"Demo residence 29, Bengaluru Urban, Karnataka",91-71189-15017,2008 Jul 31,2008 Sep 22,2026 Mar 28,2025 Aug 20,154,09:30-18:30,Monday,true,Property tax receipt,Director KYC extract,Utility service connection record,,,,
MDB-00429,AMB-030,BWSSB,BWSSB-9030,Udaya Chemicals Partnership,Partnership,,,Utility Contact 030,,91-71230-15190,"Shed 30, Electronic City Phase 2, Electronic City 560100",Electronic City,Bengaluru Urban,Karnataka,560100,Precision Tools,,,,,,BWSSBU-10030,,Dormant,2025 Nov 11,Farhan Ahmed; Divya Prasad,F. Ahmed,,91-71230-15190,2009 Aug 30,2009 Nov 14,2024 Jul 30,2024 Apr 27,162,Shift-based,Rotational,false,Utility bill,,Utility service connection record,,,,
MDB-00430,AMB-031,BESCOM,BESCOM-9031,M/s Vijaya Retail LLP,LLP,,,Utility Contact 031,records031@synthetic-setu.test,91-71271-15363,"Shed 31, Bommanahalli Industrial Area, Bommanahalli 560068",Bommanahalli,Bengaluru Urban,Karnataka,560068,Auto Components,,,,,BESCOMU-10031,,,Active,2026 Apr 22,Prakash Hegde; Mohammed Sameer,P. Hegde,"Demo residence 31, Bengaluru Urban, Karnataka",91-71271-15363,2010 Sep 04,2010 Nov 18,2026 Apr 23,2025 Sep 27,170,09:30-18:30,Monday,true,,Aadhaar reference copy,Utility service connection record,,,,
MDB-00431,AMB-032,BWSSB,BWSSB-9032,Sahyadri Devices Pvt Ltd,Pvt Ltd,,,Utility Contact 032,records032@synthetic-setu.test,,"Shed 32, MG Road, Bengaluru Central 560001",Bengaluru Central,Bengaluru Urban,Karnataka,560001,Food Processing,,,,,,BWSSBU-10032,,Active,2026 Apr 06,Anita Nair; Sunita Patil,A. Nair,"Demo residence 32, Bengaluru Urban, Karnataka",,2011 Oct 03,2012 Jan 09,2026 May 18,2025 Oct 28,,Shift-based,Rotational,true,Property tax receipt,Partnership deed,Utility service connection record,,,,
MDB-00432,AMB-033,BESCOM,BESCOM-9033,KAVERI TOOLS PUBLIC LTD,Public Ltd,,,Utility Contact 033,,91-71353-15709,"Shed 33, Peenya Industrial Area, Peenya 560058",Peenya,Bengaluru Urban,Karnataka,560058,Textiles,,,,,BESCOMU-10033,,,Dormant,2025 Nov 20,Divya Prasad; Asha Rao,D. Prasad,"Demo residence 33, Bengaluru Urban, Karnataka",91-71353-15709,2012 Oct 07,2013 Jan 12,2024 Aug 26,2023 Jul 17,186,09:30-18:30,Monday,false,Utility bill,PAN card copy,Utility service connection record,,,,
MDB-00433,AMB-034,BWSSB,BWSSB-9034,Sampige Packaging Enterprises,Other,,,Utility Contact 034,records034@synthetic-setu.test,91-71394-15882,"Shed 34, Marathahalli Outer Ring Road, Marathahalli 560037",Marathahalli,Bengaluru Urban,Karnataka,560037,Electronics,,,,,,BWSSBU-10034,,Active,2026 Apr 20,Sunita Patil; Kiran Kumar,S. Patil,"Demo residence 34, Bengaluru Urban, Karnataka",91-71394-15882,2013 Nov 06,2014 Mar 06,2026 Jun 13,2025 Dec 05,194,,Rotational,true,,Director KYC extract,Utility service connection record,,,,
MDB-00434,AMB-035,BESCOM,BESCOM-9035,Bannerghatta Bio Foods,Proprietorship,,,Utility Contact 035,records035@synthetic-setu.test,91-71435-16055,"Shed 35, Bannerghatta Road, Bannerghatta Road 560076",Bannerghatta Road,Bengaluru Urban,Karnataka,560076,Food Processing,,,,,BESCOMU-10035,,,Active,2026 Apr 15,Kiran Kumar; Meera Gowda,K. Kumar,"Demo residence 35, Bengaluru Urban, Karnataka",91-71435-16055,2014 Nov 11,2015 Mar 10,2026 Jun 14,2025 Dec 12,202,09:30-18:30,Monday,true,,,Utility service connection record,,,,
MDB-00435,AMB-036,BWSSB,BWSSB-9036,M/s Chamundi Components Partnership,Partnership,,,Utility Contact 036,,91-71476-16228,"Shed 36, Yelahanka Industrial Area, Yelahanka 560064",Yelahanka,Bengaluru Urban,Karnataka,560064,Chemicals,,,,,,BWSSBU-10036,,Dormant,2025 Sep 14,Farhan Ahmed; Farhan Ahmed,F. Ahmed,"Demo residence 36, Bengaluru Urban, Karnataka",91-71476-16228,2015 Jan 14,2015 Jun 05,2024 Feb 19,2023 Sep 24,,Shift-based,Rotational,false,Utility bill,,Utility service connection record,,,,
MDB-00436,CG-0001,Local Body / Trade Licence,TRADE-0001-1,Sri Lakshmi Engg,Pvt Ltd,ABGMS1001E,29ABGMS1001E1Z1,Prakash Hegde,records001@synthetic-setu.test,91-70041-10173,"Plot 11, Peenya Indl Area, Peenya 560058",Peenya,Bengaluru Urban,Karnataka,560058,Manufacturing,,,,,,,SHARED-LIC-0001,Active,2026 Apr 11,Prakash Hegde; Sowmya Reddy,P. Hegde,"Demo residence 1, Bengaluru Urban, Karnataka",91-70041-10173,2008 Mar 31,2008 Aug 07,2026 Mar 28,2025 Sep 01,206,09:30-18:30,Monday,true,,Director KYC extract,Shop registration extract,,,,
MDB-00437,CG-0002,Local Body / Trade Licence,TRADE-0002-1,Bharat Components,Partnership,ACHNT1002F,,Anita Nair,records002@synthetic-setu.test,91-70082-10346,"Plot 12, Peenya Indl Area, Peenya 560058",Peenya,Bengaluru Urban,Karnataka,560058,Auto Components,,,,,,,SHARED-LIC-0002,Active,2026 Apr 18,Anita Nair; Prakash Hegde,A. Nair,"Demo residence 2, Bengaluru Urban, Karnataka",91-70082-10346,2009 Apr 18,2009 Sep 05,2026 Apr 10,2025 Sep 20,214,Shift-based,Rotational,true,Property tax receipt,,,,,,
MDB-00438,CG-0003,Local Body / Trade Licence,TRADE-0003-1,Nandi Precision Tools,LLP,ADIOU1003G,29ADIOU1003G1Z3,Divya Prasad,records003@synthetic-setu.test,91-70123-10519,"Plot 13, Electronic City Phase 2, Electronic City 560100",Electronic City,Bengaluru Urban,Karnataka,560100,Precision Tools,,,,,,,SHARED-LIC-0003,Active,2026 Apr 25,Divya Prasad; Naveen Shetty,D. Prasad,"Demo residence 3, Bengaluru Urban, Karnataka",91-70123-10519,2010 May 05,2010 Oct 03,2026 Apr 23,2025 Oct 09,222,09:30-18:30,Monday,true,Utility bill,Aadhaar reference copy,Partnership deed,,,,
MDB-00439,CG-0004,Local Body / Trade Licence,TRADE-0004-1,Cauvery Foods,Pvt Ltd,AEJPV1004H,,Sunita Patil,records004@synthetic-setu.test,91-70164-10692,"Plot 14, MG Rd, Bengaluru Central 560001",Bengaluru Central,Bengaluru Urban,Karnataka,560001,Food Processing,,,,,,,SHARED-LIC-0004,Active,2026 May 02,Sunita Patil; Anita Nair,S. Patil,"Demo residence 4, Bengaluru Urban, Karnataka",91-70164-10692,2011 May 22,2011 Oct 31,2026 May 06,2025 Oct 28,230,Shift-based,Rotational,true,,Partnership deed,Factory licence application,,,,
MDB-00440,CG-0005,Local Body / Trade Licence,TRADE-0005-1,Whitefield Auto Systems,Pvt Ltd,AFKQW1005I,29AFKQW1005I1Z5,Kiran Kumar,records005@synthetic-setu.test,91-70205-10865,"Plot 15, Whitefield Industrial Layout, Whitefield 560066",Whitefield,Bengaluru Urban,Karnataka,560066,Auto Components,,,,,,,SHARED-LIC-0005,Active,2026 Apr 04,Kiran Kumar; Raghavendra Murthy,K. Kumar,"Demo residence 5, Bengaluru Urban, Karnataka",91-70205-10865,2012 Jun 07,2012 Nov 27,2026 May 19,2025 Nov 16,238,09:30-18:30,Monday,true,Property tax receipt,PAN card copy,Incorporation certificate,,,,
MDB-00441,CG-0006,Local Body / Trade Licence,TRADE-0006-1,Bannerghatta Bio Foods,Proprietorship,AGLRX1006J,,Farhan Ahmed,records006@synthetic-setu.test,91-70246-11038,"Plot 16, Bannerghatta Rd, Bannerghatta Rd 560076",Bannerghatta Road,Bengaluru Urban,Karnataka,560076,Food Processing,,,,,,,SHARED-LIC-0006,Active,2026 Apr 11,Farhan Ahmed; Divya Prasad,F. Ahmed,"Demo residence 6, Bengaluru Urban, Karnataka",91-70246-11038,2013 Jun 25,2013 Dec 26,2026 Jun 01,2025 Dec 05,6,Shift-based,Rotational,true,Utility bill,,Shop registration extract,,,,
MDB-00442,CG-0007,Local Body / Trade Licence,TRADE-0007-1,Marathahalli Electronics,Pvt Ltd,AHMSY1007K,29AHMSY1007K1Z7,Prakash Hegde,records007@synthetic-setu.test,91-70287-11211,"Plot 17, Marathahalli Outer Ring Rd, Marathahalli 560037",Marathahalli,Bengaluru Urban,Karnataka,560037,Electronics,,,,,,,SHARED-LIC-0007,Active,2026 Apr 18,Prakash Hegde; Mohammed Sameer,P. Hegde,"Demo residence 7, Bengaluru Urban, Karnataka",91-70287-11211,2014 Jul 12,2015 Jan 23,2026 Jun 14,2025 Dec 24,14,09:30-18:30,Monday,true,,,,,,,
MDB-00443,CG-0008,Local Body / Trade Licence,TRADE-0008-1,Yelahanka Aero Components,Pvt Ltd,AINTZ1008L,,Anita Nair,records008@synthetic-setu.test,91-70328-11384,"Plot 18, Yelahanka Indl Area, Yelahanka 560064",Yelahanka,Bengaluru Urban,Karnataka,560064,Auto Components,,,,,,,SHARED-LIC-0008,Active,2026 Apr 25,Anita Nair; Sunita Patil,A. Nair,"Demo residence 8, Bengaluru Urban, Karnataka",91-70328-11384,2015 Jul 29,2016 Feb 20,2026 Jan 08,2026 Jan 12,22,Shift-based,Rotational,true,Property tax receipt,Aadhaar reference copy,,,,,
MDB-00444,CG-0009,Local Body / Trade Licence,TRADE-0009-1,Sahyadri Devices Pvt Ltd,Pvt Ltd,,29AJOUA1009M1Z9,Divya Prasad,,91-70369-11557,"Plot 19, MG Rd, Bengaluru Central 560001",Bengaluru Central,Bengaluru Urban,Karnataka,560001,Food Processing,,,,,,,SHARED-LIC-0009,Active,2026 May 02,Divya Prasad; Asha Rao,D. Prasad,"Demo residence 9, Bengaluru Urban, Karnataka",91-70369-11557,2016 Aug 14,2017 Mar 19,2026 Jan 21,2026 Jan 31,30,09:30-18:30,Monday,true,Utility bill,Partnership deed,Factory licence application,,,,
MDB-00445,CG-0010,Local Body / Trade Licence,TRADE-0010-1,Namma Foods Public Ltd,Public Ltd,AKPVB1010N,,Sunita Patil,records010@synthetic-setu.test,91-70410-11730,"Plot 20, Bommanahalli Indl Area, Bommanahalli 560068",Bommanahalli,Bengaluru Urban,Karnataka,560068,IT Services,,,,,,,SHARED-LIC-0010,Active,2026 Apr 04,Sunita Patil; Kiran Kumar,S. Patil,,91-70410-11730,2017 Sep 01,2017 Oct 19,2026 Feb 03,2025 Jun 04,38,Shift-based,Rotational,true,,PAN card copy,Incorporation certificate,,,,
MDB-00446,CG-0011,Local Body / Trade Licence,TRADE-0011-1,Udaya Chemicals Enterprises,Other,ALQWC1011O,29ALQWC1011O1Z1,Kiran Kumar,records011@synthetic-setu.test,91-70451-11903,"Plot 21, Electronic City Phase 2, Electronic City 560100",Electronic City,Bengaluru Urban,Karnataka,560100,Electronics,,,,,,,SHARED-LIC-0011,Active,2026 Apr 11,Kiran Kumar; Meera Gowda,K. Kumar,"Demo residence 11, Bengaluru Urban, Karnataka",91-70451-11903,2018 Sep 18,2018 Nov 16,2026 Feb 16,2025 Jun 23,46,09:30-18:30,Monday,true,Property tax receipt,Director KYC extract,Shop registration extract,,,,
MDB-00447,CG-0012,Local Body / Trade Licence,TRADE-0012-1,Basava Industries Proprietorship,Proprietorship,AMRXD1012P,,Farhan Ahmed,records012@synthetic-setu.test,91-70492-12076,"Plot 22, Bannerghatta Rd, Bannerghatta Rd 560076",Bannerghatta Road,Bengaluru Urban,Karnataka,560076,Manufacturing,,,,,,,SHARED-LIC-0012,Active,2026 Apr 18,Farhan Ahmed; Farhan Ahmed,F. Ahmed,"Demo residence 12, Bengaluru Urban, Karnataka",91-70492-12076,2019 Oct 05,2019 Dec 14,2026 Mar 01,2025 Jul 12,54,Shift-based,Rotational,true,Utility bill,,,,,,
